Event ID,Event Type,Begin Time,Peak Time,End Time,Date,Year,Month,Month Name,Hour,Class Code,Flare Class,Flare Magnitude,Solar Latitude,Solar Longitude,Active Region,Kp Index,Instruments,Degrees From Centre,Hemisphere,Disk Position,Duration Minutes
2023-07-11T14:19:00-FLR-001,Solar Flare,2023-07-11 14:19:00,2023-07-11 14:35:00,2023-07-11 14:45:00,2023-07-11,2023,7,Jul,14,M2.0,M,2.0,25.0,-90.0,13379.0,,GOES-P: EXIS 1.0-8.0,90.0,Northern,Near limb (>60°),26.0
2023-07-11T16:02:00-FLR-001,Solar Flare,2023-07-11 16:02:00,2023-07-11 16:12:00,2023-07-11 16:25:00,2023-07-11,2023,7,Jul,16,M1.1,M,1.1,25.0,-89.0,13372.0,,GOES-P: EXIS 1.0-8.0,89.0,Northern,Near limb (>60°),23.0
2023-07-11T16:25:00-FLR-001,Solar Flare,2023-07-11 16:25:00,2023-07-11 16:27:00,2023-07-11 16:30:00,2023-07-11,2023,7,Jul,16,M1.0,M,1.0,25.0,-89.0,13372.0,,GOES-P: EXIS 1.0-8.0,89.0,Northern,Near limb (>60°),5.0
2023-07-11T17:51:00-FLR-001,Solar Flare,2023-07-11 17:51:00,2023-07-11 18:08:00,2023-07-11 18:16:00,2023-07-11,2023,7,Jul,17,M6.8,M,6.8,25.0,-88.0,13372.0,,GOES-P: EXIS 1.0-8.0,88.0,Northern,Near limb (>60°),25.0
2023-07-11T19:20:00-FLR-001,Solar Flare,2023-07-11 19:20:00,2023-07-11 19:29:00,2023-07-11 19:39:00,2023-07-11,2023,7,Jul,19,M1.0,M,1.0,25.0,-88.0,13372.0,,GOES-P: EXIS 1.0-8.0,88.0,Northern,Near limb (>60°),19.0
2023-07-11T22:04:00-FLR-001,Solar Flare,2023-07-11 22:04:00,2023-07-11 22:15:00,2023-07-11 22:24:00,2023-07-11,2023,7,Jul,22,M5.8,M,5.8,26.0,-88.0,13372.0,,GOES-P: EXIS 1.0-8.0,88.0,Northern,Near limb (>60°),20.0
2023-07-11T23:34:00-FLR-001,Solar Flare,2023-07-11 23:34:00,2023-07-11 23:37:00,2023-07-11 23:45:00,2023-07-11,2023,7,Jul,23,M1.2,M,1.2,-19.0,59.0,13368.0,,GOES-P: EXIS 1.0-8.0,59.0,Southern,Mid disk (30-60°),11.0
2023-07-12T00:21:00-FLR-001,Solar Flare,2023-07-12 00:21:00,2023-07-12 00:31:00,2023-07-12 00:40:00,2023-07-12,2023,7,Jul,0,M1.4,M,1.4,-11.0,67.0,13366.0,,GOES-P: EXIS 1.0-8.0,67.0,Southern,Near limb (>60°),19.0
2023-07-12T04:31:00-FLR-001,Solar Flare,2023-07-12 04:31:00,2023-07-12 04:45:00,2023-07-12 04:58:00,2023-07-12,2023,7,Jul,4,M1.3,M,1.3,25.0,-88.0,13372.0,,GOES-P: EXIS 1.0-8.0,88.0,Northern,Near limb (>60°),27.0
2023-07-12T05:10:00-FLR-001,Solar Flare,2023-07-12 05:10:00,2023-07-12 05:14:00,2023-07-12 05:23:00,2023-07-12,2023,7,Jul,5,M1.3,M,1.3,25.0,54.0,13361.0,,GOES-P: EXIS 1.0-8.0,54.0,Northern,Mid disk (30-60°),13.0
2023-07-12T08:49:00-FLR-001,Solar Flare,2023-07-12 08:49:00,2023-07-12 08:55:00,2023-07-12 09:00:00,2023-07-12,2023,7,Jul,8,M6.9,M,6.9,26.0,-86.0,13372.0,,GOES-P: EXIS 1.0-8.0,86.0,Northern,Near limb (>60°),11.0
2023-07-13T18:55:00-FLR-001,Solar Flare,2023-07-13 18:55:00,2023-07-13 19:20:00,2023-07-13 19:36:00,2023-07-13,2023,7,Jul,18,M2.1,M,2.1,22.0,-60.0,13372.0,,GOES-P: EXIS 1.0-8.0,60.0,Northern,Mid disk (30-60°),41.0
2023-07-14T09:22:00-FLR-001,Solar Flare,2023-07-14 09:22:00,2023-07-14 09:36:00,2023-07-14 09:49:00,2023-07-14,2023,7,Jul,9,M1.0,M,1.0,-23.0,25.0,13363.0,,GOES-P: EXIS 1.0-8.0,25.0,Southern,Near centre (<30°),27.0
2023-07-14T18:27:00-FLR-001,Solar Flare,2023-07-14 18:27:00,2023-07-14 18:44:00,2023-07-14 19:02:00,2023-07-14,2023,7,Jul,18,C8.8,C,8.8,-18.0,-14.0,13370.0,,GOES-P: EXIS 1.0-8.0,14.0,Southern,Near centre (<30°),35.0
2023-07-15T07:21:00-FLR-001,Solar Flare,2023-07-15 07:21:00,2023-07-15 07:41:00,2023-07-15 07:56:00,2023-07-15,2023,7,Jul,7,M2.9,M,2.9,-25.0,40.0,13363.0,,GOES-P: EXIS 1.0-8.0,40.0,Southern,Mid disk (30-60°),35.0
2023-07-15T09:43:00-FLR-001,Solar Flare,2023-07-15 09:43:00,2023-07-15 09:53:00,2023-07-15 09:57:00,2023-07-15,2023,7,Jul,9,M1.0,M,1.0,21.0,-42.0,13372.0,,GOES-P: EXIS 1.0-8.0,42.0,Northern,Mid disk (30-60°),14.0
2023-07-15T10:05:00-FLR-001,Solar Flare,2023-07-15 10:05:00,2023-07-15 10:10:00,2023-07-15 10:14:00,2023-07-15,2023,7,Jul,10,M2.2,M,2.2,21.0,-41.0,13372.0,,GOES-P: EXIS 1.0-8.0,41.0,Northern,Mid disk (30-60°),9.0
2023-07-15T19:50:00-FLR-001,Solar Flare,2023-07-15 19:50:00,2023-07-15 20:01:00,2023-07-15 20:05:00,2023-07-15,2023,7,Jul,19,C8.8,C,8.8,-22.0,45.0,13363.0,,GOES-P: EXIS 1.0-8.0,45.0,Southern,Mid disk (30-60°),15.0
2023-07-16T08:16:00-FLR-001,Solar Flare,2023-07-16 08:16:00,2023-07-16 08:26:00,2023-07-16 08:30:00,2023-07-16,2023,7,Jul,8,M1.0,M,1.0,20.0,-30.0,13372.0,,GOES-P: EXIS 1.0-8.0,30.0,Northern,Near centre (<30°),14.0
2023-07-16T08:31:00-FLR-001,Solar Flare,2023-07-16 08:31:00,2023-07-16 08:41:00,2023-07-16 08:45:00,2023-07-16,2023,7,Jul,8,C4.7,C,4.7,-25.0,50.0,13363.0,,GOES-P: EXIS 1.0-8.0,50.0,Southern,Mid disk (30-60°),14.0
2023-07-16T14:57:00-FLR-001,Solar Flare,2023-07-16 14:57:00,2023-07-16 15:08:00,2023-07-16 15:12:00,2023-07-16,2023,7,Jul,14,M1.7,M,1.7,20.0,-25.0,13372.0,,GOES-P: EXIS 1.0-8.0,25.0,Northern,Near centre (<30°),15.0
2023-07-16T17:36:00-FLR-001,Solar Flare,2023-07-16 17:36:00,2023-07-16 17:46:00,2023-07-16 18:59:00,2023-07-16,2023,7,Jul,17,M4.0,M,4.0,-25.0,60.0,13363.0,,GOES-P: EXIS 1.0-8.0,60.0,Southern,Mid disk (30-60°),83.0
2023-07-17T22:41:00-FLR-001,Solar Flare,2023-07-17 22:41:00,2023-07-17 22:54:00,2023-07-17 23:06:00,2023-07-17,2023,7,Jul,22,M2.7,M,2.7,-25.0,72.0,13363.0,,GOES-P: EXIS 1.0-8.0,72.0,Southern,Near limb (>60°),25.0
2023-07-17T23:18:00-FLR-001,Solar Flare,2023-07-17 23:18:00,2023-07-17 23:33:00,2023-07-17 23:37:00,2023-07-17,2023,7,Jul,23,M5.0,M,5.0,-25.0,72.0,13363.0,,GOES-P: EXIS 1.0-8.0,72.0,Southern,Near limb (>60°),19.0
2023-07-17T23:37:00-FLR-001,Solar Flare,2023-07-17 23:37:00,2023-07-18 00:06:00,2023-07-18 00:23:00,2023-07-17,2023,7,Jul,23,M5.7,M,5.7,-25.0,72.0,13363.0,,GOES-P: EXIS 1.0-8.0,72.0,Southern,Near limb (>60°),46.0
2023-07-18T06:45:00-FLR-001,Solar Flare,2023-07-18 06:45:00,2023-07-18 06:56:00,2023-07-18 07:02:00,2023-07-18,2023,7,Jul,6,M1.5,M,1.5,12.0,-90.0,13379.0,,GOES-P: EXIS 1.0-8.0,90.0,Northern,Near limb (>60°),17.0
2023-07-18T19:32:00-FLR-001,Solar Flare,2023-07-18 19:32:00,2023-07-18 19:48:00,2023-07-18 20:00:00,2023-07-18,2023,7,Jul,19,M1.3,M,1.3,27.0,-35.0,13376.0,,GOES-P: EXIS 1.0-8.0,35.0,Northern,Mid disk (30-60°),28.0
2023-07-18T20:00:00-FLR-001,Solar Flare,2023-07-18 20:00:00,2023-07-18 20:05:00,2023-07-18 20:11:00,2023-07-18,2023,7,Jul,20,M1.4,M,1.4,27.0,-31.0,13376.0,,GOES-P: EXIS 1.0-8.0,31.0,Northern,Mid disk (30-60°),11.0
2023-07-18T20:16:00-FLR-001,Solar Flare,2023-07-18 20:16:00,2023-07-18 20:27:00,2023-07-18 20:35:00,2023-07-18,2023,7,Jul,20,M2.1,M,2.1,-21.0,87.0,13363.0,,GOES-P: EXIS 1.0-8.0,87.0,Southern,Near limb (>60°),19.0
2023-07-19T10:49:00-FLR-001,Solar Flare,2023-07-19 10:49:00,2023-07-19 10:57:00,2023-07-19 11:02:00,2023-07-19,2023,7,Jul,10,M1.4,M,1.4,-25.0,90.0,13363.0,,GOES-P: EXIS 1.0-8.0,90.0,Southern,Near limb (>60°),13.0
2023-07-19T17:04:00-FLR-001,Solar Flare,2023-07-19 17:04:00,2023-07-19 17:25:00,2023-07-19 17:43:00,2023-07-19,2023,7,Jul,17,M3.8,M,3.8,-19.0,90.0,13363.0,,GOES-P: EXIS 1.0-8.0,90.0,Southern,Near limb (>60°),39.0
2023-07-22T03:12:00-FLR-001,Solar Flare,2023-07-22 03:12:00,2023-07-22 03:37:00,2023-07-22 03:55:00,2023-07-22,2023,7,Jul,3,M3.1,M,3.1,25.0,50.0,13372.0,,GOES-P: EXIS 1.0-8.0,50.0,Northern,Mid disk (30-60°),43.0
2023-07-22T04:12:00-FLR-001,Solar Flare,2023-07-22 04:12:00,2023-07-22 04:16:00,2023-07-22 04:24:00,2023-07-22,2023,7,Jul,4,M1.0,M,1.0,7.0,29.0,13373.0,,GOES-P: EXIS 1.0-8.0,29.0,Northern,Near centre (<30°),12.0
2023-07-23T14:47:00-FLR-001,Solar Flare,2023-07-23 14:47:00,2023-07-23 14:57:00,2023-07-23 15:15:00,2023-07-23,2023,7,Jul,14,C5.2,C,5.2,28.0,25.0,13376.0,,GOES-P: EXIS 1.0-8.0,25.0,Northern,Near centre (<30°),28.0
2023-07-25T01:36:00-FLR-001,Solar Flare,2023-07-25 01:36:00,2023-07-25 02:03:00,2023-07-25 02:24:00,2023-07-25,2023,7,Jul,1,M1.5,M,1.5,25.0,52.0,13376.0,,GOES-P: EXIS 1.0-8.0,52.0,Northern,Mid disk (30-60°),48.0
2023-07-25T21:08:00-FLR-001,Solar Flare,2023-07-25 21:08:00,2023-07-25 21:16:00,2023-07-25 21:24:00,2023-07-25,2023,7,Jul,21,M1.6,M,1.6,-11.0,-41.0,13380.0,,GOES-P: EXIS 1.0-8.0,41.0,Southern,Mid disk (30-60°),16.0
2023-07-26T04:21:00-FLR-001,Solar Flare,2023-07-26 04:21:00,2023-07-26 04:28:00,2023-07-26 04:33:00,2023-07-26,2023,7,Jul,4,M1.2,M,1.2,23.0,68.0,13376.0,,GOES-P: EXIS 1.0-8.0,68.0,Northern,Near limb (>60°),12.0
2023-07-26T10:17:00-FLR-001,Solar Flare,2023-07-26 10:17:00,2023-07-26 10:37:00,2023-07-26 10:48:00,2023-07-26,2023,7,Jul,10,M4.6,M,4.6,23.0,74.0,13376.0,,GOES-P: EXIS 1.0-8.0,74.0,Northern,Near limb (>60°),31.0
2023-07-26T15:50:00-FLR-001,Solar Flare,2023-07-26 15:50:00,2023-07-26 15:59:00,2023-07-26 16:07:00,2023-07-26,2023,7,Jul,15,M2.0,M,2.0,23.0,77.0,13376.0,,GOES-P: EXIS 1.0-8.0,77.0,Northern,Near limb (>60°),17.0
2023-07-26T16:10:00-FLR-001,Solar Flare,2023-07-26 16:10:00,2023-07-26 16:13:00,2023-07-26 16:17:00,2023-07-26,2023,7,Jul,16,M1.1,M,1.1,23.0,77.0,13376.0,,GOES-P: EXIS 1.0-8.0,77.0,Northern,Near limb (>60°),7.0
2023-07-27T09:44:00-FLR-001,Solar Flare,2023-07-27 09:44:00,2023-07-27 09:51:00,2023-07-27 09:58:00,2023-07-27,2023,7,Jul,9,M1.9,M,1.9,23.0,90.0,13376.0,,GOES-P: EXIS 1.0-8.0,90.0,Northern,Near limb (>60°),14.0
2023-07-27T22:04:00-FLR-001,Solar Flare,2023-07-27 22:04:00,2023-07-27 22:34:00,2023-07-27 23:05:00,2023-07-27,2023,7,Jul,22,M1.7,M,1.7,-25.0,-75.0,13388.0,,GOES-P: EXIS 1.0-8.0,75.0,Southern,Near limb (>60°),61.0
2023-07-28T15:39:00-FLR-001,Solar Flare,2023-07-28 15:39:00,2023-07-28 15:58:00,2023-07-28 16:13:00,2023-07-28,2023,7,Jul,15,M4.1,M,4.1,25.0,99.0,13376.0,,GOES-P: EXIS 1.0-8.0,99.0,Northern,Near limb (>60°),34.0
2023-07-29T06:55:00-FLR-001,Solar Flare,2023-07-29 06:55:00,2023-07-29 07:34:00,2023-07-29 08:12:00,2023-07-29,2023,7,Jul,6,C6.7,C,6.7,15.0,-88.0,,,GOES-P: EXIS 1.0-8.0,88.0,Northern,Near limb (>60°),77.0
2023-07-29T16:11:00-FLR-001,Solar Flare,2023-07-29 16:11:00,2023-07-29 16:24:00,2023-07-29 16:37:00,2023-07-29,2023,7,Jul,16,M1.4,M,1.4,-10.0,10.0,13380.0,,GOES-P: EXIS 1.0-8.0,10.0,Southern,Near centre (<30°),26.0
2023-07-29T21:10:00-HSS-001,High Speed Stream,2023-07-29 21:10:00,,,2023-07-29,2023,7,Jul,21,,,,,,,,"DSCOVR: PLASMAG, ACE: SWEPAM, ACE: MAG",,,,
2023-07-30T08:01:00-FLR-001,Solar Flare,2023-07-30 08:01:00,2023-07-30 08:14:00,2023-07-30 08:18:00,2023-07-30,2023,7,Jul,8,M1.8,M,1.8,-18.0,-57.0,13390.0,,GOES-P: EXIS 1.0-8.0,57.0,Southern,Mid disk (30-60°),17.0
2023-07-30T08:18:00-FLR-001,Solar Flare,2023-07-30 08:18:00,2023-07-30 08:22:00,2023-07-30 08:26:00,2023-07-30,2023,7,Jul,8,M1.8,M,1.8,-18.0,-57.0,13390.0,,GOES-P: EXIS 1.0-8.0,57.0,Southern,Mid disk (30-60°),8.0
2023-07-31T08:42:00-FLR-001,Solar Flare,2023-07-31 08:42:00,2023-07-31 09:00:00,2023-07-31 09:13:00,2023-07-31,2023,7,Jul,8,M1.6,M,1.6,-20.0,-43.0,13390.0,,GOES-P: EXIS 1.0-8.0,43.0,Southern,Mid disk (30-60°),31.0
2023-08-01T01:38:00-FLR-001,Solar Flare,2023-08-01 01:38:00,2023-08-01 01:56:00,2023-08-01 01:58:00,2023-08-01,2023,8,Aug,1,M1.0,M,1.0,-10.0,40.0,13380.0,,GOES-P: EXIS 1.0-8.0,40.0,Southern,Mid disk (30-60°),20.0
2023-08-01T01:58:00-FLR-001,Solar Flare,2023-08-01 01:58:00,2023-08-01 02:03:00,2023-08-01 02:07:00,2023-08-01,2023,8,Aug,1,M1.2,M,1.2,-10.0,40.0,13380.0,,GOES-P: EXIS 1.0-8.0,40.0,Southern,Mid disk (30-60°),9.0
2023-08-01T04:27:00-FLR-001,Solar Flare,2023-08-01 04:27:00,2023-08-01 04:47:00,2023-08-01 05:07:00,2023-08-01,2023,8,Aug,4,M2.2,M,2.2,-10.0,45.0,13380.0,,GOES-P: EXIS 1.0-8.0,45.0,Southern,Mid disk (30-60°),40.0
2023-08-01T05:30:00-FLR-001,Solar Flare,2023-08-01 05:30:00,2023-08-01 05:37:00,2023-08-01 05:43:00,2023-08-01,2023,8,Aug,5,M1.3,M,1.3,-10.0,45.0,13380.0,,GOES-P: EXIS 1.0-8.0,45.0,Southern,Mid disk (30-60°),13.0
2023-08-01T06:28:00-FLR-001,Solar Flare,2023-08-01 06:28:00,2023-08-01 06:57:00,2023-08-01 07:19:00,2023-08-01,2023,8,Aug,6,M3.6,M,3.6,-10.0,47.0,13380.0,,GOES-P: EXIS 1.0-8.0,47.0,Southern,Mid disk (30-60°),51.0
2023-08-01T09:03:00-FLR-001,Solar Flare,2023-08-01 09:03:00,2023-08-01 09:09:00,2023-08-01 09:16:00,2023-08-01,2023,8,Aug,9,M1.5,M,1.5,-8.0,42.0,13380.0,,GOES-P: EXIS 1.0-8.0,42.0,Southern,Mid disk (30-60°),13.0
2023-08-01T14:03:00-FLR-001,Solar Flare,2023-08-01 14:03:00,2023-08-01 14:09:00,2023-08-01 14:27:00,2023-08-01,2023,8,Aug,14,M1.4,M,1.4,-10.0,47.0,13380.0,,GOES-P: EXIS 1.0-8.0,47.0,Southern,Mid disk (30-60°),24.0
2023-08-01T19:48:00-FLR-001,Solar Flare,2023-08-01 19:48:00,2023-08-01 20:08:00,2023-08-01 20:43:00,2023-08-01,2023,8,Aug,19,C5.2,C,5.2,17.0,-60.0,,,GOES-P: EXIS 1.0-8.0,60.0,Northern,Mid disk (30-60°),55.0
2023-08-01T21:39:00-FLR-001,Solar Flare,2023-08-01 21:39:00,2023-08-01 21:51:00,2023-08-01 21:58:00,2023-08-01,2023,8,Aug,21,M1.0,M,1.0,-10.0,51.0,13380.0,,GOES-P: EXIS 1.0-8.0,51.0,Southern,Mid disk (30-60°),19.0
2023-08-02T08:03:00-FLR-001,Solar Flare,2023-08-02 08:03:00,2023-08-02 08:12:00,2023-08-02 08:21:00,2023-08-02,2023,8,Aug,8,M1.3,M,1.3,11.0,22.0,13386.0,,GOES-P: EXIS 1.0-8.0,22.0,Northern,Near centre (<30°),18.0
2023-08-02T10:44:00-FLR-001,Solar Flare,2023-08-02 10:44:00,2023-08-02 10:50:00,2023-08-02 10:54:00,2023-08-02,2023,8,Aug,10,M1.2,M,1.2,-10.0,61.0,13380.0,,GOES-P: EXIS 1.0-8.0,61.0,Southern,Near limb (>60°),10.0
2023-08-02T14:46:00-FLR-001,Solar Flare,2023-08-02 14:46:00,2023-08-02 14:52:00,2023-08-02 14:56:00,2023-08-02,2023,8,Aug,14,M1.7,M,1.7,-10.0,63.0,13380.0,,GOES-P: EXIS 1.0-8.0,63.0,Southern,Near limb (>60°),10.0
2023-08-02T16:13:00-FLR-001,Solar Flare,2023-08-02 16:13:00,2023-08-02 16:22:00,2023-08-02 16:26:00,2023-08-02,2023,8,Aug,16,M1.3,M,1.3,-10.0,63.0,13380.0,,GOES-P: EXIS 1.0-8.0,63.0,Southern,Near limb (>60°),13.0
2023-08-02T19:09:00-FLR-001,Solar Flare,2023-08-02 19:09:00,2023-08-02 19:14:00,2023-08-02 19:21:00,2023-08-02,2023,8,Aug,19,M1.1,M,1.1,-10.0,66.0,13380.0,,GOES-P: EXIS 1.0-8.0,66.0,Southern,Near limb (>60°),12.0
2023-08-03T11:47:00-FLR-001,Solar Flare,2023-08-03 11:47:00,2023-08-03 11:55:00,2023-08-03 11:59:00,2023-08-03,2023,8,Aug,11,M2.0,M,2.0,-10.0,72.0,13380.0,,GOES-P: EXIS 1.0-8.0,72.0,Southern,Near limb (>60°),12.0
2023-08-04T03:38:00-FLR-001,Solar Flare,2023-08-04 03:38:00,2023-08-04 04:24:00,2023-08-04 05:11:00,2023-08-04,2023,8,Aug,3,M1.9,M,1.9,12.0,47.0,13386.0,,GOES-P: EXIS 1.0-8.0,47.0,Northern,Mid disk (30-60°),93.0
2023-08-05T03:00:00-GST-001,Geomagnetic Storm,2023-08-05 03:00:00,,,2023-08-05,2023,8,Aug,3,G0,G,0.0,,,,6.67,,,,,
2023-08-05T06:18:00-FLR-001,Solar Flare,2023-08-05 06:18:00,2023-08-05 07:22:00,2023-08-05 09:06:00,2023-08-05,2023,8,Aug,6,M1.6,M,1.6,11.0,65.0,13386.0,,GOES-P: EXIS 1.0-8.0,65.0,Northern,Near limb (>60°),168.0
2023-08-05T09:23:00-FLR-001,Solar Flare,2023-08-05 09:23:00,2023-08-05 09:36:00,2023-08-05 09:50:00,2023-08-05,2023,8,Aug,9,M2.1,M,2.1,-11.0,98.0,13380.0,,GOES-P: EXIS 1.0-8.0,98.0,Southern,Near limb (>60°),27.0
2023-08-05T21:45:00-FLR-001,Solar Flare,2023-08-05 21:45:00,2023-08-05 22:21:00,2023-08-05 22:44:00,2023-08-05,2023,8,Aug,21,X1.6,X,1.6,11.0,74.0,13386.0,,GOES-P: EXIS 1.0-8.0,74.0,Northern,Near limb (>60°),59.0
2023-08-06T18:20:00-FLR-001,Solar Flare,2023-08-06 18:20:00,2023-08-06 18:40:00,2023-08-06 18:54:00,2023-08-06,2023,8,Aug,18,M5.5,M,5.5,11.0,89.0,13386.0,,GOES-P: EXIS 1.0-8.0,89.0,Northern,Near limb (>60°),34.0
2023-08-07T04:29:00-FLR-001,Solar Flare,2023-08-07 04:29:00,2023-08-07 04:41:00,2023-08-07 04:51:00,2023-08-07,2023,8,Aug,4,M2.4,M,2.4,10.0,93.0,13386.0,,GOES-P: EXIS 1.0-8.0,93.0,Northern,Near limb (>60°),22.0
2023-08-07T15:30:00-FLR-001,Solar Flare,2023-08-07 15:30:00,2023-08-07 16:11:00,2023-08-07 16:24:00,2023-08-07,2023,8,Aug,15,M1.0,M,1.0,16.0,81.0,13387.0,,GOES-P: EXIS 1.0-8.0,81.0,Northern,Near limb (>60°),54.0
2023-08-07T16:24:00-FLR-001,Solar Flare,2023-08-07 16:24:00,2023-08-07 16:26:00,2023-08-07 16:36:00,2023-08-07,2023,8,Aug,16,M1.0,M,1.0,14.0,87.0,13387.0,,GOES-P: EXIS 1.0-8.0,87.0,Northern,Near limb (>60°),12.0
2023-08-07T19:37:00-FLR-001,Solar Flare,2023-08-07 19:37:00,2023-08-07 19:51:00,2023-08-07 19:58:00,2023-08-07,2023,8,Aug,19,M1.4,M,1.4,19.0,75.0,13387.0,,GOES-P: EXIS 1.0-8.0,75.0,Northern,Near limb (>60°),21.0
2023-08-07T20:30:00-FLR-001,Solar Flare,2023-08-07 20:30:00,2023-08-07 20:46:00,2023-08-07 21:18:00,2023-08-07,2023,8,Aug,20,X1.5,X,1.5,11.0,90.0,13386.0,,GOES-P: EXIS 1.0-8.0,90.0,Northern,Near limb (>60°),48.0
2023-08-08T09:20:00-FLR-001,Solar Flare,2023-08-08 09:20:00,2023-08-08 09:31:00,2023-08-08 09:41:00,2023-08-08,2023,8,Aug,9,M3.6,M,3.6,18.0,78.0,13387.0,,GOES-P: EXIS 1.0-8.0,78.0,Northern,Near limb (>60°),21.0
2023-08-10T02:26:00-FLR-001,Solar Flare,2023-08-10 02:26:00,2023-08-10 02:42:00,2023-08-10 02:59:00,2023-08-10,2023,8,Aug,2,C5.4,C,5.4,-22.0,80.0,13398.0,,GOES-P: EXIS 1.0-8.0,80.0,Southern,Near limb (>60°),33.0
2023-08-10T18:00:00-HSS-001,High Speed Stream,2023-08-10 18:00:00,,,2023-08-10,2023,8,Aug,18,,,,,,,,"DSCOVR: PLASMAG, ACE: SWEPAM, ACE: MAG",,,,
2023-08-12T08:23:00-FLR-001,Solar Flare,2023-08-12 08:23:00,2023-08-12 08:48:00,2023-08-12 08:59:00,2023-08-12,2023,8,Aug,8,M1.0,M,1.0,-9.0,65.0,13777.0,,GOES-P: EXIS 1.0-8.0,65.0,Southern,Near limb (>60°),36.0
2023-08-14T20:30:00-FLR-001,Solar Flare,2023-08-14 20:30:00,2023-08-14 21:10:00,2023-08-14 21:38:00,2023-08-14,2023,8,Aug,20,C8.9,C,8.9,11.0,-88.0,13405.0,,GOES-P: EXIS 1.0-8.0,88.0,Northern,Near limb (>60°),68.0
2023-08-17T02:19:00-FLR-001,Solar Flare,2023-08-17 02:19:00,2023-08-17 02:46:00,2023-08-17 03:32:00,2023-08-17,2023,8,Aug,2,C3.6,C,3.6,-24.0,110.0,13394.0,,GOES-P: EXIS 1.0-8.0,110.0,Southern,Near limb (>60°),73.0
2023-08-17T12:14:00-FLR-001,Solar Flare,2023-08-17 12:14:00,2023-08-17 12:40:00,2023-08-17 13:06:00,2023-08-17,2023,8,Aug,12,C5.1,C,5.1,19.0,80.0,13397.0,,GOES-P: EXIS 1.0-8.0,80.0,Northern,Near limb (>60°),52.0
2023-08-17T17:16:00-FLR-001,Solar Flare,2023-08-17 17:16:00,2023-08-17 17:29:00,2023-08-17 17:46:00,2023-08-17,2023,8,Aug,17,C2.2,C,2.2,16.0,80.0,13397.0,,GOES-P: EXIS 1.0-8.0,80.0,Northern,Near limb (>60°),30.0
2023-08-18T01:54:00-HSS-001,High Speed Stream,2023-08-18 01:54:00,,,2023-08-18,2023,8,Aug,1,,,,,,,,"DSCOVR: PLASMAG, ACE: SWEPAM, ACE: MAG",,,,
2023-08-18T10:30:00-FLR-001,Solar Flare,2023-08-18 10:30:00,2023-08-18 10:48:00,2023-08-18 11:08:00,2023-08-18,2023,8,Aug,10,C1.7,C,1.7,20.0,36.0,13409.0,,GOES-P: EXIS 1.0-8.0,36.0,Northern,Mid disk (30-60°),38.0
2023-08-18T19:09:00-FLR-001,Solar Flare,2023-08-18 19:09:00,2023-08-18 19:30:00,2023-08-18 19:49:00,2023-08-18,2023,8,Aug,19,C3.7,C,3.7,21.0,41.0,13409.0,,GOES-P: EXIS 1.0-8.0,41.0,Northern,Mid disk (30-60°),40.0
2023-08-18T21:17:00-FLR-001,Solar Flare,2023-08-18 21:17:00,2023-08-18 21:35:00,2023-08-18 21:58:00,2023-08-18,2023,8,Aug,21,C3.0,C,3.0,21.0,42.0,13409.0,,GOES-P: EXIS 1.0-8.0,42.0,Northern,Mid disk (30-60°),41.0
2023-08-19T19:10:00-HSS-001,High Speed Stream,2023-08-19 19:10:00,,,2023-08-19,2023,8,Aug,19,,,,,,,,"DSCOVR: PLASMAG, ACE: SWEPAM, ACE: MAG",,,,
2023-08-21T12:18:00-FLR-001,Solar Flare,2023-08-21 12:18:00,2023-08-21 12:38:00,2023-08-21 12:53:00,2023-08-21,2023,8,Aug,12,C3.1,C,3.1,27.0,78.0,13403.0,,GOES-P: EXIS 1.0-8.0,78.0,Northern,Near limb (>60°),35.0
2023-08-21T23:47:00-FLR-001,Solar Flare,2023-08-21 23:47:00,2023-08-22 00:00:00,2023-08-22 00:07:00,2023-08-21,2023,8,Aug,23,C5.7,C,5.7,-9.0,-90.0,13415.0,,GOES-P: EXIS 1.0-8.0,90.0,Southern,Near limb (>60°),20.0
2023-08-22T22:35:00-FLR-001,Solar Flare,2023-08-22 22:35:00,2023-08-22 23:04:00,2023-08-22 23:38:00,2023-08-22,2023,8,Aug,22,M1.1,M,1.1,9.0,28.0,13405.0,,GOES-P: EXIS 1.0-8.0,28.0,Northern,Near centre (<30°),63.0
2023-08-24T19:23:00-FLR-001,Solar Flare,2023-08-24 19:23:00,2023-08-24 19:31:00,2023-08-24 19:39:00,2023-08-24,2023,8,Aug,19,C1.5,C,1.5,26.0,90.0,,,GOES-P: EXIS 1.0-8.0,90.0,Northern,Near limb (>60°),16.0
2023-08-24T19:39:00-FLR-001,Solar Flare,2023-08-24 19:39:00,2023-08-24 20:41:00,2023-08-24 20:45:00,2023-08-24,2023,8,Aug,19,C3.0,C,3.0,26.0,90.0,,,GOES-P: EXIS 1.0-8.0,90.0,Northern,Near limb (>60°),66.0
2023-08-25T00:56:00-FLR-001,Solar Flare,2023-08-25 00:56:00,2023-08-25 01:09:00,2023-08-25 01:26:00,2023-08-25,2023,8,Aug,0,M1.4,M,1.4,-12.0,-50.0,13415.0,,GOES-P: EXIS 1.0-8.0,50.0,Southern,Mid disk (30-60°),30.0
2023-08-25T11:04:00-FLR-001,Solar Flare,2023-08-25 11:04:00,2023-08-25 11:07:00,2023-08-25 11:09:00,2023-08-25,2023,8,Aug,11,B7.6,B,7.6,9.0,67.0,13405.0,,GOES-P: EXIS 1.0-8.0,67.0,Northern,Near limb (>60°),5.0
2023-08-25T11:11:00-FLR-001,Solar Flare,2023-08-25 11:11:00,2023-08-25 11:17:00,2023-08-25 11:24:00,2023-08-25,2023,8,Aug,11,C1.2,C,1.2,9.0,67.0,13405.0,,GOES-P: EXIS 1.0-8.0,67.0,Northern,Near limb (>60°),13.0
2023-08-26T12:44:00-FLR-001,Solar Flare,2023-08-26 12:44:00,2023-08-26 13:02:00,2023-08-26 13:26:00,2023-08-26,2023,8,Aug,12,C1.9,C,1.9,10.0,73.0,13405.0,,GOES-P: EXIS 1.0-8.0,73.0,Northern,Near limb (>60°),42.0
2023-08-26T22:05:00-FLR-001,Solar Flare,2023-08-26 22:05:00,2023-08-26 22:50:00,2023-08-26 23:42:00,2023-08-26,2023,8,Aug,22,M1.1,M,1.1,-5.0,-90.0,13417.0,,GOES-P: EXIS 1.0-8.0,90.0,Southern,Near limb (>60°),97.0
2023-08-31T04:51:00-FLR-001,Solar Flare,2023-08-31 04:51:00,2023-08-31 06:13:00,2023-08-31 07:30:00,2023-08-31,2023,8,Aug,4,C2.4,C,2.4,17.0,49.0,,,GOES-P: EXIS 1.0-8.0,49.0,Northern,Mid disk (30-60°),159.0
2023-09-01T03:26:00-FLR-001,Solar Flare,2023-09-01 03:26:00,2023-09-01 03:52:00,2023-09-01 04:06:00,2023-09-01,2023,9,Sep,3,M1.2,M,1.2,9.0,70.0,13413.0,,GOES-P: EXIS 1.0-8.0,70.0,Northern,Near limb (>60°),40.0
2023-09-01T18:00:00-HSS-001,High Speed Stream,2023-09-01 18:00:00,,,2023-09-01,2023,9,Sep,18,,,,,,,,"DSCOVR: PLASMAG, ACE: SWEPAM, ACE: MAG",,,,
2023-09-01T21:48:00-FLR-001,Solar Flare,2023-09-01 21:48:00,2023-09-01 22:24:00,2023-09-01 22:33:00,2023-09-01,2023,9,Sep,21,C7.3,C,7.3,-21.0,-44.0,13420.0,,GOES-P: EXIS 1.0-8.0,44.0,Southern,Mid disk (30-60°),45.0
2023-09-01T21:48:00-FLR-002,Solar Flare,2023-09-01 21:48:00,2023-09-01 22:18:00,2023-09-01 22:18:00,2023-09-01,2023,9,Sep,21,C2.5,C,2.5,5.0,76.0,13413.0,,GOES-P: EXIS 1.0-8.0,76.0,Northern,Near limb (>60°),30.0
2023-09-02T06:33:00-FLR-001,Solar Flare,2023-09-02 06:33:00,2023-09-02 07:12:00,2023-09-02 07:38:00,2023-09-02,2023,9,Sep,6,M3.3,M,3.3,6.0,89.0,13413.0,,GOES-P: EXIS 1.0-8.0,89.0,Northern,Near limb (>60°),65.0
2023-09-03T00:00:00-GST-001,Geomagnetic Storm,2023-09-03 00:00:00,,,2023-09-03,2023,9,Sep,0,G0,G,0.0,,,,5.67,,,,,
2023-09-03T00:14:00-FLR-001,Solar Flare,2023-09-03 00:14:00,2023-09-03 00:23:00,2023-09-03 00:33:00,2023-09-03,2023,9,Sep,0,M1.1,M,1.1,12.0,90.0,13413.0,,GOES-P: EXIS 1.0-8.0,90.0,Northern,Near limb (>60°),19.0
2023-09-03T04:00:00-FLR-001,Solar Flare,2023-09-03 04:00:00,2023-09-03 04:10:00,2023-09-03 04:14:00,2023-09-03,2023,9,Sep,4,C1.8,C,1.8,10.0,90.0,13413.0,,GOES-P: EXIS 1.0-8.0,90.0,Northern,Near limb (>60°),14.0
2023-09-03T05:18:00-FLR-001,Solar Flare,2023-09-03 05:18:00,2023-09-03 06:23:00,2023-09-03 07:12:00,2023-09-03,2023,9,Sep,5,C5.9,C,5.9,15.0,90.0,13413.0,,GOES-P: EXIS 1.0-8.0,90.0,Northern,Near limb (>60°),114.0
2023-09-03T08:09:00-FLR-001,Solar Flare,2023-09-03 08:09:00,2023-09-03 08:36:00,2023-09-03 08:49:00,2023-09-03,2023,9,Sep,8,M6.0,M,6.0,12.0,90.0,13413.0,,GOES-P: EXIS 1.0-8.0,90.0,Northern,Near limb (>60°),40.0
2023-09-03T11:31:00-FLR-001,Solar Flare,2023-09-03 11:31:00,2023-09-03 11:45:00,2023-09-03 12:03:00,2023-09-03,2023,9,Sep,11,C5.0,C,5.0,9.0,90.0,13413.0,,GOES-P: EXIS 1.0-8.0,90.0,Northern,Near limb (>60°),32.0
2023-09-03T12:03:00-FLR-001,Solar Flare,2023-09-03 12:03:00,2023-09-03 12:28:00,2023-09-03 12:52:00,2023-09-03,2023,9,Sep,12,C5.7,C,5.7,9.0,90.0,13413.0,,GOES-P: EXIS 1.0-8.0,90.0,Northern,Near limb (>60°),49.0
2023-09-04T13:34:00-FLR-001,Solar Flare,2023-09-04 13:34:00,2023-09-04 13:49:00,2023-09-04 14:04:00,2023-09-04,2023,9,Sep,13,C2.4,C,2.4,-22.0,-70.0,,,GOES-P: EXIS 1.0-8.0,70.0,Southern,Near limb (>60°),30.0
2023-09-05T08:03:00-FLR-001,Solar Flare,2023-09-05 08:03:00,2023-09-05 08:12:00,2023-09-05 08:24:00,2023-09-05,2023,9,Sep,8,M2.0,M,2.0,14.0,2.0,13421.0,,GOES-P: EXIS 1.0-8.0,2.0,Northern,Near centre (<30°),21.0
2023-09-05T19:33:00-FLR-001,Solar Flare,2023-09-05 19:33:00,2023-09-05 19:45:00,2023-09-05 19:57:00,2023-09-05,2023,9,Sep,19,M1.2,M,1.2,15.0,7.0,13421.0,,GOES-P: EXIS 1.0-8.0,7.0,Northern,Near centre (<30°),24.0
2023-09-05T23:21:00-FLR-001,Solar Flare,2023-09-05 23:21:00,2023-09-05 23:39:00,2023-09-05 23:53:00,2023-09-05,2023,9,Sep,23,M1.0,M,1.0,15.0,12.0,13421.0,,GOES-P: EXIS 1.0-8.0,12.0,Northern,Near centre (<30°),32.0
2023-09-07T18:58:00-FLR-001,Solar Flare,2023-09-07 18:58:00,2023-09-07 19:09:00,2023-09-07 19:24:00,2023-09-07,2023,9,Sep,18,M2.1,M,2.1,20.0,-55.0,13425.0,,GOES-P: EXIS 1.0-8.0,55.0,Northern,Mid disk (30-60°),26.0
2023-09-11T01:08:00-FLR-001,Solar Flare,2023-09-11 01:08:00,2023-09-11 01:28:00,2023-09-11 01:57:00,2023-09-11,2023,9,Sep,1,M1.3,M,1.3,10.0,-63.0,13429.0,,GOES-P: EXIS 1.0-8.0,63.0,Northern,Near limb (>60°),49.0
2023-09-11T03:58:00-FLR-001,Solar Flare,2023-09-11 03:58:00,2023-09-11 04:07:00,2023-09-11 04:15:00,2023-09-11,2023,9,Sep,3,M1.1,M,1.1,-8.0,-58.0,13431.0,,GOES-P: EXIS 1.0-8.0,58.0,Southern,Mid disk (30-60°),17.0
2023-09-11T14:38:00-FLR-001,Solar Flare,2023-09-11 14:38:00,2023-09-11 14:49:00,2023-09-11 14:59:00,2023-09-11,2023,9,Sep,14,M1.1,M,1.1,-7.0,-52.0,13431.0,,GOES-P: EXIS 1.0-8.0,52.0,Southern,Mid disk (30-60°),21.0
2023-09-12T04:18:00-FLR-001,Solar Flare,2023-09-12 04:18:00,2023-09-12 04:26:00,2023-09-12 04:31:00,2023-09-12,2023,9,Sep,4,M1.9,M,1.9,22.0,-2.0,13425.0,,GOES-S: EXIS 1.0-8.0,2.0,Northern,Near centre (<30°),13.0
2023-09-12T04:31:00-FLR-001,Solar Flare,2023-09-12 04:31:00,2023-09-12 04:42:00,2023-09-12 04:47:00,2023-09-12,2023,9,Sep,4,M1.8,M,1.8,22.0,-2.0,13425.0,,GOES-S: EXIS 1.0-8.0,2.0,Northern,Near centre (<30°),16.0
2023-09-12T06:47:00-FLR-001,Solar Flare,2023-09-12 06:47:00,2023-09-12 07:07:00,2023-09-12 07:19:00,2023-09-12,2023,9,Sep,6,M2.5,M,2.5,16.0,34.0,13423.0,,GOES-P: EXIS 1.0-8.0,34.0,Northern,Mid disk (30-60°),32.0
2023-09-12T15:00:00-GST-001,Geomagnetic Storm,2023-09-12 15:00:00,,,2023-09-12,2023,9,Sep,15,G0,G,0.0,,,,5.67,,,,,
2023-09-14T06:40:00-FLR-001,Solar Flare,2023-09-14 06:40:00,2023-09-14 07:45:00,2023-09-14 08:39:00,2023-09-14,2023,9,Sep,6,M1.4,M,1.4,25.0,50.0,13429.0,,GOES-P: EXIS 1.0-8.0,50.0,Northern,Mid disk (30-60°),119.0
2023-09-14T19:23:00-FLR-001,Solar Flare,2023-09-14 19:23:00,2023-09-14 19:31:00,2023-09-14 19:40:00,2023-09-14,2023,9,Sep,19,M1.9,M,1.9,10.0,-9.0,13429.0,,GOES-P: EXIS 1.0-8.0,9.0,Northern,Near centre (<30°),17.0
2023-09-14T21:17:00-FLR-001,Solar Flare,2023-09-14 21:17:00,2023-09-14 21:26:00,2023-09-14 21:32:00,2023-09-14,2023,9,Sep,21,M2.5,M,2.5,10.0,-6.0,13429.0,,GOES-P: EXIS 1.0-8.0,6.0,Northern,Near centre (<30°),15.0
2023-09-15T22:19:00-FLR-001,Solar Flare,2023-09-15 22:19:00,2023-09-15 22:29:00,2023-09-15 22:34:00,2023-09-15,2023,9,Sep,22,M1.7,M,1.7,10.0,7.0,13429.0,,GOES-P: EXIS 1.0-8.0,7.0,Northern,Near centre (<30°),15.0
2023-09-16T00:38:00-FLR-001,Solar Flare,2023-09-16 00:38:00,2023-09-16 00:50:00,2023-09-16 00:57:00,2023-09-16,2023,9,Sep,0,M2.9,M,2.9,11.0,9.0,13429.0,,GOES-P: EXIS 1.0-8.0,9.0,Northern,Near centre (<30°),19.0
2023-09-16T05:28:00-FLR-001,Solar Flare,2023-09-16 05:28:00,2023-09-16 05:33:00,2023-09-16 05:34:00,2023-09-16,2023,9,Sep,5,M2.5,M,2.5,11.0,-90.0,13435.0,,GOES-P: EXIS 1.0-8.0,90.0,Northern,Near limb (>60°),6.0
2023-09-16T05:34:00-FLR-001,Solar Flare,2023-09-16 05:34:00,2023-09-16 05:38:00,2023-09-16 06:15:00,2023-09-16,2023,9,Sep,5,M3.4,M,3.4,11.0,12.0,13429.0,,GOES-P: EXIS 1.0-8.0,12.0,Northern,Near centre (<30°),41.0
2023-09-19T00:00:00-GST-001,Geomagnetic Storm,2023-09-19 00:00:00,,,2023-09-19,2023,9,Sep,0,G0,G,0.0,,,,5.67,,,,,
2023-09-19T03:45:00-FLR-001,Solar Flare,2023-09-19 03:45:00,2023-09-19 03:55:00,2023-09-19 04:01:00,2023-09-19,2023,9,Sep,3,M1.1,M,1.1,7.0,-54.0,13435.0,,GOES-P: EXIS 1.0-8.0,54.0,Northern,Mid disk (30-60°),16.0
2023-09-19T09:23:00-FLR-001,Solar Flare,2023-09-19 09:23:00,2023-09-19 09:38:00,2023-09-19 09:44:00,2023-09-19,2023,9,Sep,9,M1.8,M,1.8,7.0,-50.0,13435.0,,GOES-P: EXIS 1.0-8.0,50.0,Northern,Mid disk (30-60°),21.0
2023-09-19T15:39:00-FLR-001,Solar Flare,2023-09-19 15:39:00,2023-09-19 15:52:00,2023-09-19 16:08:00,2023-09-19,2023,9,Sep,15,C4.2,C,4.2,20.0,48.0,13436.0,,GOES-P: EXIS 1.0-8.0,48.0,Northern,Mid disk (30-60°),29.0
2023-09-19T20:01:00-FLR-001,Solar Flare,2023-09-19 20:01:00,2023-09-19 20:14:00,2023-09-19 20:21:00,2023-09-19,2023,9,Sep,20,M4.0,M,4.0,7.0,-45.0,13435.0,,GOES-P: EXIS 1.0-8.0,45.0,Northern,Mid disk (30-60°),20.0
2023-09-20T14:11:00-FLR-001,Solar Flare,2023-09-20 14:11:00,2023-09-20 14:19:00,2023-09-20 14:25:00,2023-09-20,2023,9,Sep,14,M8.2,M,8.2,7.0,-35.0,13435.0,,GOES-P: EXIS 1.0-8.0,35.0,Northern,Mid disk (30-60°),14.0
2023-09-21T12:42:00-FLR-001,Solar Flare,2023-09-21 12:42:00,2023-09-21 12:54:00,2023-09-21 13:02:00,2023-09-21,2023,9,Sep,12,M8.7,M,8.7,8.0,-22.0,13435.0,,GOES-P: EXIS 1.0-8.0,22.0,Northern,Near centre (<30°),20.0
2023-09-22T02:25:00-FLR-001,Solar Flare,2023-09-22 02:25:00,2023-09-22 03:36:00,2023-09-22 06:56:00,2023-09-22,2023,9,Sep,2,M1.2,M,1.2,15.0,-17.0,13435.0,,GOES-P: EXIS 1.0-8.0,17.0,Northern,Near centre (<30°),271.0
2023-09-22T15:53:00-FLR-001,Solar Flare,2023-09-22 15:53:00,2023-09-22 16:23:00,2023-09-22 16:46:00,2023-09-22,2023,9,Sep,15,M1.4,M,1.4,27.0,35.0,13443.0,,GOES-P: EXIS 1.0-8.0,35.0,Northern,Mid disk (30-60°),53.0
2023-09-22T17:06:00-FLR-001,Solar Flare,2023-09-22 17:06:00,2023-09-22 17:15:00,2023-09-22 17:20:00,2023-09-22,2023,9,Sep,17,M1.5,M,1.5,28.0,40.0,13443.0,,GOES-P: EXIS 1.0-8.0,40.0,Northern,Mid disk (30-60°),14.0
2023-09-22T22:25:00-FLR-001,Solar Flare,2023-09-22 22:25:00,2023-09-22 23:00:00,2023-09-22 23:13:00,2023-09-22,2023,9,Sep,22,M1.9,M,1.9,8.0,-3.0,13435.0,,GOES-P: EXIS 1.0-8.0,3.0,Northern,Near centre (<30°),48.0
2023-09-23T20:14:00-FLR-001,Solar Flare,2023-09-23 20:14:00,2023-09-23 20:43:00,2023-09-23 21:00:00,2023-09-23,2023,9,Sep,20,M1.5,M,1.5,20.0,90.0,13436.0,,GOES-P: EXIS 1.0-8.0,90.0,Northern,Near limb (>60°),46.0
2023-09-24T03:17:00-FLR-001,Solar Flare,2023-09-24 03:17:00,2023-09-24 03:28:00,2023-09-24 03:36:00,2023-09-24,2023,9,Sep,3,M4.4,M,4.4,-14.0,-18.0,13445.0,,GOES-P: EXIS 1.0-8.0,18.0,Southern,Near centre (<30°),19.0
2023-09-24T14:51:00-FLR-001,Solar Flare,2023-09-24 14:51:00,2023-09-24 15:00:00,2023-09-24 15:05:00,2023-09-24,2023,9,Sep,14,M1.0,M,1.0,28.0,58.0,13443.0,,GOES-P: EXIS 1.0-8.0,58.0,Northern,Mid disk (30-60°),14.0
2023-09-24T18:00:00-GST-001,Geomagnetic Storm,2023-09-24 18:00:00,,,2023-09-24,2023,9,Sep,18,G0,G,0.0,,,,5.67,,,,,
2023-09-27T16:40:00-HSS-001,High Speed Stream,2023-09-27 16:40:00,,,2023-09-27,2023,9,Sep,16,,,,,,,,DSCOVR: PLASMAG,,,,
2023-09-28T08:58:00-FLR-001,Solar Flare,2023-09-28 08:58:00,2023-09-28 09:07:00,2023-09-28 09:11:00,2023-09-28,2023,9,Sep,8,M1.2,M,1.2,-18.0,-63.0,13450.0,,GOES-P: EXIS 1.0-8.0,63.0,Southern,Near limb (>60°),13.0
2023-09-30T03:57:00-FLR-001,Solar Flare,2023-09-30 03:57:00,2023-09-30 04:09:00,2023-09-30 04:34:00,2023-09-30,2023,9,Sep,3,C7.2,C,7.2,15.0,-73.0,13451.0,,GOES-P: EXIS 1.0-8.0,73.0,Northern,Near limb (>60°),37.0
2023-09-30T16:16:00-FLR-001,Solar Flare,2023-09-30 16:16:00,2023-09-30 16:32:00,2023-09-30 16:49:00,2023-09-30,2023,9,Sep,16,M1.2,M,1.2,11.0,-65.0,13451.0,,GOES-P: EXIS 1.0-8.0,65.0,Northern,Near limb (>60°),33.0
2023-10-01T01:10:00-FLR-001,Solar Flare,2023-10-01 01:10:00,2023-10-01 01:32:00,2023-10-01 01:43:00,2023-10-01,2023,10,Oct,1,M2.5,M,2.5,12.0,-58.0,13452.0,,GOES-P: EXIS 1.0-8.0,58.0,Northern,Mid disk (30-60°),33.0
2023-10-01T01:44:00-FLR-001,Solar Flare,2023-10-01 01:44:00,2023-10-01 01:46:00,2023-10-01 01:49:00,2023-10-01,2023,10,Oct,1,M1.6,M,1.6,15.0,-59.0,13451.0,,GOES-P: EXIS 1.0-8.0,59.0,Northern,Mid disk (30-60°),5.0
2023-10-02T12:35:00-FLR-001,Solar Flare,2023-10-02 12:35:00,2023-10-02 12:46:00,2023-10-02 12:58:00,2023-10-02,2023,10,Oct,12,M1.9,M,1.9,19.0,-68.0,13455.0,,GOES-P: EXIS 1.0-8.0,68.0,Northern,Near limb (>60°),23.0
2023-10-02T15:53:00-FLR-001,Solar Flare,2023-10-02 15:53:00,2023-10-02 15:58:00,2023-10-02 16:02:00,2023-10-02,2023,10,Oct,15,C2.4,C,2.4,-17.0,-2.0,13450.0,,GOES-P: EXIS 1.0-8.0,2.0,Southern,Near centre (<30°),9.0
2023-10-03T11:12:00-HSS-001,High Speed Stream,2023-10-03 11:12:00,,,2023-10-03,2023,10,Oct,11,,,,,,,,"DSCOVR: PLASMAG, ACE: SWEPAM, ACE: MAG",,,,
2023-10-07T17:57:00-FLR-001,Solar Flare,2023-10-07 17:57:00,2023-10-07 18:06:00,2023-10-07 18:10:00,2023-10-07,2023,10,Oct,17,M1.7,M,1.7,-12.0,-28.0,13457.0,,GOES-P: EXIS 1.0-8.0,28.0,Southern,Near centre (<30°),13.0
2023-10-10T01:55:00-FLR-001,Solar Flare,2023-10-10 01:55:00,2023-10-10 02:09:00,2023-10-10 02:22:00,2023-10-10,2023,10,Oct,1,M1.6,M,1.6,14.0,65.0,13452.0,,GOES-P: EXIS 1.0-8.0,65.0,Northern,Near limb (>60°),27.0
2023-10-10T12:08:00-FLR-001,Solar Flare,2023-10-10 12:08:00,2023-10-10 12:17:00,2023-10-10 12:29:00,2023-10-10,2023,10,Oct,12,M2.3,M,2.3,12.0,70.0,13451.0,,GOES-P: EXIS 1.0-8.0,70.0,Northern,Near limb (>60°),21.0
2023-10-12T04:50:00-FLR-001,Solar Flare,2023-10-12 04:50:00,2023-10-12 04:58:00,2023-10-12 05:05:00,2023-10-12,2023,10,Oct,4,M1.1,M,1.1,17.0,90.0,13451.0,,GOES-S: EXIS 1.0-8.0,90.0,Northern,Near limb (>60°),15.0
2023-10-12T05:56:00-FLR-001,Solar Flare,2023-10-12 05:56:00,2023-10-12 06:00:00,2023-10-12 06:11:00,2023-10-12,2023,10,Oct,5,C2.8,C,2.8,5.0,-45.0,13464.0,,GOES-P: EXIS 1.0-8.0,45.0,Northern,Mid disk (30-60°),15.0
2023-10-13T09:08:00-HSS-001,High Speed Stream,2023-10-13 09:08:00,,,2023-10-13,2023,10,Oct,9,,,,,,,,"STEREO A: IMPACT, STEREO A: PLASTIC",,,,
2023-10-13T11:55:00-HSS-001,High Speed Stream,2023-10-13 11:55:00,,,2023-10-13,2023,10,Oct,11,,,,,,,,"DSCOVR: PLASMAG, ACE: SWEPAM, ACE: MAG",,,,
2023-10-16T10:32:00-FLR-001,Solar Flare,2023-10-16 10:32:00,2023-10-16 10:51:00,2023-10-16 11:07:00,2023-10-16,2023,10,Oct,10,C7.5,C,7.5,13.0,-47.0,13467.0,,GOES-P: EXIS 1.0-8.0,47.0,Northern,Mid disk (30-60°),35.0
2023-10-17T04:41:00-FLR-001,Solar Flare,2023-10-17 04:41:00,2023-10-17 05:05:00,2023-10-17 05:47:00,2023-10-17,2023,10,Oct,4,C2.2,C,2.2,-20.0,32.0,13463.0,,GOES-P: EXIS 1.0-8.0,32.0,Southern,Mid disk (30-60°),66.0
2023-10-18T09:02:00-HSS-001,High Speed Stream,2023-10-18 09:02:00,,,2023-10-18,2023,10,Oct,9,,,,,,,,"DSCOVR: PLASMAG, ACE: SWEPAM, ACE: MAG",,,,
2023-10-25T12:55:00-FLR-001,Solar Flare,2023-10-25 12:55:00,2023-10-25 13:06:00,2023-10-25 13:17:00,2023-10-25,2023,10,Oct,12,C1.7,C,1.7,-17.0,-80.0,13474.0,,GOES-P: EXIS 1.0-8.0,80.0,Southern,Near limb (>60°),22.0
2023-10-25T21:57:00-FLR-001,Solar Flare,2023-10-25 21:57:00,2023-10-25 22:15:00,2023-10-25 22:33:00,2023-10-25,2023,10,Oct,21,C1.6,C,1.6,27.0,90.0,,,GOES-P: EXIS 1.0-8.0,90.0,Northern,Near limb (>60°),36.0
2023-10-26T12:38:00-HSS-001,High Speed Stream,2023-10-26 12:38:00,,,2023-10-26,2023,10,Oct,12,,,,,,,,"DSCOVR: PLASMAG, ACE: SWEPAM, ACE: MAG",,,,
2023-10-26T21:00:00-HSS-001,High Speed Stream,2023-10-26 21:00:00,,,2023-10-26,2023,10,Oct,21,,,,,,,,"STEREO A: IMPACT, STEREO A: PLASTIC",,,,
2023-10-26T22:47:00-FLR-001,Solar Flare,2023-10-26 22:47:00,2023-10-26 23:24:00,2023-10-27 00:20:00,2023-10-26,2023,10,Oct,22,M1.4,M,1.4,20.0,-90.0,,,GOES-P: EXIS 1.0-8.0,90.0,Northern,Near limb (>60°),93.0
2023-10-28T05:35:00-HSS-001,High Speed Stream,2023-10-28 05:35:00,,,2023-10-28,2023,10,Oct,5,,,,,,,,"DSCOVR: PLASMAG, ACE: SWEPAM, ACE: MAG",,,,
2023-10-28T05:54:00-HSS-001,High Speed Stream,2023-10-28 05:54:00,,,2023-10-28,2023,10,Oct,5,,,,,,,,"STEREO A: IMPACT, STEREO A: PLASTIC",,,,
2023-10-31T20:16:00-FLR-001,Solar Flare,2023-10-31 20:16:00,2023-10-31 20:24:00,2023-10-31 20:29:00,2023-10-31,2023,10,Oct,20,C3.9,C,3.9,-14.0,-85.0,13477.0,,GOES-P: EXIS 1.0-8.0,85.0,Southern,Near limb (>60°),13.0
2023-11-01T06:07:00-FLR-001,Solar Flare,2023-11-01 06:07:00,2023-11-01 06:26:00,2023-11-01 06:49:00,2023-11-01,2023,11,Nov,6,M1.1,M,1.1,-15.0,-80.0,13477.0,,GOES-P: EXIS 1.0-8.0,80.0,Southern,Near limb (>60°),42.0
2023-11-01T11:37:00-FLR-001,Solar Flare,2023-11-01 11:37:00,2023-11-01 12:26:00,2023-11-01 13:00:00,2023-11-01,2023,11,Nov,11,M1.4,M,1.4,-10.0,-90.0,13480.0,,GOES-P: EXIS 1.0-8.0,90.0,Southern,Near limb (>60°),83.0
2023-11-02T05:15:00-FLR-001,Solar Flare,2023-11-02 05:15:00,2023-11-02 05:22:00,2023-11-02 05:29:00,2023-11-02,2023,11,Nov,5,C4.9,C,4.9,-10.0,-90.0,,,GOES-P: EXIS 1.0-8.0,90.0,Southern,Near limb (>60°),14.0
2023-11-02T12:18:00-FLR-001,Solar Flare,2023-11-02 12:18:00,2023-11-02 12:22:00,2023-11-02 12:26:00,2023-11-02,2023,11,Nov,12,M1.6,M,1.6,-18.0,35.0,13474.0,,GOES-P: EXIS 1.0-8.0,35.0,Southern,Mid disk (30-60°),8.0
2023-11-02T19:08:00-FLR-001,Solar Flare,2023-11-02 19:08:00,2023-11-02 19:21:00,2023-11-02 19:28:00,2023-11-02,2023,11,Nov,19,M1.0,M,1.0,-10.0,-85.0,13480.0,,GOES-P: EXIS 1.0-8.0,85.0,Southern,Near limb (>60°),20.0
2023-11-03T04:40:00-FLR-001,Solar Flare,2023-11-03 04:40:00,2023-11-03 06:17:00,2023-11-03 07:00:00,2023-11-03,2023,11,Nov,4,C3.2,C,3.2,30.0,30.0,,,GOES-P: EXIS 1.0-8.0,30.0,Northern,Near centre (<30°),140.0
2023-11-05T09:00:00-GST-001,Geomagnetic Storm,2023-11-05 09:00:00,,,2023-11-05,2023,11,Nov,9,G0,G,0.0,,,,6.0,,,,,
2023-11-05T11:34:00-FLR-001,Solar Flare,2023-11-05 11:34:00,2023-11-05 11:43:00,2023-11-05 11:47:00,2023-11-05,2023,11,Nov,11,M1.8,M,1.8,-9.0,-52.0,13480.0,,GOES-P: EXIS 1.0-8.0,52.0,Southern,Mid disk (30-60°),13.0
2023-11-05T14:24:00-FLR-001,Solar Flare,2023-11-05 14:24:00,2023-11-05 14:32:00,2023-11-05 14:36:00,2023-11-05,2023,11,Nov,14,M1.6,M,1.6,-9.0,-51.0,13480.0,,GOES-P: EXIS 1.0-8.0,51.0,Southern,Mid disk (30-60°),12.0
2023-11-06T11:47:00-HSS-001,High Speed Stream,2023-11-06 11:47:00,,,2023-11-06,2023,11,Nov,11,,,,,,,,"ACE: SWEPAM, ACE: MAG, DSCOVR: PLASMAG",,,,
2023-11-09T10:53:00-FLR-001,Solar Flare,2023-11-09 10:53:00,2023-11-09 11:18:00,2023-11-09 12:01:00,2023-11-09,2023,11,Nov,10,C2.6,C,2.6,-11.0,5.0,13480.0,,GOES-P: EXIS 1.0-8.0,5.0,Southern,Near centre (<30°),68.0
2023-11-11T17:01:00-FLR-001,Solar Flare,2023-11-11 17:01:00,2023-11-11 17:29:00,2023-11-11 17:45:00,2023-11-11,2023,11,Nov,17,M1.2,M,1.2,-17.0,64.0,13477.0,,GOES-P: EXIS 1.0-8.0,64.0,Southern,Near limb (>60°),44.0
2023-11-13T16:17:00-HSS-001,High Speed Stream,2023-11-13 16:17:00,,,2023-11-13,2023,11,Nov,16,,,,,,,,"DSCOVR: PLASMAG, ACE: SWEPAM, ACE: MAG",,,,
2023-11-14T03:40:00-FLR-001,Solar Flare,2023-11-14 03:40:00,2023-11-14 03:45:00,2023-11-14 04:03:00,2023-11-14,2023,11,Nov,3,C1.8,C,1.8,-20.0,65.0,13485.0,,GOES-P: EXIS 1.0-8.0,65.0,Southern,Near limb (>60°),23.0
2023-11-14T22:58:00-FLR-001,Solar Flare,2023-11-14 22:58:00,2023-11-14 23:05:00,2023-11-14 23:09:00,2023-11-14,2023,11,Nov,22,M1.0,M,1.0,-17.0,75.0,13485.0,,GOES-P: EXIS 1.0-8.0,75.0,Southern,Near limb (>60°),11.0
2023-11-15T03:55:00-FLR-001,Solar Flare,2023-11-15 03:55:00,2023-11-15 04:01:00,2023-11-15 04:06:00,2023-11-15,2023,11,Nov,3,C8.3,C,8.3,-20.0,80.0,13485.0,,GOES-P: EXIS 1.0-8.0,80.0,Southern,Near limb (>60°),11.0
2023-11-15T12:05:00-FLR-001,Solar Flare,2023-11-15 12:05:00,2023-11-15 12:12:00,2023-11-15 12:18:00,2023-11-15,2023,11,Nov,12,C7.6,C,7.6,-20.0,95.0,13485.0,,GOES-P: EXIS 1.0-8.0,95.0,Southern,Near limb (>60°),13.0
2023-11-16T20:03:00-FLR-001,Solar Flare,2023-11-16 20:03:00,2023-11-16 20:22:00,2023-11-16 20:53:00,2023-11-16,2023,11,Nov,20,C4.8,C,4.8,-15.0,-88.0,,,GOES-P: EXIS 1.0-8.0,88.0,Southern,Near limb (>60°),50.0
2023-11-18T05:37:00-FLR-001,Solar Flare,2023-11-18 05:37:00,2023-11-18 05:42:00,2023-11-18 05:50:00,2023-11-18,2023,11,Nov,5,M1.2,M,1.2,21.0,-95.0,13490.0,,GOES-P: EXIS 1.0-8.0,95.0,Northern,Near limb (>60°),13.0
2023-11-18T16:34:00-FLR-001,Solar Flare,2023-11-18 16:34:00,2023-11-18 16:44:00,2023-11-18 16:54:00,2023-11-18,2023,11,Nov,16,M1.1,M,1.1,17.0,-92.0,13490.0,,GOES-P: EXIS 1.0-8.0,92.0,Northern,Near limb (>60°),20.0
2023-11-18T22:26:00-FLR-001,Solar Flare,2023-11-18 22:26:00,2023-11-18 22:34:00,2023-11-18 22:40:00,2023-11-18,2023,11,Nov,22,M1.0,M,1.0,15.0,-90.0,13490.0,,GOES-P: EXIS 1.0-8.0,90.0,Northern,Near limb (>60°),14.0
2023-11-20T08:54:00-FLR-001,Solar Flare,2023-11-20 08:54:00,2023-11-20 09:03:00,2023-11-20 09:12:00,2023-11-20,2023,11,Nov,8,M1.2,M,1.2,20.0,-72.0,13492.0,,GOES-P: EXIS 1.0-8.0,72.0,Northern,Near limb (>60°),18.0
2023-11-21T20:40:00-HSS-001,High Speed Stream,2023-11-21 20:40:00,,,2023-11-21,2023,11,Nov,20,,,,,,,,"DSCOVR: PLASMAG, ACE: SWEPAM, ACE: MAG",,,,
2023-11-22T05:14:00-HSS-001,High Speed Stream,2023-11-22 05:14:00,,,2023-11-22,2023,11,Nov,5,,,,,,,,"STEREO A: IMPACT, STEREO A: PLASTIC",,,,
2023-11-22T18:58:00-FLR-001,Solar Flare,2023-11-22 18:58:00,2023-11-22 19:02:00,2023-11-22 19:25:00,2023-11-22,2023,11,Nov,18,C4.1,C,4.1,-15.0,-7.0,13489.0,,GOES-P: EXIS 1.0-8.0,7.0,Southern,Near centre (<30°),27.0
2023-11-23T02:59:00-FLR-001,Solar Flare,2023-11-23 02:59:00,2023-11-23 03:38:00,2023-11-23 04:05:00,2023-11-23,2023,11,Nov,2,M1.4,M,1.4,25.0,-110.0,13503.0,,GOES-P: EXIS 1.0-8.0,110.0,Northern,Near limb (>60°),66.0
2023-11-23T14:25:00-FLR-001,Solar Flare,2023-11-23 14:25:00,2023-11-23 14:37:00,2023-11-23 14:42:00,2023-11-23,2023,11,Nov,14,M1.0,M,1.0,20.0,-16.0,13490.0,,GOES-P: EXIS 1.0-8.0,16.0,Northern,Near centre (<30°),17.0
2023-11-24T09:17:00-FLR-001,Solar Flare,2023-11-24 09:17:00,2023-11-24 09:33:00,2023-11-24 09:43:00,2023-11-24,2023,11,Nov,9,M1.1,M,1.1,-18.0,2.0,13499.0,,GOES-P: EXIS 1.0-8.0,2.0,Southern,Near centre (<30°),26.0
2023-11-24T18:50:00-HSS-001,High Speed Stream,2023-11-24 18:50:00,,,2023-11-24,2023,11,Nov,18,,,,,,,,"DSCOVR: PLASMAG, ACE: SWEPAM, ACE: MAG",,,,
2023-11-25T18:00:00-GST-001,Geomagnetic Storm,2023-11-25 18:00:00,,,2023-11-25,2023,11,Nov,18,G0,G,0.0,,,,6.0,,,,,
2023-11-26T07:38:00-FLR-001,Solar Flare,2023-11-26 07:38:00,2023-11-26 07:43:00,2023-11-26 07:51:00,2023-11-26,2023,11,Nov,7,C3.6,C,3.6,20.0,18.0,13490.0,,GOES-P: EXIS 1.0-8.0,18.0,Northern,Near centre (<30°),13.0
2023-11-27T18:21:00-FLR-001,Solar Flare,2023-11-27 18:21:00,2023-11-27 18:37:00,2023-11-27 18:40:00,2023-11-27,2023,11,Nov,18,C3.8,C,3.8,20.0,-15.0,,,GOES-P: EXIS 1.0-8.0,15.0,Northern,Near centre (<30°),19.0
2023-11-27T23:13:00-FLR-001,Solar Flare,2023-11-27 23:13:00,2023-11-27 23:40:00,2023-11-28 00:26:00,2023-11-27,2023,11,Nov,23,C5.5,C,5.5,26.0,-40.0,,,GOES-P: EXIS 1.0-8.0,40.0,Northern,Mid disk (30-60°),73.0
2023-11-28T19:07:00-FLR-001,Solar Flare,2023-11-28 19:07:00,2023-11-28 19:32:00,2023-11-28 19:35:00,2023-11-28,2023,11,Nov,19,M3.4,M,3.4,-16.0,2.0,13500.0,,GOES-P: EXIS 1.0-8.0,2.0,Southern,Near centre (<30°),28.0
2023-11-28T19:35:00-FLR-001,Solar Flare,2023-11-28 19:35:00,2023-11-28 19:50:00,2023-11-28 20:09:00,2023-11-28,2023,11,Nov,19,M9.8,M,9.8,-16.0,3.0,13500.0,,GOES-P: EXIS 1.0-8.0,3.0,Southern,Near centre (<30°),34.0
2023-11-30T22:37:00-FLR-001,Solar Flare,2023-11-30 22:37:00,2023-11-30 22:48:00,2023-11-30 22:56:00,2023-11-30,2023,11,Nov,22,C3.6,C,3.6,-17.0,90.0,13499.0,,GOES-P: EXIS 1.0-8.0,90.0,Southern,Near limb (>60°),19.0
2023-12-01T02:52:00-FLR-001,Solar Flare,2023-12-01 02:52:00,2023-12-01 03:11:00,2023-12-01 03:24:00,2023-12-01,2023,12,Dec,2,C4.8,C,4.8,18.0,90.0,,,GOES-P: EXIS 1.0-8.0,90.0,Northern,Near limb (>60°),32.0
2023-12-01T04:12:00-FLR-001,Solar Flare,2023-12-01 04:12:00,2023-12-01 04:39:00,2023-12-01 05:07:00,2023-12-01,2023,12,Dec,4,M1.1,M,1.1,12.0,80.0,13502.0,,GOES-P: EXIS 1.0-8.0,80.0,Northern,Near limb (>60°),55.0
2023-12-01T09:00:00-GST-001,Geomagnetic Storm,2023-12-01 09:00:00,,,2023-12-01,2023,12,Dec,9,G0,G,0.0,,,,7.0,,,,,
2023-12-01T11:48:00-FLR-001,Solar Flare,2023-12-01 11:48:00,2023-12-01 11:59:00,2023-12-01 12:05:00,2023-12-01,2023,12,Dec,11,C5.2,C,5.2,-20.0,38.0,13500.0,,GOES-P: EXIS 1.0-8.0,38.0,Southern,Mid disk (30-60°),17.0
2023-12-01T20:55:00-FLR-001,Solar Flare,2023-12-01 20:55:00,2023-12-01 21:20:00,2023-12-01 22:10:00,2023-12-01,2023,12,Dec,20,M1.0,M,1.0,-18.0,40.0,13500.0,,GOES-P: EXIS 1.0-8.0,40.0,Southern,Mid disk (30-60°),75.0
2023-12-03T16:08:00-HSS-001,High Speed Stream,2023-12-03 16:08:00,,,2023-12-03,2023,12,Dec,16,,,,,,,,"DSCOVR: PLASMAG, ACE: SWEPAM, ACE: MAG",,,,
2023-12-04T08:19:00-HSS-001,High Speed Stream,2023-12-04 08:19:00,,,2023-12-04,2023,12,Dec,8,,,,,,,,"STEREO A: PLASTIC, STEREO A: IMPACT",,,,
2023-12-05T06:39:00-FLR-001,Solar Flare,2023-12-05 06:39:00,2023-12-05 06:44:00,2023-12-05 06:48:00,2023-12-05,2023,12,Dec,6,M1.5,M,1.5,18.0,-73.0,13513.0,,GOES-P: EXIS 1.0-8.0,73.0,Northern,Near limb (>60°),9.0
2023-12-05T06:48:00-FLR-001,Solar Flare,2023-12-05 06:48:00,2023-12-05 06:58:00,2023-12-05 07:06:00,2023-12-05,2023,12,Dec,6,C5.3,C,5.3,-18.0,90.0,13500.0,,GOES-P: EXIS 1.0-8.0,90.0,Southern,Near limb (>60°),18.0
2023-12-05T20:59:00-FLR-001,Solar Flare,2023-12-05 20:59:00,2023-12-05 21:10:00,2023-12-05 21:17:00,2023-12-05,2023,12,Dec,20,M1.0,M,1.0,19.0,-69.0,13513.0,,GOES-P: EXIS 1.0-8.0,69.0,Northern,Near limb (>60°),18.0
2023-12-05T21:17:00-FLR-001,Solar Flare,2023-12-05 21:17:00,2023-12-05 21:20:00,2023-12-05 21:25:00,2023-12-05,2023,12,Dec,21,M1.4,M,1.4,19.0,-69.0,13513.0,,GOES-P: EXIS 1.0-8.0,69.0,Northern,Near limb (>60°),8.0
2023-12-06T05:30:00-FLR-001,Solar Flare,2023-12-06 05:30:00,2023-12-06 05:41:00,2023-12-06 05:52:00,2023-12-06,2023,12,Dec,5,M2.1,M,2.1,19.0,-65.0,13513.0,,GOES-P: EXIS 1.0-8.0,65.0,Northern,Near limb (>60°),22.0
2023-12-06T21:26:00-FLR-001,Solar Flare,2023-12-06 21:26:00,2023-12-06 21:44:00,2023-12-06 21:55:00,2023-12-06,2023,12,Dec,21,M2.3,M,2.3,19.0,-55.0,13513.0,,GOES-P: EXIS 1.0-8.0,55.0,Northern,Mid disk (30-60°),29.0
2023-12-08T22:57:00-FLR-001,Solar Flare,2023-12-08 22:57:00,2023-12-08 23:07:00,2023-12-08 23:14:00,2023-12-08,2023,12,Dec,22,M5.4,M,5.4,-21.0,50.0,13511.0,,GOES-P: EXIS 1.0-8.0,50.0,Southern,Mid disk (30-60°),17.0
2023-12-09T09:41:00-FLR-001,Solar Flare,2023-12-09 09:41:00,2023-12-09 09:55:00,2023-12-09 10:06:00,2023-12-09,2023,12,Dec,9,M1.5,M,1.5,-22.0,57.0,13511.0,,GOES-P: EXIS 1.0-8.0,57.0,Southern,Mid disk (30-60°),25.0
2023-12-09T13:03:00-FLR-001,Solar Flare,2023-12-09 13:03:00,2023-12-09 13:19:00,2023-12-09 13:37:00,2023-12-09,2023,12,Dec,13,M1.0,M,1.0,-22.0,58.0,13511.0,,GOES-P: EXIS 1.0-8.0,58.0,Southern,Mid disk (30-60°),34.0
2023-12-10T03:42:00-FLR-001,Solar Flare,2023-12-10 03:42:00,2023-12-10 03:53:00,2023-12-10 03:58:00,2023-12-10,2023,12,Dec,3,M2.3,M,2.3,-22.0,67.0,13511.0,,GOES-P: EXIS 1.0-8.0,67.0,Southern,Near limb (>60°),16.0
2023-12-10T22:37:00-FLR-001,Solar Flare,2023-12-10 22:37:00,2023-12-10 22:43:00,2023-12-10 22:47:00,2023-12-10,2023,12,Dec,22,M1.4,M,1.4,-21.0,77.0,13511.0,,GOES-P: EXIS 1.0-8.0,77.0,Southern,Near limb (>60°),10.0
2023-12-11T19:56:00-FLR-001,Solar Flare,2023-12-11 19:56:00,2023-12-11 20:02:00,2023-12-11 20:07:00,2023-12-11,2023,12,Dec,19,C1.6,C,1.6,-20.0,-40.0,13516.0,,GOES-P: EXIS 1.0-8.0,40.0,Southern,Mid disk (30-60°),11.0
2023-12-12T22:29:00-FLR-001,Solar Flare,2023-12-12 22:29:00,2023-12-12 22:55:00,2023-12-12 00:29:00,2023-12-12,2023,12,Dec,22,C2.8,C,2.8,6.0,25.0,13514.0,,GOES-P: EXIS 1.0-8.0,25.0,Northern,Near centre (<30°),
2023-12-14T07:11:00-FLR-001,Solar Flare,2023-12-14 07:11:00,2023-12-14 07:44:00,2023-12-14 08:00:00,2023-12-14,2023,12,Dec,7,M5.8,M,5.8,5.0,50.0,13514.0,,GOES-P: EXIS 1.0-8.0,50.0,Northern,Mid disk (30-60°),49.0
2023-12-14T13:29:00-FLR-001,Solar Flare,2023-12-14 13:29:00,2023-12-14 13:48:00,2023-12-14 14:08:00,2023-12-14,2023,12,Dec,13,M2.3,M,2.3,5.0,52.0,13514.0,,GOES-P: EXIS 1.0-8.0,52.0,Northern,Mid disk (30-60°),39.0
2023-12-14T16:47:00-FLR-001,Solar Flare,2023-12-14 16:47:00,2023-12-14 17:02:00,2023-12-14 17:12:00,2023-12-14,2023,12,Dec,16,X2.8,X,2.8,5.0,54.0,13514.0,,GOES-P: EXIS 1.0-8.0,54.0,Northern,Mid disk (30-60°),25.0
2023-12-15T07:03:00-FLR-001,Solar Flare,2023-12-15 07:03:00,2023-12-15 07:15:00,2023-12-15 07:23:00,2023-12-15,2023,12,Dec,7,M6.3,M,6.3,3.0,59.0,13514.0,,GOES-P: EXIS 1.0-8.0,59.0,Northern,Mid disk (30-60°),20.0
2023-12-15T07:23:00-FLR-001,Solar Flare,2023-12-15 07:23:00,2023-12-15 07:34:00,2023-12-15 07:43:00,2023-12-15,2023,12,Dec,7,M6.9,M,6.9,2.0,66.0,13514.0,,GOES-P: EXIS 1.0-8.0,66.0,Northern,Near limb (>60°),20.0
2023-12-16T13:19:00-FLR-001,Solar Flare,2023-12-16 13:19:00,2023-12-16 13:54:00,2023-12-16 14:12:00,2023-12-16,2023,12,Dec,13,C8.3,C,8.3,6.0,76.0,13514.0,,GOES-P: EXIS 1.0-8.0,76.0,Northern,Near limb (>60°),53.0
2023-12-17T20:08:00-FLR-001,Solar Flare,2023-12-17 20:08:00,2023-12-17 20:17:00,2023-12-17 20:21:00,2023-12-17,2023,12,Dec,20,M1.1,M,1.1,5.0,90.0,13514.0,,GOES-P: EXIS 1.0-8.0,90.0,Northern,Near limb (>60°),13.0
2023-12-18T06:00:00-GST-001,Geomagnetic Storm,2023-12-18 06:00:00,,,2023-12-18,2023,12,Dec,6,G0,G,0.0,,,,6.0,,,,,
2023-12-18T17:58:00-HSS-001,High Speed Stream,2023-12-18 17:58:00,,,2023-12-18,2023,12,Dec,17,,,,,,,,"DSCOVR: PLASMAG, ACE: SWEPAM",,,,
2023-12-20T09:23:00-FLR-001,Solar Flare,2023-12-20 09:23:00,2023-12-20 09:36:00,2023-12-20 09:55:00,2023-12-20,2023,12,Dec,9,C7.9,C,7.9,-10.0,50.0,13519.0,,GOES-P: EXIS 1.0-8.0,50.0,Southern,Mid disk (30-60°),32.0
2023-12-21T05:19:00-FLR-001,Solar Flare,2023-12-21 05:19:00,2023-12-21 05:38:00,2023-12-21 05:49:00,2023-12-21,2023,12,Dec,5,M4.2,M,4.2,-11.0,61.0,13519.0,,GOES-P: EXIS 1.0-8.0,61.0,Southern,Near limb (>60°),30.0
2023-12-21T23:42:00-FLR-001,Solar Flare,2023-12-21 23:42:00,2023-12-22 00:04:00,2023-12-22 00:19:00,2023-12-21,2023,12,Dec,23,M3.3,M,3.3,-12.0,72.0,13519.0,,GOES-P: EXIS 1.0-8.0,72.0,Southern,Near limb (>60°),37.0
2023-12-22T00:57:00-FLR-001,Solar Flare,2023-12-22 00:57:00,2023-12-22 01:10:00,2023-12-22 01:33:00,2023-12-22,2023,12,Dec,0,C8.1,C,8.1,-11.0,72.0,13519.0,,GOES-P: EXIS 1.0-8.0,72.0,Southern,Near limb (>60°),36.0
2023-12-22T04:46:00-FLR-001,Solar Flare,2023-12-22 04:46:00,2023-12-22 04:57:00,2023-12-22 05:02:00,2023-12-22,2023,12,Dec,4,C7.8,C,7.8,-10.0,71.0,13519.0,,GOES-P: EXIS 1.0-8.0,71.0,Southern,Near limb (>60°),16.0
2023-12-24T11:09:00-FLR-001,Solar Flare,2023-12-24 11:09:00,2023-12-24 11:18:00,2023-12-24 11:24:00,2023-12-24,2023,12,Dec,11,M2.9,M,2.9,-20.0,25.0,13529.0,,GOES-P: EXIS 1.0-8.0,25.0,Southern,Near centre (<30°),15.0
2023-12-24T16:37:00-FLR-001,Solar Flare,2023-12-24 16:37:00,2023-12-24 16:49:00,2023-12-24 16:56:00,2023-12-24,2023,12,Dec,16,M2.6,M,2.6,-20.0,30.0,13529.0,,GOES-P: EXIS 1.0-8.0,30.0,Southern,Near centre (<30°),19.0
2023-12-24T19:21:00-FLR-001,Solar Flare,2023-12-24 19:21:00,2023-12-24 19:51:00,2023-12-24 20:16:00,2023-12-24,2023,12,Dec,19,M1.1,M,1.1,-23.0,-90.0,,,GOES-P: EXIS 1.0-8.0,90.0,Southern,Near limb (>60°),55.0
2023-12-31T18:44:00-FLR-001,Solar Flare,2023-12-31 18:44:00,2023-12-31 19:12:00,2023-12-31 19:40:00,2023-12-31,2023,12,Dec,18,M1.0,M,1.0,4.0,-80.0,13536.0,,GOES-P: EXIS 1.0-8.0,80.0,Northern,Near limb (>60°),56.0
2023-12-31T21:40:00-FLR-001,Solar Flare,2023-12-31 21:37:00,2023-12-31 21:55:00,2023-12-31 22:08:00,2023-12-31,2023,12,Dec,21,X5.0,X,5.0,4.0,-80.0,13536.0,,GOES-P: EXIS 1.0-8.0,80.0,Northern,Near limb (>60°),31.0
2024-01-01T08:33:00-FLR-001,Solar Flare,2024-01-01 08:33:00,2024-01-01 08:54:00,2024-01-01 09:04:00,2024-01-01,2024,1,Jan,8,M2.3,M,2.3,3.0,-70.0,13536.0,,GOES-P: EXIS 1.0-8.0,70.0,Northern,Near limb (>60°),31.0
2024-01-01T11:54:00-FLR-001,Solar Flare,2024-01-01 11:54:00,2024-01-01 12:25:00,2024-01-01 12:35:00,2024-01-01,2024,1,Jan,11,M4.7,M,4.7,3.0,-68.0,13536.0,,GOES-P: EXIS 1.0-8.0,68.0,Northern,Near limb (>60°),41.0
2024-01-02T18:02:00-FLR-001,Solar Flare,2024-01-02 18:02:00,2024-01-02 18:30:00,2024-01-02 18:56:00,2024-01-02,2024,1,Jan,18,M1.1,M,1.1,5.0,-59.0,13536.0,,GOES-P: EXIS 1.0-8.0,59.0,Northern,Mid disk (30-60°),54.0
2024-01-04T01:08:00-FLR-001,Solar Flare,2024-01-04 01:08:00,2024-01-04 01:16:00,2024-01-04 01:22:00,2024-01-04,2024,1,Jan,1,M1.1,M,1.1,2.0,-38.0,13536.0,,GOES-P: EXIS 1.0-8.0,38.0,Northern,Mid disk (30-60°),14.0
2024-01-04T01:22:00-FLR-001,Solar Flare,2024-01-04 01:22:00,2024-01-04 01:55:00,2024-01-04 02:12:00,2024-01-04,2024,1,Jan,1,M3.8,M,3.8,4.0,-38.0,13536.0,,GOES-P: EXIS 1.0-8.0,38.0,Northern,Mid disk (30-60°),50.0
2024-01-06T05:28:00-FLR-001,Solar Flare,2024-01-06 05:28:00,2024-01-06 05:37:00,2024-01-06 05:41:00,2024-01-06,2024,1,Jan,5,C3.3,C,3.3,2.0,-1.0,13536.0,,GOES-P: EXIS 1.0-8.0,1.0,Northern,Near centre (<30°),13.0
2024-01-06T05:41:00-FLR-001,Solar Flare,2024-01-06 05:41:00,2024-01-06 05:47:00,2024-01-06 05:53:00,2024-01-06,2024,1,Jan,5,C3.8,C,3.8,2.0,-1.0,13536.0,,GOES-P: EXIS 1.0-8.0,1.0,Northern,Near centre (<30°),12.0
2024-01-06T05:53:00-FLR-001,Solar Flare,2024-01-06 05:53:00,2024-01-06 05:59:00,2024-01-06 06:04:00,2024-01-06,2024,1,Jan,5,C4.1,C,4.1,2.0,-3.0,13536.0,,GOES-P: EXIS 1.0-8.0,3.0,Northern,Near centre (<30°),11.0
2024-01-06T06:06:00-FLR-001,Solar Flare,2024-01-06 06:06:00,2024-01-06 06:15:00,2024-01-06 06:21:00,2024-01-06,2024,1,Jan,6,C4.0,C,4.0,1.0,-11.0,13536.0,,GOES-P: EXIS 1.0-8.0,11.0,Northern,Near centre (<30°),15.0
2024-01-10T12:39:00-FLR-001,Solar Flare,2024-01-10 12:39:00,2024-01-10 12:55:00,2024-01-10 13:05:00,2024-01-10,2024,1,Jan,12,M1.4,M,1.4,-20.0,-90.0,13549.0,,GOES-P: EXIS 1.0-8.0,90.0,Southern,Near limb (>60°),26.0
2024-01-10T18:56:00-FLR-001,Solar Flare,2024-01-10 18:56:00,2024-01-10 19:07:00,2024-01-10 19:16:00,2024-01-10,2024,1,Jan,18,C6.5,C,6.5,10.0,52.0,13536.0,,GOES-P: EXIS 1.0-8.0,52.0,Northern,Mid disk (30-60°),20.0
2024-01-10T20:28:00-FLR-001,Solar Flare,2024-01-10 20:28:00,2024-01-10 20:41:00,2024-01-10 21:00:00,2024-01-10,2024,1,Jan,20,C5.6,C,5.6,12.0,-90.0,,,GOES-P: EXIS 1.0-8.0,90.0,Northern,Near limb (>60°),32.0
2024-01-10T23:18:00-FLR-001,Solar Flare,2024-01-10 23:18:00,2024-01-10 23:28:00,2024-01-10 23:35:00,2024-01-10,2024,1,Jan,23,M1.9,M,1.9,22.0,80.0,13538.0,,GOES-P: EXIS 1.0-8.0,80.0,Northern,Near limb (>60°),17.0
2024-01-11T08:07:00-FLR-001,Solar Flare,2024-01-11 08:07:00,2024-01-11 08:20:00,2024-01-11 08:41:00,2024-01-11,2024,1,Jan,8,C4.1,C,4.1,8.0,-62.0,,,GOES-P: EXIS 1.0-8.0,62.0,Northern,Near limb (>60°),34.0
2024-01-11T12:44:00-FLR-001,Solar Flare,2024-01-11 12:44:00,2024-01-11 12:51:00,2024-01-11 12:55:00,2024-01-11,2024,1,Jan,12,M1.3,M,1.3,19.0,88.0,13538.0,,GOES-P: EXIS 1.0-8.0,88.0,Northern,Near limb (>60°),11.0
2024-01-11T17:49:00-FLR-001,Solar Flare,2024-01-11 17:49:00,2024-01-11 17:52:00,2024-01-11 17:59:00,2024-01-11,2024,1,Jan,17,M1.5,M,1.5,9.0,55.0,13539.0,,GOES-P: EXIS 1.0-8.0,55.0,Northern,Mid disk (30-60°),10.0
2024-01-11T19:08:00-FLR-001,Solar Flare,2024-01-11 19:08:00,2024-01-11 19:23:00,2024-01-11 19:49:00,2024-01-11,2024,1,Jan,19,M1.2,M,1.2,19.0,90.0,13538.0,,GOES-P: EXIS 1.0-8.0,90.0,Northern,Near limb (>60°),41.0
2024-01-12T02:55:00-FLR-001,Solar Flare,2024-01-12 02:55:00,2024-01-12 02:58:00,2024-01-12 03:02:00,2024-01-12,2024,1,Jan,2,M1.0,M,1.0,18.0,-18.0,13547.0,,GOES-P: EXIS 1.0-8.0,18.0,Northern,Near centre (<30°),7.0
2024-01-14T11:30:00-FLR-001,Solar Flare,2024-01-14 11:30:00,2024-01-14 12:06:00,2024-01-14 12:26:00,2024-01-14,2024,1,Jan,11,C9.6,C,9.6,1.0,90.0,13543.0,,GOES-P: EXIS 1.0-8.0,90.0,Northern,Near limb (>60°),56.0
2024-01-17T05:05:00-FLR-001,Solar Flare,2024-01-17 05:05:00,2024-01-17 05:23:00,2024-01-17 05:39:00,2024-01-17,2024,1,Jan,5,C1.7,C,1.7,27.0,-87.0,,,GOES-P: EXIS 1.0-8.0,87.0,Northern,Near limb (>60°),34.0
2024-01-20T08:35:00-FLR-001,Solar Flare,2024-01-20 08:35:00,2024-01-20 09:34:00,2024-01-20 10:32:00,2024-01-20,2024,1,Jan,8,C3.5,C,3.5,-15.0,-20.0,,,GOES-P: EXIS 1.0-8.0,20.0,Southern,Near centre (<30°),117.0
2024-01-21T00:03:00-FLR-001,Solar Flare,2024-01-21 00:03:00,2024-01-21 00:27:00,2024-01-21 00:35:00,2024-01-21,2024,1,Jan,0,C4.0,C,4.0,20.0,-41.0,13559.0,,GOES-P: EXIS 1.0-8.0,41.0,Northern,Mid disk (30-60°),32.0
2024-01-21T00:35:00-FLR-001,Solar Flare,2024-01-21 00:35:00,2024-01-21 00:41:00,2024-01-21 00:55:00,2024-01-21,2024,1,Jan,0,C5.3,C,5.3,28.0,-42.0,13559.0,,GOES-P: EXIS 1.0-8.0,42.0,Northern,Mid disk (30-60°),20.0
2024-01-22T06:09:00-FLR-001,Solar Flare,2024-01-22 06:09:00,2024-01-22 06:22:00,2024-01-22 06:30:00,2024-01-22,2024,1,Jan,6,M1.5,M,1.5,27.0,-27.0,13559.0,,GOES-P: EXIS 1.0-8.0,27.0,Northern,Near centre (<30°),21.0
2024-01-22T19:13:00-FLR-001,Solar Flare,2024-01-22 19:13:00,2024-01-22 19:24:00,2024-01-22 19:28:00,2024-01-22,2024,1,Jan,19,M1.1,M,1.1,25.0,-14.0,13559.0,,GOES-P: EXIS 1.0-8.0,14.0,Northern,Near centre (<30°),15.0
2024-01-22T19:28:00-FLR-001,Solar Flare,2024-01-22 19:28:00,2024-01-22 19:32:00,2024-01-22 19:36:00,2024-01-22,2024,1,Jan,19,M1.2,M,1.2,25.0,-14.0,13559.0,,GOES-P: EXIS 1.0-8.0,14.0,Northern,Near centre (<30°),8.0
2024-01-22T19:43:00-FLR-001,Solar Flare,2024-01-22 19:43:00,2024-01-22 19:47:00,2024-01-22 19:53:00,2024-01-22,2024,1,Jan,19,M2.0,M,2.0,-17.0,27.0,13561.0,,GOES-P: EXIS 1.0-8.0,27.0,Southern,Near centre (<30°),10.0
2024-01-22T21:14:00-FLR-001,Solar Flare,2024-01-22 21:14:00,2024-01-22 21:21:00,2024-01-22 21:32:00,2024-01-22,2024,1,Jan,21,M3.4,M,3.4,-18.0,30.0,13561.0,,GOES-P: EXIS 1.0-8.0,30.0,Southern,Near centre (<30°),18.0
2024-01-22T21:36:00-FLR-001,Solar Flare,2024-01-22 21:36:00,2024-01-22 21:43:00,2024-01-22 21:58:00,2024-01-22,2024,1,Jan,21,M1.6,M,1.6,-18.0,30.0,13561.0,,GOES-P: EXIS 1.0-8.0,30.0,Southern,Near centre (<30°),22.0
2024-01-22T22:19:00-FLR-001,Solar Flare,2024-01-22 22:19:00,2024-01-22 22:22:00,2024-01-22 22:26:00,2024-01-22,2024,1,Jan,22,M2.1,M,2.1,-19.0,30.0,13561.0,,GOES-P: EXIS 1.0-8.0,30.0,Southern,Near centre (<30°),7.0
2024-01-23T03:09:00-FLR-001,Solar Flare,2024-01-23 03:09:00,2024-01-23 03:31:00,2024-01-23 03:38:00,2024-01-23,2024,1,Jan,3,M5.1,M,5.1,29.0,-18.0,13559.0,,GOES-P: EXIS 1.0-8.0,18.0,Northern,Near centre (<30°),29.0
2024-01-23T06:45:00-FLR-001,Solar Flare,2024-01-23 06:45:00,2024-01-23 07:00:00,2024-01-23 07:14:00,2024-01-23,2024,1,Jan,6,C9.6,C,9.6,-17.0,35.0,13561.0,,GOES-P: EXIS 1.0-8.0,35.0,Southern,Mid disk (30-60°),29.0
2024-01-23T07:52:00-FLR-001,Solar Flare,2024-01-23 07:52:00,2024-01-23 08:11:00,2024-01-23 08:18:00,2024-01-23,2024,1,Jan,7,M2.4,M,2.4,-18.0,38.0,13561.0,,GOES-P: EXIS 1.0-8.0,38.0,Southern,Mid disk (30-60°),26.0
2024-01-23T08:18:00-FLR-001,Solar Flare,2024-01-23 08:18:00,2024-01-23 08:22:00,2024-01-23 08:26:00,2024-01-23,2024,1,Jan,8,M2.3,M,2.3,-18.0,40.0,13561.0,,GOES-P: EXIS 1.0-8.0,40.0,Southern,Mid disk (30-60°),8.0
2024-01-23T09:17:00-FLR-001,Solar Flare,2024-01-23 09:17:00,2024-01-23 09:30:00,2024-01-23 09:36:00,2024-01-23,2024,1,Jan,9,C6.2,C,6.2,30.0,-16.0,13559.0,,GOES-P: EXIS 1.0-8.0,16.0,Northern,Near centre (<30°),19.0
2024-01-23T13:03:00-FLR-001,Solar Flare,2024-01-23 13:03:00,2024-01-23 13:08:00,2024-01-23 13:13:00,2024-01-23,2024,1,Jan,13,M1.0,M,1.0,-18.0,38.0,13561.0,,GOES-P: EXIS 1.0-8.0,38.0,Southern,Mid disk (30-60°),10.0
2024-01-23T14:45:00-FLR-001,Solar Flare,2024-01-23 14:45:00,2024-01-23 14:59:00,2024-01-23 15:05:00,2024-01-23,2024,1,Jan,14,M1.3,M,1.3,-18.0,42.0,13561.0,,GOES-P: EXIS 1.0-8.0,42.0,Southern,Mid disk (30-60°),20.0
2024-01-23T16:36:00-FLR-001,Solar Flare,2024-01-23 16:36:00,2024-01-23 16:40:00,2024-01-23 16:47:00,2024-01-23,2024,1,Jan,16,M4.3,M,4.3,-17.0,39.0,13561.0,,GOES-P: EXIS 1.0-8.0,39.0,Southern,Mid disk (30-60°),11.0
2024-01-23T18:19:00-FLR-001,Solar Flare,2024-01-23 18:19:00,2024-01-23 18:28:00,2024-01-23 18:35:00,2024-01-23,2024,1,Jan,18,M1.0,M,1.0,-17.0,43.0,13561.0,,GOES-P: EXIS 1.0-8.0,43.0,Southern,Mid disk (30-60°),16.0
2024-01-23T18:35:00-FLR-001,Solar Flare,2024-01-23 18:35:00,2024-01-23 18:44:00,2024-01-23 18:49:00,2024-01-23,2024,1,Jan,18,M1.1,M,1.1,-16.0,43.0,13561.0,,GOES-P: EXIS 1.0-8.0,43.0,Southern,Mid disk (30-60°),14.0
2024-01-23T19:46:00-FLR-001,Solar Flare,2024-01-23 19:46:00,2024-01-23 19:52:00,2024-01-23 19:57:00,2024-01-23,2024,1,Jan,19,M1.0,M,1.0,-17.0,42.0,13561.0,,GOES-P: EXIS 1.0-8.0,42.0,Southern,Mid disk (30-60°),11.0
2024-01-23T19:57:00-FLR-001,Solar Flare,2024-01-23 19:57:00,2024-01-23 20:01:00,2024-01-23 20:05:00,2024-01-23,2024,1,Jan,19,M1.0,M,1.0,-17.0,44.0,13561.0,,GOES-P: EXIS 1.0-8.0,44.0,Southern,Mid disk (30-60°),8.0
2024-01-24T00:21:00-FLR-001,Solar Flare,2024-01-24 00:21:00,2024-01-24 00:38:00,2024-01-24 00:43:00,2024-01-24,2024,1,Jan,0,M1.0,M,1.0,-17.0,43.0,13561.0,,GOES-P: EXIS 1.0-8.0,43.0,Southern,Mid disk (30-60°),22.0
2024-01-24T01:31:00-FLR-001,Solar Flare,2024-01-24 01:31:00,2024-01-24 01:40:00,2024-01-24 01:53:00,2024-01-24,2024,1,Jan,1,M2.6,M,2.6,-16.0,48.0,13561.0,,GOES-P: EXIS 1.0-8.0,48.0,Southern,Mid disk (30-60°),22.0
2024-01-24T05:18:00-FLR-001,Solar Flare,2024-01-24 05:18:00,2024-01-24 05:43:00,2024-01-24 06:00:00,2024-01-24,2024,1,Jan,5,M1.4,M,1.4,-16.0,51.0,13561.0,,GOES-P: EXIS 1.0-8.0,51.0,Southern,Mid disk (30-60°),42.0
2024-01-24T12:44:00-FLR-001,Solar Flare,2024-01-24 12:44:00,2024-01-24 12:57:00,2024-01-24 13:14:00,2024-01-24,2024,1,Jan,12,C6.8,C,6.8,-18.0,52.0,13561.0,,GOES-P: EXIS 1.0-8.0,52.0,Southern,Mid disk (30-60°),30.0
2024-01-24T20:44:00-FLR-001,Solar Flare,2024-01-24 20:44:00,2024-01-24 20:58:00,2024-01-24 21:11:00,2024-01-24,2024,1,Jan,20,M1.3,M,1.3,-18.0,60.0,13561.0,,GOES-P: EXIS 1.0-8.0,60.0,Southern,Mid disk (30-60°),27.0
2024-01-24T21:27:00-FLR-001,Solar Flare,2024-01-24 21:27:00,2024-01-24 21:40:00,2024-01-24 22:15:00,2024-01-24,2024,1,Jan,21,C5.7,C,5.7,-17.0,63.0,13561.0,,GOES-P: EXIS 1.0-8.0,63.0,Southern,Near limb (>60°),48.0
2024-01-28T15:52:00-FLR-001,Solar Flare,2024-01-28 15:52:00,2024-01-28 16:00:00,2024-01-28 16:22:00,2024-01-28,2024,1,Jan,15,C3.0,C,3.0,30.0,55.0,13559.0,,GOES-P: EXIS 1.0-8.0,55.0,Northern,Mid disk (30-60°),30.0
2024-01-29T01:29:00-FLR-001,Solar Flare,2024-01-29 01:29:00,2024-01-29 01:40:00,2024-01-29 01:52:00,2024-01-29,2024,1,Jan,1,M1.2,M,1.2,30.0,61.0,13559.0,,GOES-P: EXIS 1.0-8.0,61.0,Northern,Near limb (>60°),23.0
2024-01-29T03:54:00-FLR-001,Solar Flare,2024-01-29 03:54:00,2024-01-29 04:38:00,2024-01-29 05:15:00,2024-01-29,2024,1,Jan,3,M6.8,M,6.8,25.0,70.0,13559.0,,GOES-P: EXIS 1.0-8.0,70.0,Northern,Near limb (>60°),81.0
2024-01-29T12:52:00-HSS-001,High Speed Stream,2024-01-29 12:52:00,,,2024-01-29,2024,1,Jan,12,,,,,,,,"DSCOVR: PLASMAG, ACE: SWEPAM, ACE: MAG",,,,
2024-01-30T00:07:00-FLR-001,Solar Flare,2024-01-30 00:07:00,2024-01-30 00:16:00,2024-01-30 00:22:00,2024-01-30,2024,1,Jan,0,C1.9,C,1.9,31.0,78.0,13559.0,,GOES-P: EXIS 1.0-8.0,78.0,Northern,Near limb (>60°),15.0
2024-02-01T06:36:00-FLR-001,Solar Flare,2024-02-01 06:36:00,2024-02-01 07:43:00,2024-02-01 08:48:00,2024-02-01,2024,2,Feb,6,C3.0,C,3.0,20.0,-5.0,,,GOES-P: EXIS 1.0-8.0,5.0,Northern,Near centre (<30°),132.0
2024-02-01T14:57:00-FLR-001,Solar Flare,2024-02-01 14:57:00,2024-02-01 15:00:00,2024-02-01 15:04:00,2024-02-01,2024,2,Feb,14,C2.5,C,2.5,-20.0,-80.0,,,GOES-P: EXIS 1.0-8.0,80.0,Southern,Near limb (>60°),7.0
2024-02-02T02:52:00-FLR-001,Solar Flare,2024-02-02 02:52:00,2024-02-02 03:01:00,2024-02-02 03:05:00,2024-02-02,2024,2,Feb,2,M1.1,M,1.1,-18.0,-60.0,13571.0,,GOES-P: EXIS 1.0-8.0,60.0,Southern,Mid disk (30-60°),13.0
2024-02-02T10:48:00-FLR-001,Solar Flare,2024-02-02 10:48:00,2024-02-02 10:57:00,2024-02-02 11:03:00,2024-02-02,2024,2,Feb,10,C5.6,C,5.6,-19.0,-56.0,13571.0,,GOES-P: EXIS 1.0-8.0,56.0,Southern,Mid disk (30-60°),15.0
2024-02-02T15:25:00-FLR-001,Solar Flare,2024-02-02 15:25:00,2024-02-02 15:34:00,2024-02-02 15:39:00,2024-02-02,2024,2,Feb,15,C3.0,C,3.0,-19.0,-53.0,13571.0,,GOES-P: EXIS 1.0-8.0,53.0,Southern,Mid disk (30-60°),14.0
2024-02-02T16:22:00-FLR-001,Solar Flare,2024-02-02 16:22:00,2024-02-02 16:32:00,2024-02-02 16:38:00,2024-02-02,2024,2,Feb,16,C3.1,C,3.1,-20.0,-55.0,13571.0,,GOES-P: EXIS 1.0-8.0,55.0,Southern,Mid disk (30-60°),16.0
2024-02-04T09:25:00-HSS-001,High Speed Stream,2024-02-04 09:25:00,,,2024-02-04,2024,2,Feb,9,,,,,,,,"DSCOVR: PLASMAG, ACE: SWEPAM, ACE: MAG",,,,
2024-02-04T11:40:00-FLR-001,Solar Flare,2024-02-04 11:40:00,2024-02-04 11:53:00,2024-02-04 12:08:00,2024-02-04,2024,2,Feb,11,M1.4,M,1.4,-17.0,-79.0,13576.0,,GOES-P: EXIS 1.0-8.0,79.0,Southern,Near limb (>60°),28.0
2024-02-04T16:22:00-FLR-001,Solar Flare,2024-02-04 16:22:00,2024-02-04 16:38:00,2024-02-04 16:46:00,2024-02-04,2024,2,Feb,16,M1.5,M,1.5,-17.0,-75.0,13576.0,,GOES-P: EXIS 1.0-8.0,75.0,Southern,Near limb (>60°),24.0
2024-02-04T17:05:00-FLR-001,Solar Flare,2024-02-04 17:05:00,2024-02-04 17:12:00,2024-02-04 17:19:00,2024-02-04,2024,2,Feb,17,M1.3,M,1.3,-17.0,-74.0,13576.0,,GOES-P: EXIS 1.0-8.0,74.0,Southern,Near limb (>60°),14.0
2024-02-04T18:16:00-FLR-001,Solar Flare,2024-02-04 18:16:00,2024-02-04 18:29:00,2024-02-04 18:43:00,2024-02-04,2024,2,Feb,18,M1.1,M,1.1,-18.0,-73.0,13576.0,,GOES-P: EXIS 1.0-8.0,73.0,Southern,Near limb (>60°),27.0
2024-02-04T20:52:00-FLR-001,Solar Flare,2024-02-04 20:52:00,2024-02-04 20:57:00,2024-02-04 21:01:00,2024-02-04,2024,2,Feb,20,M1.2,M,1.2,-19.0,-85.0,13576.0,,GOES-P: EXIS 1.0-8.0,85.0,Southern,Near limb (>60°),9.0
2024-02-04T22:20:00-FLR-001,Solar Flare,2024-02-04 22:20:00,2024-02-04 22:28:00,2024-02-04 22:34:00,2024-02-04,2024,2,Feb,22,M2.1,M,2.1,-14.0,-87.0,13576.0,,GOES-P: EXIS 1.0-8.0,87.0,Southern,Near limb (>60°),14.0
2024-02-04T22:34:00-FLR-001,Solar Flare,2024-02-04 22:34:00,2024-02-04 22:37:00,2024-02-04 22:42:00,2024-02-04,2024,2,Feb,22,M2.7,M,2.7,-14.0,-86.0,13576.0,,GOES-P: EXIS 1.0-8.0,86.0,Southern,Near limb (>60°),8.0
2024-02-05T04:13:00-FLR-001,Solar Flare,2024-02-05 04:13:00,2024-02-05 04:28:00,2024-02-05 04:44:00,2024-02-05,2024,2,Feb,4,M2.1,M,2.1,-16.0,-73.0,13576.0,,GOES-P: EXIS 1.0-8.0,73.0,Southern,Near limb (>60°),31.0
2024-02-05T06:10:00-FLR-001,Solar Flare,2024-02-05 06:10:00,2024-02-05 06:22:00,2024-02-05 06:26:00,2024-02-05,2024,2,Feb,6,M1.4,M,1.4,-21.0,-75.0,13576.0,,GOES-P: EXIS 1.0-8.0,75.0,Southern,Near limb (>60°),16.0
2024-02-06T02:15:00-FLR-001,Solar Flare,2024-02-06 02:15:00,2024-02-06 02:28:00,2024-02-06 02:37:00,2024-02-06,2024,2,Feb,2,M2.2,M,2.2,-34.0,65.0,13575.0,,GOES-P: EXIS 1.0-8.0,65.0,Southern,Near limb (>60°),22.0
2024-02-06T02:37:00-FLR-001,Solar Flare,2024-02-06 02:37:00,2024-02-06 03:12:00,2024-02-06 03:37:00,2024-02-06,2024,2,Feb,2,M4.2,M,4.2,-34.0,65.0,13575.0,,GOES-P: EXIS 1.0-8.0,65.0,Southern,Near limb (>60°),60.0
2024-02-06T18:38:00-FLR-001,Solar Flare,2024-02-06 18:38:00,2024-02-06 18:49:00,2024-02-06 19:07:00,2024-02-06,2024,2,Feb,18,M1.3,M,1.3,-36.0,72.0,13575.0,,GOES-P: EXIS 1.0-8.0,72.0,Southern,Near limb (>60°),29.0
2024-02-07T03:04:00-FLR-001,Solar Flare,2024-02-07 03:04:00,2024-02-07 03:31:00,2024-02-07 04:11:00,2024-02-07,2024,2,Feb,3,M5.1,M,5.1,-36.0,80.0,13575.0,,GOES-P: EXIS 1.0-8.0,80.0,Southern,Near limb (>60°),67.0
2024-02-07T17:41:00-FLR-001,Solar Flare,2024-02-07 17:41:00,2024-02-07 18:05:00,2024-02-07 18:35:00,2024-02-07,2024,2,Feb,17,M1.3,M,1.3,-15.0,-38.0,13576.0,,GOES-P: EXIS 1.0-8.0,38.0,Southern,Mid disk (30-60°),54.0
2024-02-08T12:41:00-FLR-001,Solar Flare,2024-02-08 12:41:00,2024-02-08 13:12:00,2024-02-08 13:37:00,2024-02-08,2024,2,Feb,12,M3.4,M,3.4,-17.0,-27.0,13576.0,,GOES-P: EXIS 1.0-8.0,27.0,Southern,Near centre (<30°),56.0
2024-02-08T14:11:00-FLR-001,Solar Flare,2024-02-08 14:11:00,2024-02-08 14:18:00,2024-02-08 14:25:00,2024-02-08,2024,2,Feb,14,M1.2,M,1.2,-13.0,90.0,13564.0,,GOES-P: EXIS 1.0-8.0,90.0,Southern,Near limb (>60°),14.0
2024-02-08T15:17:00-FLR-001,Solar Flare,2024-02-08 15:17:00,2024-02-08 15:23:00,2024-02-08 15:27:00,2024-02-08,2024,2,Feb,15,M1.8,M,1.8,-16.0,-24.0,13576.0,,GOES-P: EXIS 1.0-8.0,24.0,Southern,Near centre (<30°),10.0
2024-02-08T16:12:00-FLR-001,Solar Flare,2024-02-08 16:12:00,2024-02-08 16:21:00,2024-02-08 16:28:00,2024-02-08,2024,2,Feb,16,C6.1,C,6.1,-13.0,90.0,13564.0,,GOES-P: EXIS 1.0-8.0,90.0,Southern,Near limb (>60°),16.0
2024-02-08T18:56:00-FLR-001,Solar Flare,2024-02-08 18:56:00,2024-02-08 19:02:00,2024-02-08 19:06:00,2024-02-08,2024,2,Feb,18,M1.3,M,1.3,-15.0,-22.0,13576.0,,GOES-P: EXIS 1.0-8.0,22.0,Southern,Near centre (<30°),10.0
2024-02-08T23:16:00-FLR-001,Solar Flare,2024-02-08 23:16:00,2024-02-08 23:55:00,2024-02-09 00:36:00,2024-02-08,2024,2,Feb,23,M3.9,M,3.9,-36.0,100.0,13575.0,,GOES-P: EXIS 1.0-8.0,100.0,Southern,Near limb (>60°),80.0
2024-02-09T00:36:00-FLR-001,Solar Flare,2024-02-09 00:36:00,2024-02-09 00:41:00,2024-02-09 00:45:00,2024-02-09,2024,2,Feb,0,M3.1,M,3.1,-16.0,-16.0,13576.0,,GOES-P: EXIS 1.0-8.0,16.0,Southern,Near centre (<30°),9.0
2024-02-09T12:53:00-FLR-001,Solar Flare,2024-02-09 12:53:00,2024-02-09 13:14:00,2024-02-09 13:32:00,2024-02-09,2024,2,Feb,12,X3.3,X,3.3,-37.0,110.0,13575.0,,GOES-P: EXIS 1.0-8.0,110.0,Southern,Near limb (>60°),39.0
2024-02-09T17:54:00-FLR-001,Solar Flare,2024-02-09 17:54:00,2024-02-09 18:00:00,2024-02-09 18:07:00,2024-02-09,2024,2,Feb,17,M1.2,M,1.2,-16.0,-7.0,13576.0,,GOES-P: EXIS 1.0-8.0,7.0,Southern,Near centre (<30°),13.0
2024-02-10T00:42:00-FLR-001,Solar Flare,2024-02-10 00:42:00,2024-02-10 00:51:00,2024-02-10 01:00:00,2024-02-10,2024,2,Feb,0,M1.5,M,1.5,-16.0,-4.0,13576.0,,GOES-P: EXIS 1.0-8.0,4.0,Southern,Near centre (<30°),18.0
2024-02-10T03:04:00-FLR-001,Solar Flare,2024-02-10 03:04:00,2024-02-10 03:54:00,2024-02-10 04:29:00,2024-02-10,2024,2,Feb,3,M3.4,M,3.4,-15.0,-90.0,13584.0,,GOES-P: EXIS 1.0-8.0,90.0,Southern,Near limb (>60°),85.0
2024-02-10T22:56:00-FLR-001,Solar Flare,2024-02-10 22:56:00,2024-02-10 23:07:00,2024-02-10 23:14:00,2024-02-10,2024,2,Feb,22,M9.0,M,9.0,-12.0,13.0,13576.0,,GOES-P: EXIS 1.0-8.0,13.0,Southern,Near centre (<30°),18.0
2024-02-11T22:35:00-FLR-001,Solar Flare,2024-02-11 22:35:00,2024-02-11 22:45:00,2024-02-11 22:50:00,2024-02-11,2024,2,Feb,22,M1.0,M,1.0,10.0,-90.0,13585.0,,GOES-P: EXIS 1.0-8.0,90.0,Northern,Near limb (>60°),15.0
2024-02-12T03:23:00-FLR-001,Solar Flare,2024-02-12 03:23:00,2024-02-12 03:48:00,2024-02-12 03:53:00,2024-02-12,2024,2,Feb,3,M6.5,M,6.5,-16.0,25.0,13576.0,,GOES-P: EXIS 1.0-8.0,25.0,Southern,Near centre (<30°),30.0
2024-02-12T12:50:00-FLR-001,Solar Flare,2024-02-12 12:50:00,2024-02-12 13:08:00,2024-02-12 13:21:00,2024-02-12,2024,2,Feb,12,M1.1,M,1.1,-16.0,30.0,13576.0,,GOES-P: EXIS 1.0-8.0,30.0,Southern,Near centre (<30°),31.0
2024-02-12T15:31:00-FLR-001,Solar Flare,2024-02-12 15:31:00,2024-02-12 15:48:00,2024-02-12 16:03:00,2024-02-12,2024,2,Feb,15,M1.4,M,1.4,-16.0,30.0,13576.0,,GOES-P: EXIS 1.0-8.0,30.0,Southern,Near centre (<30°),32.0
2024-02-12T20:35:00-FLR-001,Solar Flare,2024-02-12 20:35:00,2024-02-12 21:17:00,2024-02-12 21:51:00,2024-02-12,2024,2,Feb,20,M2.6,M,2.6,26.0,-90.0,13586.0,,GOES-P: EXIS 1.0-8.0,90.0,Northern,Near limb (>60°),76.0
2024-02-13T07:28:00-FLR-001,Solar Flare,2024-02-13 07:28:00,2024-02-13 07:59:00,2024-02-13 08:16:00,2024-02-13,2024,2,Feb,7,C5.0,C,5.0,23.0,-90.0,,,GOES-P: EXIS 1.0-8.0,90.0,Northern,Near limb (>60°),48.0
2024-02-14T03:02:00-FLR-001,Solar Flare,2024-02-14 03:02:00,2024-02-14 03:10:00,2024-02-14 03:23:00,2024-02-14,2024,2,Feb,3,M1.0,M,1.0,7.0,26.0,13582.0,,GOES-P: EXIS 1.0-8.0,26.0,Northern,Near centre (<30°),21.0
2024-02-14T07:26:00-FLR-001,Solar Flare,2024-02-14 07:26:00,2024-02-14 07:35:00,2024-02-14 07:42:00,2024-02-14,2024,2,Feb,7,M1.0,M,1.0,-17.0,55.0,13576.0,,GOES-P: EXIS 1.0-8.0,55.0,Southern,Mid disk (30-60°),16.0
2024-02-15T16:50:00-FLR-001,Solar Flare,2024-02-15 16:50:00,2024-02-15 17:07:00,2024-02-15 17:21:00,2024-02-15,2024,2,Feb,16,M1.8,M,1.8,-15.0,80.0,13576.0,,GOES-P: EXIS 1.0-8.0,80.0,Southern,Near limb (>60°),31.0
2024-02-16T06:42:00-FLR-001,Solar Flare,2024-02-16 06:42:00,2024-02-16 06:53:00,2024-02-16 06:58:00,2024-02-16,2024,2,Feb,6,X2.5,X,2.5,-19.0,85.0,13576.0,,GOES-P: EXIS 1.0-8.0,85.0,Southern,Near limb (>60°),16.0
2024-02-16T16:15:00-FLR-001,Solar Flare,2024-02-16 16:15:00,2024-02-16 16:36:00,2024-02-16 16:56:00,2024-02-16,2024,2,Feb,16,C6.1,C,6.1,30.0,-56.0,13586.0,,GOES-P: EXIS 1.0-8.0,56.0,Northern,Mid disk (30-60°),41.0
2024-02-16T21:57:00-FLR-001,Solar Flare,2024-02-16 21:57:00,2024-02-16 22:09:00,2024-02-16 22:16:00,2024-02-16,2024,2,Feb,21,M3.0,M,3.0,-16.0,94.0,13576.0,,GOES-P: EXIS 1.0-8.0,94.0,Southern,Near limb (>60°),19.0
2024-02-19T23:00:00-FLR-001,Solar Flare,2024-02-19 23:00:00,2024-02-19 23:39:00,2024-02-20 01:08:00,2024-02-19,2024,2,Feb,23,C3.8,C,3.8,12.0,80.0,13583.0,,GOES-P: EXIS 1.0-8.0,80.0,Northern,Near limb (>60°),128.0
2024-02-21T15:39:00-FLR-001,Solar Flare,2024-02-21 15:39:00,2024-02-21 16:02:00,2024-02-21 16:42:00,2024-02-21,2024,2,Feb,15,C4.1,C,4.1,-40.0,-90.0,,,GOES-P: EXIS 1.0-8.0,90.0,Southern,Near limb (>60°),63.0
2024-02-21T22:52:00-FLR-001,Solar Flare,2024-02-21 22:52:00,2024-02-21 23:07:00,2024-02-21 23:14:00,2024-02-21,2024,2,Feb,22,X1.8,X,1.8,17.0,-38.0,13590.0,,GOES-P: EXIS 1.0-8.0,38.0,Northern,Mid disk (30-60°),22.0
2024-02-21T23:58:00-FLR-001,Solar Flare,2024-02-21 23:58:00,2024-02-22 00:14:00,2024-02-22 00:31:00,2024-02-21,2024,2,Feb,23,M1.5,M,1.5,-36.0,-90.0,13591.0,,GOES-P: EXIS 1.0-8.0,90.0,Southern,Near limb (>60°),33.0
2024-02-22T06:17:00-FLR-001,Solar Flare,2024-02-22 06:17:00,2024-02-22 06:32:00,2024-02-22 06:40:00,2024-02-22,2024,2,Feb,6,X1.7,X,1.7,17.0,-34.0,13590.0,,GOES-P: EXIS 1.0-8.0,34.0,Northern,Mid disk (30-60°),23.0
2024-02-22T16:17:00-FLR-001,Solar Flare,2024-02-22 16:17:00,2024-02-22 16:29:00,2024-02-22 16:38:00,2024-02-22,2024,2,Feb,16,C9.4,C,9.4,5.0,-90.0,,,GOES-P: EXIS 1.0-8.0,90.0,Northern,Near limb (>60°),21.0
2024-02-22T20:29:00-FLR-001,Solar Flare,2024-02-22 20:29:00,2024-02-22 20:46:00,2024-02-22 21:03:00,2024-02-22,2024,2,Feb,20,M4.8,M,4.8,17.0,-26.0,13590.0,,GOES-P: EXIS 1.0-8.0,26.0,Northern,Near centre (<30°),34.0
2024-02-22T22:08:00-FLR-001,Solar Flare,2024-02-22 22:08:00,2024-02-22 22:34:00,2024-02-22 22:43:00,2024-02-22,2024,2,Feb,22,X6.3,X,6.3,17.0,-26.0,13590.0,,GOES-P: EXIS 1.0-8.0,26.0,Northern,Near centre (<30°),35.0
2024-02-23T13:12:00-FLR-001,Solar Flare,2024-02-23 13:12:00,2024-02-23 13:28:00,2024-02-23 13:54:00,2024-02-23,2024,2,Feb,13,M1.0,M,1.0,17.0,-17.0,13590.0,,GOES-P: EXIS 1.0-8.0,17.0,Northern,Near centre (<30°),42.0
2024-02-23T15:41:00-FLR-001,Solar Flare,2024-02-23 15:41:00,2024-02-23 15:53:00,2024-02-23 16:06:00,2024-02-23,2024,2,Feb,15,M1.4,M,1.4,17.0,-16.0,13590.0,,GOES-P: EXIS 1.0-8.0,16.0,Northern,Near centre (<30°),25.0
2024-02-23T16:12:00-FLR-001,Solar Flare,2024-02-23 16:12:00,2024-02-23 16:20:00,2024-02-23 16:37:00,2024-02-23,2024,2,Feb,16,M1.0,M,1.0,17.0,-15.0,13590.0,,GOES-P: EXIS 1.0-8.0,15.0,Northern,Near centre (<30°),25.0
2024-02-23T17:26:00-FLR-001,Solar Flare,2024-02-23 17:26:00,2024-02-23 17:47:00,2024-02-23 18:07:00,2024-02-23,2024,2,Feb,17,M2.6,M,2.6,17.0,-15.0,13590.0,,GOES-P: EXIS 1.0-8.0,15.0,Northern,Near centre (<30°),41.0
2024-02-24T06:21:00-FLR-001,Solar Flare,2024-02-24 06:21:00,2024-02-24 06:34:00,2024-02-24 06:44:00,2024-02-24,2024,2,Feb,6,M4.5,M,4.5,18.0,-9.0,13590.0,,GOES-P: EXIS 1.0-8.0,9.0,Northern,Near centre (<30°),23.0
2024-02-24T10:32:00-FLR-001,Solar Flare,2024-02-24 10:32:00,2024-02-24 10:57:00,2024-02-24 11:03:00,2024-02-24,2024,2,Feb,10,M2.2,M,2.2,12.0,-5.0,13590.0,,GOES-P: EXIS 1.0-8.0,5.0,Northern,Near centre (<30°),31.0
2024-02-24T11:03:00-FLR-001,Solar Flare,2024-02-24 11:03:00,2024-02-24 11:18:00,2024-02-24 11:25:00,2024-02-24,2024,2,Feb,11,M3.6,M,3.6,18.0,-5.0,13590.0,,GOES-P: EXIS 1.0-8.0,5.0,Northern,Near centre (<30°),22.0
2024-02-24T11:54:00-FLR-001,Solar Flare,2024-02-24 11:54:00,2024-02-24 11:59:00,2024-02-24 12:04:00,2024-02-24,2024,2,Feb,11,M1.0,M,1.0,18.0,-20.0,13590.0,,GOES-P: EXIS 1.0-8.0,20.0,Northern,Near centre (<30°),10.0
2024-02-25T00:40:00-HSS-001,High Speed Stream,2024-02-25 00:40:00,,,2024-02-25,2024,2,Feb,0,,,,,,,,"DSCOVR: PLASMAG, ACE: SWEPAM, ACE: MAG",,,,
2024-02-25T16:47:00-FLR-001,Solar Flare,2024-02-25 16:47:00,2024-02-25 17:22:00,2024-02-25 17:47:00,2024-02-25,2024,2,Feb,16,M2.0,M,2.0,18.0,10.0,13590.0,,GOES-P: EXIS 1.0-8.0,10.0,Northern,Near centre (<30°),60.0
2024-02-28T08:56:00-FLR-001,Solar Flare,2024-02-28 08:56:00,2024-02-28 09:09:00,2024-02-28 09:27:00,2024-02-28,2024,2,Feb,8,C5.1,C,5.1,-16.0,-31.0,,,GOES-P: EXIS 1.0-8.0,31.0,Southern,Mid disk (30-60°),31.0
2024-02-28T16:24:00-FLR-001,Solar Flare,2024-02-28 16:24:00,2024-02-28 18:54:00,2024-02-28 21:15:00,2024-02-28,2024,2,Feb,16,M1.5,M,1.5,19.0,59.0,13590.0,,GOES-P: EXIS 1.0-8.0,59.0,Northern,Mid disk (30-60°),291.0
2024-03-03T18:00:00-GST-001,Geomagnetic Storm,2024-03-03 18:00:00,,,2024-03-03,2024,3,Mar,18,G0,G,0.0,,,,5.67,,,,,
2024-03-07T22:02:00-FLR-001,Solar Flare,2024-03-07 22:02:00,2024-03-07 22:33:00,2024-03-07 23:24:00,2024-03-07,2024,3,Mar,22,C3.5,C,3.5,17.0,90.0,,,GOES-P: EXIS 1.0-8.0,90.0,Northern,Near limb (>60°),82.0
2024-03-08T03:34:00-HSS-001,High Speed Stream,2024-03-08 03:34:00,,,2024-03-08,2024,3,Mar,3,,,,,,,,"DSCOVR: PLASMAG, ACE: SWEPAM, ACE: MAG",,,,
2024-03-08T21:18:00-FLR-001,Solar Flare,2024-03-08 21:18:00,2024-03-08 21:26:00,2024-03-08 21:31:00,2024-03-08,2024,3,Mar,21,M1.3,M,1.3,-13.0,14.0,13599.0,,GOES-P: EXIS 1.0-8.0,14.0,Southern,Near centre (<30°),13.0
2024-03-10T12:00:00-FLR-001,Solar Flare,2024-03-10 12:00:00,2024-03-10 12:13:00,2024-03-10 12:20:00,2024-03-10,2024,3,Mar,12,M7.4,M,7.4,-13.0,35.0,13599.0,,GOES-S: EXIS 1.0-8.0,35.0,Southern,Mid disk (30-60°),20.0
2024-03-12T10:06:00-FLR-001,Solar Flare,2024-03-12 10:06:00,2024-03-12 10:18:00,2024-03-12 10:26:00,2024-03-12,2024,3,Mar,10,C3.3,C,3.3,-19.0,-90.0,,,GOES-P: EXIS 1.0-8.0,90.0,Southern,Near limb (>60°),20.0
2024-03-14T05:52:00-FLR-001,Solar Flare,2024-03-14 05:52:00,2024-03-14 06:04:00,2024-03-14 06:11:00,2024-03-14,2024,3,Mar,5,M1.0,M,1.0,-13.0,85.0,13599.0,,GOES-P: EXIS 1.0-8.0,85.0,Southern,Near limb (>60°),19.0
2024-03-15T02:00:00-FLR-001,Solar Flare,2024-03-15 02:00:00,2024-03-15 03:57:00,2024-03-15 04:35:00,2024-03-15,2024,3,Mar,2,C4.9,C,4.9,-13.0,90.0,13599.0,,GOES-P: EXIS 1.0-8.0,90.0,Southern,Near limb (>60°),155.0
2024-03-15T05:32:00-FLR-001,Solar Flare,2024-03-15 05:32:00,2024-03-15 06:10:00,2024-03-15 06:59:00,2024-03-15,2024,3,Mar,5,C6.0,C,6.0,-13.0,97.0,13599.0,,GOES-P: EXIS 1.0-8.0,97.0,Southern,Near limb (>60°),87.0
2024-03-16T16:22:00-FLR-001,Solar Flare,2024-03-16 16:22:00,2024-03-16 16:35:00,2024-03-16 16:44:00,2024-03-16,2024,3,Mar,16,M3.5,M,3.5,-17.0,-90.0,13615.0,,GOES-P: EXIS 1.0-8.0,90.0,Southern,Near limb (>60°),22.0
2024-03-16T21:27:00-FLR-001,Solar Flare,2024-03-16 21:27:00,2024-03-16 21:55:00,2024-03-16 22:11:00,2024-03-16,2024,3,Mar,21,M1.1,M,1.1,-16.0,-90.0,13615.0,,GOES-P: EXIS 1.0-8.0,90.0,Southern,Near limb (>60°),44.0
2024-03-18T03:21:00-FLR-001,Solar Flare,2024-03-18 03:21:00,2024-03-18 03:32:00,2024-03-18 03:45:00,2024-03-18,2024,3,Mar,3,M2.7,M,2.7,21.0,85.0,13612.0,,GOES-P: EXIS 1.0-8.0,85.0,Northern,Near limb (>60°),24.0
2024-03-18T04:06:00-FLR-001,Solar Flare,2024-03-18 04:06:00,2024-03-18 04:14:00,2024-03-18 04:24:00,2024-03-18,2024,3,Mar,4,M1.0,M,1.0,16.0,-68.0,13614.0,,GOES-P: EXIS 1.0-8.0,68.0,Northern,Near limb (>60°),18.0
2024-03-18T19:02:00-FLR-001,Solar Flare,2024-03-18 19:02:00,2024-03-18 19:19:00,2024-03-18 19:28:00,2024-03-18,2024,3,Mar,19,M6.7,M,6.7,-11.0,-69.0,13615.0,,GOES-P: EXIS 1.0-8.0,69.0,Southern,Near limb (>60°),26.0
2024-03-19T02:24:00-FLR-001,Solar Flare,2024-03-19 02:24:00,2024-03-19 02:29:00,2024-03-19 02:38:00,2024-03-19,2024,3,Mar,2,M1.4,M,1.4,-14.0,-65.0,13615.0,,GOES-P: EXIS 1.0-8.0,65.0,Southern,Near limb (>60°),14.0
2024-03-19T23:17:00-FLR-001,Solar Flare,2024-03-19 23:17:00,2024-03-19 23:27:00,2024-03-19 23:32:00,2024-03-19,2024,3,Mar,23,M2.1,M,2.1,-17.0,-56.0,13615.0,,GOES-P: EXIS 1.0-8.0,56.0,Southern,Mid disk (30-60°),15.0
2024-03-20T07:23:00-FLR-001,Solar Flare,2024-03-20 07:23:00,2024-03-20 07:36:00,2024-03-20 07:47:00,2024-03-20,2024,3,Mar,7,M7.4,M,7.4,-10.0,-48.0,13615.0,,GOES-P: EXIS 1.0-8.0,48.0,Southern,Mid disk (30-60°),24.0
2024-03-20T22:46:00-FLR-001,Solar Flare,2024-03-20 22:46:00,2024-03-20 22:55:00,2024-03-20 23:00:00,2024-03-20,2024,3,Mar,22,M1.9,M,1.9,-17.0,-43.0,13615.0,,GOES-P: EXIS 1.0-8.0,43.0,Southern,Mid disk (30-60°),14.0
2024-03-22T13:45:00-FLR-001,Solar Flare,2024-03-22 13:45:00,2024-03-22 13:58:00,2024-03-22 14:12:00,2024-03-22,2024,3,Mar,13,C8.4,C,8.4,18.0,-13.0,13614.0,,GOES-P: EXIS 1.0-8.0,13.0,Northern,Near centre (<30°),27.0
2024-03-22T20:18:00-FLR-001,Solar Flare,2024-03-22 20:18:00,2024-03-22 20:32:00,2024-03-22 20:45:00,2024-03-22,2024,3,Mar,20,M4.2,M,4.2,-14.0,-19.0,13615.0,,GOES-P: EXIS 1.0-8.0,19.0,Southern,Near centre (<30°),27.0
2024-03-23T00:58:00-FLR-001,Solar Flare,2024-03-23 00:58:00,2024-03-23 01:33:00,2024-03-23 02:21:00,2024-03-23,2024,3,Mar,0,X1.1,X,1.1,25.0,-7.0,13614.0,,GOES-P: EXIS 1.0-8.0,7.0,Northern,Near centre (<30°),83.0
2024-03-23T06:47:00-FLR-001,Solar Flare,2024-03-23 06:47:00,2024-03-23 06:55:00,2024-03-23 06:59:00,2024-03-23,2024,3,Mar,6,M1.1,M,1.1,-13.0,-4.0,13615.0,,GOES-P: EXIS 1.0-8.0,4.0,Southern,Near centre (<30°),12.0
2024-03-23T07:01:00-FLR-001,Solar Flare,2024-03-23 07:01:00,2024-03-23 07:09:00,2024-03-23 07:26:00,2024-03-23,2024,3,Mar,7,M2.4,M,2.4,-14.0,-11.0,13615.0,,GOES-P: EXIS 1.0-8.0,11.0,Southern,Near centre (<30°),25.0
2024-03-23T07:26:00-FLR-001,Solar Flare,2024-03-23 07:26:00,2024-03-23 07:38:00,2024-03-23 07:47:00,2024-03-23,2024,3,Mar,7,M3.1,M,3.1,-14.0,-10.0,13615.0,,GOES-P: EXIS 1.0-8.0,10.0,Southern,Near centre (<30°),21.0
2024-03-23T11:22:00-FLR-001,Solar Flare,2024-03-23 11:22:00,2024-03-23 11:29:00,2024-03-23 11:36:00,2024-03-23,2024,3,Mar,11,M1.0,M,1.0,-14.0,-7.0,13615.0,,GOES-P: EXIS 1.0-8.0,7.0,Southern,Near centre (<30°),14.0
2024-03-23T12:36:00-FLR-001,Solar Flare,2024-03-23 12:36:00,2024-03-23 12:47:00,2024-03-23 12:56:00,2024-03-23,2024,3,Mar,12,M1.3,M,1.3,-14.0,-7.0,13615.0,,GOES-P: EXIS 1.0-8.0,7.0,Southern,Near centre (<30°),20.0
2024-03-23T13:04:00-FLR-001,Solar Flare,2024-03-23 13:04:00,2024-03-23 13:11:00,2024-03-23 13:20:00,2024-03-23,2024,3,Mar,13,M1.1,M,1.1,-14.0,-10.0,13615.0,,GOES-P: EXIS 1.0-8.0,10.0,Southern,Near centre (<30°),16.0
2024-03-23T13:31:00-FLR-001,Solar Flare,2024-03-23 13:31:00,2024-03-23 13:37:00,2024-03-23 13:44:00,2024-03-23,2024,3,Mar,13,M1.9,M,1.9,-14.0,-10.0,13615.0,,GOES-P: EXIS 1.0-8.0,10.0,Southern,Near centre (<30°),13.0
2024-03-23T13:51:00-FLR-001,Solar Flare,2024-03-23 13:51:00,2024-03-23 14:02:00,2024-03-23 14:15:00,2024-03-23,2024,3,Mar,13,M5.3,M,5.3,-14.0,-5.0,13615.0,,GOES-P: EXIS 1.0-8.0,5.0,Southern,Near centre (<30°),24.0
2024-03-23T14:49:00-FLR-001,Solar Flare,2024-03-23 14:49:00,2024-03-23 14:53:00,2024-03-23 14:58:00,2024-03-23,2024,3,Mar,14,M1.5,M,1.5,-14.0,-6.0,13615.0,,GOES-P: EXIS 1.0-8.0,6.0,Southern,Near centre (<30°),9.0
2024-03-23T15:01:00-FLR-001,Solar Flare,2024-03-23 15:01:00,2024-03-23 15:13:00,2024-03-23 15:17:00,2024-03-23,2024,3,Mar,15,M3.8,M,3.8,-14.0,-7.0,13615.0,,GOES-P: EXIS 1.0-8.0,7.0,Southern,Near centre (<30°),16.0
2024-03-23T15:17:00-FLR-001,Solar Flare,2024-03-23 15:17:00,2024-03-23 15:22:00,2024-03-23 15:27:00,2024-03-23,2024,3,Mar,15,M3.7,M,3.7,-15.0,-5.0,13615.0,,GOES-P: EXIS 1.0-8.0,5.0,Southern,Near centre (<30°),10.0
2024-03-23T15:35:00-HSS-001,High Speed Stream,2024-03-23 15:35:00,,,2024-03-23,2024,3,Mar,15,,,,,,,,"DSCOVR: PLASMAG, ACE: SWEPAM, ACE: MAG",,,,
2024-03-23T16:22:00-FLR-001,Solar Flare,2024-03-23 16:22:00,2024-03-23 16:51:00,2024-03-23 17:07:00,2024-03-23,2024,3,Mar,16,M2.8,M,2.8,-15.0,-6.0,13615.0,,GOES-P: EXIS 1.0-8.0,6.0,Southern,Near centre (<30°),45.0
2024-03-23T21:00:00-GST-001,Geomagnetic Storm,2024-03-23 21:00:00,,,2024-03-23,2024,3,Mar,21,G0,G,0.0,,,,5.67,,,,,
2024-03-23T23:30:00-FLR-001,Solar Flare,2024-03-23 23:30:00,2024-03-23 23:49:00,2024-03-24 00:03:00,2024-03-23,2024,3,Mar,23,M2.4,M,2.4,-11.0,1.0,13615.0,,GOES-P: EXIS 1.0-8.0,1.0,Southern,Near centre (<30°),33.0
2024-03-24T00:51:00-FLR-001,Solar Flare,2024-03-24 00:51:00,2024-03-24 01:04:00,2024-03-24 01:12:00,2024-03-24,2024,3,Mar,0,C9.9,C,9.9,-14.0,0.0,13615.0,,GOES-P: EXIS 1.0-8.0,0.0,Southern,Near centre (<30°),21.0
2024-03-24T01:12:00-FLR-001,Solar Flare,2024-03-24 01:12:00,2024-03-24 01:25:00,2024-03-24 01:30:00,2024-03-24,2024,3,Mar,1,M1.4,M,1.4,-14.0,0.0,13615.0,,GOES-P: EXIS 1.0-8.0,0.0,Southern,Near centre (<30°),18.0
2024-03-24T01:43:00-FLR-001,Solar Flare,2024-03-24 01:43:00,2024-03-24 01:54:00,2024-03-24 01:57:00,2024-03-24,2024,3,Mar,1,M2.1,M,2.1,-14.0,0.0,13615.0,,GOES-P: EXIS 1.0-8.0,0.0,Southern,Near centre (<30°),14.0
2024-03-24T01:57:00-FLR-001,Solar Flare,2024-03-24 01:57:00,2024-03-24 02:05:00,2024-03-24 02:09:00,2024-03-24,2024,3,Mar,1,M2.3,M,2.3,-14.0,-1.0,13615.0,,GOES-P: EXIS 1.0-8.0,1.0,Southern,Near centre (<30°),12.0
2024-03-24T02:09:00-FLR-001,Solar Flare,2024-03-24 02:09:00,2024-03-24 02:18:00,2024-03-24 02:29:00,2024-03-24,2024,3,Mar,2,M2.7,M,2.7,-13.0,-2.0,13615.0,,GOES-P: EXIS 1.0-8.0,2.0,Southern,Near centre (<30°),20.0
2024-03-24T03:06:00-HSS-001,High Speed Stream,2024-03-24 03:06:00,,,2024-03-24,2024,3,Mar,3,,,,,,,,"STEREO A: IMPACT, STEREO A: PLASTIC",,,,
2024-03-24T05:59:00-FLR-001,Solar Flare,2024-03-24 05:59:00,2024-03-24 06:06:00,2024-03-24 06:10:00,2024-03-24,2024,3,Mar,5,M2.2,M,2.2,-15.0,5.0,13615.0,,GOES-P: EXIS 1.0-8.0,5.0,Southern,Near centre (<30°),11.0
2024-03-24T07:36:00-FLR-001,Solar Flare,2024-03-24 07:36:00,2024-03-24 07:51:00,2024-03-24 08:06:00,2024-03-24,2024,3,Mar,7,M1.3,M,1.3,-13.0,2.0,13615.0,,GOES-P: EXIS 1.0-8.0,2.0,Southern,Near centre (<30°),30.0
2024-03-24T12:00:00-GST-001,Geomagnetic Storm,2024-03-24 12:00:00,,,2024-03-24,2024,3,Mar,12,G0,G,0.0,,,,6.0,,,,,
2024-03-24T12:10:00-FLR-001,Solar Flare,2024-03-24 12:10:00,2024-03-24 12:18:00,2024-03-24 12:22:00,2024-03-24,2024,3,Mar,12,M1.1,M,1.1,-13.0,7.0,13615.0,,GOES-P: EXIS 1.0-8.0,7.0,Southern,Near centre (<30°),12.0
2024-03-24T12:27:00-FLR-001,Solar Flare,2024-03-24 12:27:00,2024-03-24 12:34:00,2024-03-24 12:39:00,2024-03-24,2024,3,Mar,12,M1.0,M,1.0,-15.0,4.0,13615.0,,GOES-P: EXIS 1.0-8.0,4.0,Southern,Near centre (<30°),12.0
2024-03-24T13:00:00-FLR-001,Solar Flare,2024-03-24 13:00:00,2024-03-24 13:13:00,2024-03-24 13:28:00,2024-03-24,2024,3,Mar,13,M1.2,M,1.2,-13.0,2.0,13615.0,,GOES-P: EXIS 1.0-8.0,2.0,Southern,Near centre (<30°),28.0
2024-03-25T06:37:00-FLR-001,Solar Flare,2024-03-25 06:37:00,2024-03-25 06:44:00,2024-03-25 06:48:00,2024-03-25,2024,3,Mar,6,M4.4,M,4.4,-12.0,25.0,13615.0,,GOES-P: EXIS 1.0-8.0,25.0,Southern,Near centre (<30°),11.0
2024-03-25T14:30:00-FLR-001,Solar Flare,2024-03-25 14:30:00,2024-03-25 14:51:00,2024-03-25 14:56:00,2024-03-25,2024,3,Mar,14,C5.9,C,5.9,17.0,-52.0,13622.0,,GOES-P: EXIS 1.0-8.0,52.0,Northern,Mid disk (30-60°),26.0
2024-03-26T00:28:00-FLR-001,Solar Flare,2024-03-26 00:28:00,2024-03-26 00:36:00,2024-03-26 00:40:00,2024-03-26,2024,3,Mar,0,M1.8,M,1.8,-12.0,34.0,13615.0,,GOES-P: EXIS 1.0-8.0,34.0,Southern,Mid disk (30-60°),12.0
2024-03-26T10:11:00-FLR-001,Solar Flare,2024-03-26 10:11:00,2024-03-26 10:17:00,2024-03-26 10:24:00,2024-03-26,2024,3,Mar,10,M1.0,M,1.0,-13.0,25.0,13615.0,,GOES-P: EXIS 1.0-8.0,25.0,Southern,Near centre (<30°),13.0
2024-03-26T10:36:00-FLR-001,Solar Flare,2024-03-26 10:36:00,2024-03-26 10:43:00,2024-03-26 10:52:00,2024-03-26,2024,3,Mar,10,M1.3,M,1.3,-11.0,34.0,13615.0,,GOES-P: EXIS 1.0-8.0,34.0,Southern,Mid disk (30-60°),16.0
2024-03-26T12:55:00-FLR-001,Solar Flare,2024-03-26 12:55:00,2024-03-26 13:30:00,2024-03-26 13:41:00,2024-03-26,2024,3,Mar,12,M1.9,M,1.9,-14.0,31.0,13615.0,,GOES-P: EXIS 1.0-8.0,31.0,Southern,Mid disk (30-60°),46.0
2024-03-26T13:41:00-FLR-001,Solar Flare,2024-03-26 13:41:00,2024-03-26 13:46:00,2024-03-26 13:50:00,2024-03-26,2024,3,Mar,13,M1.7,M,1.7,-14.0,33.0,13615.0,,GOES-P: EXIS 1.0-8.0,33.0,Southern,Mid disk (30-60°),9.0
2024-03-26T21:43:00-FLR-001,Solar Flare,2024-03-26 21:43:00,2024-03-26 21:58:00,2024-03-26 22:07:00,2024-03-26,2024,3,Mar,21,M1.6,M,1.6,-11.0,41.0,13615.0,,GOES-P: EXIS 1.0-8.0,41.0,Southern,Mid disk (30-60°),24.0
2024-03-27T01:37:00-FLR-001,Solar Flare,2024-03-27 01:37:00,2024-03-27 01:44:00,2024-03-27 01:52:00,2024-03-27,2024,3,Mar,1,M1.1,M,1.1,-10.0,45.0,13615.0,,GOES-P: EXIS 1.0-8.0,45.0,Southern,Mid disk (30-60°),15.0
2024-03-27T06:33:00-FLR-001,Solar Flare,2024-03-27 06:33:00,2024-03-27 06:41:00,2024-03-27 06:50:00,2024-03-27,2024,3,Mar,6,M1.1,M,1.1,-13.0,44.0,13615.0,,GOES-P: EXIS 1.0-8.0,44.0,Southern,Mid disk (30-60°),17.0
2024-03-28T06:16:00-FLR-001,Solar Flare,2024-03-28 06:16:00,2024-03-28 06:29:00,2024-03-28 06:36:00,2024-03-28,2024,3,Mar,6,M7.0,M,7.0,-15.0,53.0,13615.0,,GOES-P: EXIS 1.0-8.0,53.0,Southern,Mid disk (30-60°),20.0
2024-03-28T15:40:00-FLR-001,Solar Flare,2024-03-28 15:40:00,2024-03-28 15:56:00,2024-03-28 16:03:00,2024-03-28,2024,3,Mar,15,M6.1,M,6.1,-15.0,55.0,13615.0,,GOES-P: EXIS 1.0-8.0,55.0,Southern,Mid disk (30-60°),23.0
2024-03-28T19:21:00-FLR-001,Solar Flare,2024-03-28 19:21:00,2024-03-28 19:31:00,2024-03-28 19:38:00,2024-03-28,2024,3,Mar,19,M1.1,M,1.1,-15.0,57.0,13615.0,,GOES-P: EXIS 1.0-8.0,57.0,Southern,Mid disk (30-60°),17.0
2024-03-28T20:29:00-FLR-001,Solar Flare,2024-03-28 20:29:00,2024-03-28 20:46:00,2024-03-28 20:50:00,2024-03-28,2024,3,Mar,20,M9.7,M,9.7,-14.0,60.0,13615.0,,GOES-P: EXIS 1.0-8.0,60.0,Southern,Mid disk (30-60°),21.0
2024-03-28T20:50:00-FLR-001,Solar Flare,2024-03-28 20:50:00,2024-03-28 20:56:00,2024-03-28 21:01:00,2024-03-28,2024,3,Mar,20,X1.1,X,1.1,-14.0,60.0,13615.0,,GOES-P: EXIS 1.0-8.0,60.0,Southern,Mid disk (30-60°),11.0
2024-03-29T02:17:00-FLR-001,Solar Flare,2024-03-29 02:17:00,2024-03-29 02:30:00,2024-03-29 02:42:00,2024-03-29,2024,3,Mar,2,M3.2,M,3.2,-16.0,63.0,13615.0,,GOES-P: EXIS 1.0-8.0,63.0,Southern,Near limb (>60°),25.0
2024-03-29T18:22:00-FLR-001,Solar Flare,2024-03-29 18:22:00,2024-03-29 18:43:00,2024-03-29 18:57:00,2024-03-29,2024,3,Mar,18,M1.0,M,1.0,-13.0,75.0,13615.0,,GOES-P: EXIS 1.0-8.0,75.0,Southern,Near limb (>60°),35.0
2024-03-29T19:19:00-FLR-001,Solar Flare,2024-03-29 19:19:00,2024-03-29 19:34:00,2024-03-29 19:56:00,2024-03-29,2024,3,Mar,19,M1.2,M,1.2,-15.0,72.0,13615.0,,GOES-P: EXIS 1.0-8.0,72.0,Southern,Near limb (>60°),37.0
2024-03-30T15:08:00-HSS-001,High Speed Stream,2024-03-30 15:08:00,,,2024-03-30,2024,3,Mar,15,,,,,,,,"DSCOVR: PLASMAG, ACE: SWEPAM, ACE: MAG",,,,
2024-03-30T21:01:00-FLR-001,Solar Flare,2024-03-30 21:01:00,2024-03-30 21:16:00,2024-03-30 22:15:00,2024-03-30,2024,3,Mar,21,M9.4,M,9.4,-13.0,92.0,13615.0,,GOES-P: EXIS 1.0-8.0,92.0,Southern,Near limb (>60°),74.0
2024-03-30T22:49:00-FLR-001,Solar Flare,2024-03-30 22:49:00,2024-03-30 22:53:00,2024-03-30 23:07:00,2024-03-30,2024,3,Mar,22,M4.5,M,4.5,-13.0,93.0,13615.0,,GOES-P: EXIS 1.0-8.0,93.0,Southern,Near limb (>60°),18.0
2024-03-31T02:00:00-HSS-001,High Speed Stream,2024-03-31 02:00:00,,,2024-03-31,2024,3,Mar,2,,,,,,,,"STEREO A: IMPACT, STEREO A: PLASTIC",,,,
2024-04-01T01:13:00-FLR-001,Solar Flare,2024-04-01 01:13:00,2024-04-01 01:32:00,2024-04-01 01:57:00,2024-04-01,2024,4,Apr,1,M3.9,M,3.9,-13.0,108.0,13615.0,,GOES-P: EXIS 1.0-8.0,108.0,Southern,Near limb (>60°),44.0
2024-04-04T09:01:00-HSS-001,High Speed Stream,2024-04-04 09:01:00,,,2024-04-04,2024,4,Apr,9,,,,,,,,DSCOVR: PLASMAG,,,,
2024-04-09T11:35:00-HSS-001,High Speed Stream,2024-04-09 11:35:00,,,2024-04-09,2024,4,Apr,11,,,,,,,,"DSCOVR: PLASMAG, ACE: SWEPAM, ACE: MAG",,,,
2024-04-11T16:52:00-FLR-001,Solar Flare,2024-04-11 16:52:00,2024-04-11 17:06:00,2024-04-11 17:11:00,2024-04-11,2024,4,Apr,16,M5.4,M,5.4,-15.0,-90.0,,,GOES-P: EXIS 1.0-8.0,90.0,Southern,Near limb (>60°),19.0
2024-04-12T17:45:00-FLR-001,Solar Flare,2024-04-12 17:45:00,2024-04-12 17:55:00,2024-04-12 17:59:00,2024-04-12,2024,4,Apr,17,C8.9,C,8.9,-13.0,-90.0,13637.0,,GOES-P: EXIS 1.0-8.0,90.0,Southern,Near limb (>60°),14.0
2024-04-13T04:58:00-FLR-001,Solar Flare,2024-04-13 04:58:00,2024-04-13 05:02:00,2024-04-13 05:06:00,2024-04-13,2024,4,Apr,4,M2.4,M,2.4,-13.0,-83.0,13637.0,,GOES-P: EXIS 1.0-8.0,83.0,Southern,Near limb (>60°),8.0
2024-04-13T14:48:00-FLR-001,Solar Flare,2024-04-13 14:48:00,2024-04-13 14:59:00,2024-04-13 15:08:00,2024-04-13,2024,4,Apr,14,C5.5,C,5.5,29.0,10.0,13634.0,,GOES-P: EXIS 1.0-8.0,10.0,Northern,Near centre (<30°),20.0
2024-04-13T21:01:00-FLR-001,Solar Flare,2024-04-13 21:01:00,2024-04-13 21:09:00,2024-04-13 21:18:00,2024-04-13,2024,4,Apr,21,C2.1,C,2.1,-18.0,-72.0,13638.0,,GOES-P: EXIS 1.0-8.0,72.0,Southern,Near limb (>60°),17.0
2024-04-14T02:24:00-FLR-001,Solar Flare,2024-04-14 02:24:00,2024-04-14 02:32:00,2024-04-14 02:36:00,2024-04-14,2024,4,Apr,2,M4.3,M,4.3,-14.0,-65.0,13637.0,,GOES-P: EXIS 1.0-8.0,65.0,Southern,Near limb (>60°),12.0
2024-04-14T10:24:00-FLR-001,Solar Flare,2024-04-14 10:24:00,2024-04-14 11:01:00,2024-04-14 11:27:00,2024-04-14,2024,4,Apr,10,C5.0,C,5.0,-17.0,-44.0,13636.0,,GOES-P: EXIS 1.0-8.0,44.0,Southern,Mid disk (30-60°),63.0
2024-04-15T01:06:00-FLR-001,Solar Flare,2024-04-15 01:06:00,2024-04-15 01:18:00,2024-04-15 01:26:00,2024-04-15,2024,4,Apr,1,M1.7,M,1.7,28.0,-61.0,13639.0,,GOES-P: EXIS 1.0-8.0,61.0,Northern,Near limb (>60°),20.0
2024-04-15T05:47:00-FLR-001,Solar Flare,2024-04-15 05:47:00,2024-04-15 06:00:00,2024-04-15 06:07:00,2024-04-15,2024,4,Apr,5,C5.6,C,5.6,-17.0,-30.0,13636.0,,GOES-P: EXIS 1.0-8.0,30.0,Southern,Near centre (<30°),20.0
2024-04-15T07:15:00-FLR-001,Solar Flare,2024-04-15 07:15:00,2024-04-15 07:32:00,2024-04-15 07:38:00,2024-04-15,2024,4,Apr,7,M1.0,M,1.0,31.0,-60.0,13639.0,,GOES-P: EXIS 1.0-8.0,60.0,Northern,Mid disk (30-60°),23.0
2024-04-15T08:38:00-FLR-001,Solar Flare,2024-04-15 08:38:00,2024-04-15 08:42:00,2024-04-15 08:47:00,2024-04-15,2024,4,Apr,8,M2.3,M,2.3,27.0,28.0,13634.0,,GOES-P: EXIS 1.0-8.0,28.0,Northern,Near centre (<30°),9.0
2024-04-15T09:21:00-FLR-001,Solar Flare,2024-04-15 09:21:00,2024-04-15 09:32:00,2024-04-15 09:42:00,2024-04-15,2024,4,Apr,9,M1.2,M,1.2,29.0,-61.0,13639.0,,GOES-P: EXIS 1.0-8.0,61.0,Northern,Near limb (>60°),21.0
2024-04-15T13:43:00-FLR-001,Solar Flare,2024-04-15 13:43:00,2024-04-15 13:58:00,2024-04-15 14:01:00,2024-04-15,2024,4,Apr,13,M1.1,M,1.1,29.0,-55.0,13639.0,,GOES-P: EXIS 1.0-8.0,55.0,Northern,Mid disk (30-60°),18.0
2024-04-15T14:01:00-FLR-001,Solar Flare,2024-04-15 14:01:00,2024-04-15 14:04:00,2024-04-15 14:08:00,2024-04-15,2024,4,Apr,14,M1.4,M,1.4,27.0,33.0,13634.0,,GOES-P: EXIS 1.0-8.0,33.0,Northern,Mid disk (30-60°),7.0
2024-04-15T14:08:00-FLR-001,Solar Flare,2024-04-15 14:08:00,2024-04-15 14:17:00,2024-04-15 14:27:00,2024-04-15,2024,4,Apr,14,M2.2,M,2.2,29.0,-55.0,13639.0,,GOES-P: EXIS 1.0-8.0,55.0,Northern,Mid disk (30-60°),19.0
2024-04-15T19:25:00-FLR-001,Solar Flare,2024-04-15 19:25:00,2024-04-15 19:32:00,2024-04-15 19:39:00,2024-04-15,2024,4,Apr,19,M4.0,M,4.0,29.0,-55.0,13639.0,,GOES-P: EXIS 1.0-8.0,55.0,Northern,Mid disk (30-60°),14.0
2024-04-16T17:49:00-FLR-001,Solar Flare,2024-04-16 17:49:00,2024-04-16 18:02:00,2024-04-16 18:14:00,2024-04-16,2024,4,Apr,17,M1.1,M,1.1,-10.0,-35.0,13645.0,,GOES-P: EXIS 1.0-8.0,35.0,Southern,Mid disk (30-60°),25.0
2024-04-17T20:00:00-FLR-001,Solar Flare,2024-04-17 20:00:00,2024-04-17 20:04:00,2024-04-17 20:05:00,2024-04-17,2024,4,Apr,20,C9.0,C,9.0,-18.0,-20.0,13638.0,,GOES-P: EXIS 1.0-8.0,20.0,Southern,Near centre (<30°),5.0
2024-04-17T20:06:00-FLR-001,Solar Flare,2024-04-17 20:06:00,2024-04-17 20:08:00,2024-04-17 20:09:00,2024-04-17,2024,4,Apr,20,C9.7,C,9.7,-18.0,-20.0,13638.0,,GOES-P: EXIS 1.0-8.0,20.0,Southern,Near centre (<30°),3.0
2024-04-17T21:55:00-FLR-001,Solar Flare,2024-04-17 21:55:00,2024-04-17 22:08:00,2024-04-17 22:17:00,2024-04-17,2024,4,Apr,21,M1.6,M,1.6,-8.0,-23.0,13645.0,,GOES-P: EXIS 1.0-8.0,23.0,Southern,Near centre (<30°),22.0
2024-04-18T02:32:00-FLR-001,Solar Flare,2024-04-18 02:32:00,2024-04-18 02:48:00,2024-04-18 02:53:00,2024-04-18,2024,4,Apr,2,M2.2,M,2.2,-18.0,-16.0,13638.0,,GOES-P: EXIS 1.0-8.0,16.0,Southern,Near centre (<30°),21.0
2024-04-18T07:17:00-FLR-001,Solar Flare,2024-04-18 07:17:00,2024-04-18 07:37:00,2024-04-18 08:09:00,2024-04-18,2024,4,Apr,7,M1.3,M,1.3,-12.0,-24.0,13643.0,,GOES-P: EXIS 1.0-8.0,24.0,Southern,Near centre (<30°),52.0
2024-04-18T19:22:00-FLR-001,Solar Flare,2024-04-18 19:22:00,2024-04-18 20:16:00,2024-04-18 20:21:00,2024-04-18,2024,4,Apr,19,M1.6,M,1.6,-12.0,-15.0,13647.0,,GOES-P: EXIS 1.0-8.0,15.0,Southern,Near centre (<30°),59.0
2024-04-19T04:40:00-FLR-001,Solar Flare,2024-04-19 04:40:00,2024-04-19 04:53:00,2024-04-19 05:03:00,2024-04-19,2024,4,Apr,4,M2.1,M,2.1,-12.0,-10.0,13647.0,,GOES-P: EXIS 1.0-8.0,10.0,Southern,Near centre (<30°),23.0
2024-04-19T12:53:00-FLR-001,Solar Flare,2024-04-19 12:53:00,2024-04-19 13:06:00,2024-04-19 13:23:00,2024-04-19,2024,4,Apr,12,M1.0,M,1.0,-18.0,1.0,13638.0,,GOES-P: EXIS 1.0-8.0,1.0,Southern,Near centre (<30°),30.0
2024-04-19T18:00:00-GST-001,Geomagnetic Storm,2024-04-19 18:00:00,,,2024-04-19,2024,4,Apr,18,G0,G,0.0,,,,7.0,,,,,
2024-04-20T08:36:00-FLR-001,Solar Flare,2024-04-20 08:36:00,2024-04-20 08:49:00,2024-04-20 09:03:00,2024-04-20,2024,4,Apr,8,C3.9,C,3.9,-20.0,33.0,13636.0,,GOES-P: EXIS 1.0-8.0,33.0,Southern,Mid disk (30-60°),27.0
2024-04-21T02:22:00-FLR-001,Solar Flare,2024-04-21 02:22:00,2024-04-21 02:26:00,2024-04-21 02:49:00,2024-04-21,2024,4,Apr,2,C5.9,C,5.9,-18.0,28.0,13637.0,,GOES-P: EXIS 1.0-8.0,28.0,Southern,Near centre (<30°),27.0
2024-04-21T10:51:00-FLR-001,Solar Flare,2024-04-21 10:51:00,2024-04-21 10:53:00,2024-04-21 10:56:00,2024-04-21,2024,4,Apr,10,C2.7,C,2.7,-17.0,34.0,13638.0,,GOES-P: EXIS 1.0-8.0,34.0,Southern,Mid disk (30-60°),5.0
2024-04-21T12:11:00-FLR-001,Solar Flare,2024-04-21 12:11:00,2024-04-21 12:17:00,2024-04-21 12:33:00,2024-04-21,2024,4,Apr,12,C3.6,C,3.6,-20.0,33.0,13638.0,,GOES-P: EXIS 1.0-8.0,33.0,Southern,Mid disk (30-60°),22.0
2024-04-21T12:39:00-FLR-001,Solar Flare,2024-04-21 12:39:00,2024-04-21 12:59:00,2024-04-21 13:34:00,2024-04-21,2024,4,Apr,12,M1.0,M,1.0,-8.0,27.0,13645.0,,GOES-P: EXIS 1.0-8.0,27.0,Southern,Near centre (<30°),55.0
2024-04-21T15:07:00-FLR-001,Solar Flare,2024-04-21 15:07:00,2024-04-21 15:14:00,2024-04-21 15:20:00,2024-04-21,2024,4,Apr,15,M2.2,M,2.2,-19.0,35.0,13638.0,,GOES-P: EXIS 1.0-8.0,35.0,Southern,Mid disk (30-60°),13.0
2024-04-21T21:44:00-FLR-001,Solar Flare,2024-04-21 21:44:00,2024-04-21 21:52:00,2024-04-21 21:57:00,2024-04-21,2024,4,Apr,21,M3.4,M,3.4,-19.0,37.0,13638.0,,GOES-P: EXIS 1.0-8.0,37.0,Southern,Mid disk (30-60°),13.0
2024-04-22T05:27:00-FLR-001,Solar Flare,2024-04-22 05:27:00,2024-04-22 05:37:00,2024-04-22 05:42:00,2024-04-22,2024,4,Apr,5,C8.9,C,8.9,-19.0,41.0,13638.0,,GOES-P: EXIS 1.0-8.0,41.0,Southern,Mid disk (30-60°),15.0
2024-04-22T07:58:00-FLR-001,Solar Flare,2024-04-22 07:58:00,2024-04-22 08:13:00,2024-04-22 08:30:00,2024-04-22,2024,4,Apr,7,M1.0,M,1.0,-6.0,39.0,13645.0,,GOES-P: EXIS 1.0-8.0,39.0,Southern,Mid disk (30-60°),32.0
2024-04-22T12:07:00-FLR-001,Solar Flare,2024-04-22 12:07:00,2024-04-22 12:12:00,2024-04-22 12:24:00,2024-04-22,2024,4,Apr,12,C5.9,C,5.9,-19.0,45.0,13638.0,,GOES-P: EXIS 1.0-8.0,45.0,Southern,Mid disk (30-60°),17.0
2024-04-22T13:13:00-FLR-001,Solar Flare,2024-04-22 13:13:00,2024-04-22 13:35:00,2024-04-22 14:17:00,2024-04-22,2024,4,Apr,13,M1.6,M,1.6,-11.0,39.0,13645.0,,GOES-P: EXIS 1.0-8.0,39.0,Southern,Mid disk (30-60°),64.0
2024-04-22T14:46:00-FLR-001,Solar Flare,2024-04-22 14:46:00,2024-04-22 14:55:00,2024-04-22 15:08:00,2024-04-22,2024,4,Apr,14,M1.1,M,1.1,-6.0,45.0,13645.0,,GOES-P: EXIS 1.0-8.0,45.0,Southern,Mid disk (30-60°),22.0
2024-04-22T15:08:00-FLR-001,Solar Flare,2024-04-22 15:08:00,2024-04-22 15:19:00,2024-04-22 15:32:00,2024-04-22,2024,4,Apr,15,M1.6,M,1.6,21.0,-6.0,13646.0,,GOES-P: EXIS 1.0-8.0,6.0,Northern,Near centre (<30°),24.0
2024-04-22T15:41:00-FLR-001,Solar Flare,2024-04-22 15:41:00,2024-04-22 15:50:00,2024-04-22 15:58:00,2024-04-22,2024,4,Apr,15,M2.8,M,2.8,-11.0,-70.0,13656.0,,GOES-P: EXIS 1.0-8.0,70.0,Southern,Near limb (>60°),17.0
2024-04-22T16:26:00-FLR-001,Solar Flare,2024-04-22 16:26:00,2024-04-22 16:30:00,2024-04-22 16:36:00,2024-04-22,2024,4,Apr,16,M1.0,M,1.0,-13.0,-67.0,13656.0,,GOES-P: EXIS 1.0-8.0,67.0,Southern,Near limb (>60°),10.0
2024-04-22T21:05:00-FLR-001,Solar Flare,2024-04-22 21:05:00,2024-04-22 21:16:00,2024-04-22 21:24:00,2024-04-22,2024,4,Apr,21,M1.5,M,1.5,-20.0,48.0,13638.0,,GOES-P: EXIS 1.0-8.0,48.0,Southern,Mid disk (30-60°),19.0
2024-04-22T22:59:00-FLR-001,Solar Flare,2024-04-22 22:59:00,2024-04-22 23:18:00,2024-04-22 23:38:00,2024-04-22,2024,4,Apr,22,M1.0,M,1.0,-7.0,50.0,13645.0,,GOES-P: EXIS 1.0-8.0,50.0,Southern,Mid disk (30-60°),39.0
2024-04-23T03:06:00-FLR-001,Solar Flare,2024-04-23 03:06:00,2024-04-23 03:19:00,2024-04-23 03:35:00,2024-04-23,2024,4,Apr,3,M3.6,M,3.6,-6.0,-45.0,13654.0,,GOES-P: EXIS 1.0-8.0,45.0,Southern,Mid disk (30-60°),29.0
2024-04-23T08:07:00-FLR-001,Solar Flare,2024-04-23 08:07:00,2024-04-23 08:21:00,2024-04-23 08:29:00,2024-04-23,2024,4,Apr,8,M3.0,M,3.0,-6.0,-41.0,13654.0,,GOES-P: EXIS 1.0-8.0,41.0,Southern,Mid disk (30-60°),22.0
2024-04-23T16:25:00-FLR-001,Solar Flare,2024-04-23 16:25:00,2024-04-23 16:51:00,2024-04-23 17:19:00,2024-04-23,2024,4,Apr,16,M1.0,M,1.0,-12.0,50.0,13647.0,,GOES-P: EXIS 1.0-8.0,50.0,Southern,Mid disk (30-60°),54.0
2024-04-23T17:33:00-FLR-001,Solar Flare,2024-04-23 17:33:00,2024-04-23 17:44:00,2024-04-23 17:52:00,2024-04-23,2024,4,Apr,17,M2.9,M,2.9,-19.0,60.0,13638.0,,GOES-P: EXIS 1.0-8.0,60.0,Southern,Mid disk (30-60°),19.0
2024-04-24T00:13:00-FLR-001,Solar Flare,2024-04-24 00:13:00,2024-04-24 00:29:00,2024-04-24 00:38:00,2024-04-24,2024,4,Apr,0,M1.7,M,1.7,-10.0,61.0,13645.0,,GOES-P: EXIS 1.0-8.0,61.0,Southern,Near limb (>60°),25.0
2024-04-24T00:38:00-FLR-001,Solar Flare,2024-04-24 00:38:00,2024-04-24 00:42:00,2024-04-24 00:46:00,2024-04-24,2024,4,Apr,0,M1.6,M,1.6,-9.0,65.0,13645.0,,GOES-P: EXIS 1.0-8.0,65.0,Southern,Near limb (>60°),8.0
2024-04-24T02:30:00-FLR-001,Solar Flare,2024-04-24 02:30:00,2024-04-24 02:39:00,2024-04-24 02:44:00,2024-04-24,2024,4,Apr,2,M1.8,M,1.8,-17.0,64.0,13638.0,,GOES-P: EXIS 1.0-8.0,64.0,Southern,Near limb (>60°),14.0
2024-04-24T12:07:00-FLR-001,Solar Flare,2024-04-24 12:07:00,2024-04-24 12:14:00,2024-04-24 12:39:00,2024-04-24,2024,4,Apr,12,M1.4,M,1.4,-7.0,70.0,13645.0,,GOES-P: EXIS 1.0-8.0,70.0,Southern,Near limb (>60°),32.0
2024-04-24T14:02:00-FLR-001,Solar Flare,2024-04-24 14:02:00,2024-04-24 14:10:00,2024-04-24 14:20:00,2024-04-24,2024,4,Apr,14,C9.4,C,9.4,-18.0,70.0,13638.0,,GOES-P: EXIS 1.0-8.0,70.0,Southern,Near limb (>60°),18.0
2024-04-24T22:27:00-FLR-001,Solar Flare,2024-04-24 22:27:00,2024-04-24 22:50:00,2024-04-24 22:54:00,2024-04-24,2024,4,Apr,22,M1.1,M,1.1,-12.0,60.0,13643.0,,GOES-P: EXIS 1.0-8.0,60.0,Southern,Mid disk (30-60°),27.0
2024-04-24T22:54:00-FLR-001,Solar Flare,2024-04-24 22:54:00,2024-04-24 22:59:00,2024-04-24 23:05:00,2024-04-24,2024,4,Apr,22,M2.0,M,2.0,-11.0,80.0,13645.0,,GOES-P: EXIS 1.0-8.0,80.0,Southern,Near limb (>60°),11.0
2024-04-25T01:40:00-FLR-001,Solar Flare,2024-04-25 01:40:00,2024-04-25 01:49:00,2024-04-25 02:01:00,2024-04-25,2024,4,Apr,1,M1.0,M,1.0,-11.0,-75.0,13645.0,,GOES-P: EXIS 1.0-8.0,75.0,Southern,Near limb (>60°),21.0
2024-04-25T02:39:00-FLR-001,Solar Flare,2024-04-25 02:39:00,2024-04-25 02:43:00,2024-04-25 02:46:00,2024-04-25,2024,4,Apr,2,M1.0,M,1.0,-13.0,64.0,13647.0,,GOES-P: EXIS 1.0-8.0,64.0,Southern,Near limb (>60°),7.0
2024-04-25T03:05:00-FLR-001,Solar Flare,2024-04-25 03:05:00,2024-04-25 03:15:00,2024-04-25 03:35:00,2024-04-25,2024,4,Apr,3,M1.0,M,1.0,-12.0,72.0,13645.0,,GOES-P: EXIS 1.0-8.0,72.0,Southern,Near limb (>60°),30.0
2024-04-25T13:11:00-FLR-001,Solar Flare,2024-04-25 13:11:00,2024-04-25 13:21:00,2024-04-25 13:27:00,2024-04-25,2024,4,Apr,13,M1.0,M,1.0,-19.0,90.0,13638.0,,GOES-P: EXIS 1.0-8.0,90.0,Southern,Near limb (>60°),16.0
2024-04-25T17:03:00-FLR-001,Solar Flare,2024-04-25 17:03:00,2024-04-25 17:12:00,2024-04-25 17:16:00,2024-04-25,2024,4,Apr,17,M1.3,M,1.3,-19.0,88.0,13638.0,,GOES-P: EXIS 1.0-8.0,88.0,Southern,Near limb (>60°),13.0
2024-04-27T02:36:00-HSS-001,High Speed Stream,2024-04-27 02:36:00,,,2024-04-27,2024,4,Apr,2,,,,,,,,DSCOVR: PLASMAG,,,,
2024-04-27T12:23:00-FLR-001,Solar Flare,2024-04-27 12:23:00,2024-04-27 12:35:00,2024-04-27 12:44:00,2024-04-27,2024,4,Apr,12,M2.1,M,2.1,-8.0,15.0,13654.0,,GOES-P: EXIS 1.0-8.0,15.0,Southern,Near centre (<30°),21.0
2024-04-27T21:29:00-FLR-001,Solar Flare,2024-04-27 21:29:00,2024-04-27 21:40:00,2024-04-27 21:49:00,2024-04-27,2024,4,Apr,21,M3.0,M,3.0,-7.0,20.0,13654.0,,GOES-P: EXIS 1.0-8.0,20.0,Southern,Near centre (<30°),20.0
2024-04-29T00:33:00-FLR-001,Solar Flare,2024-04-29 00:33:00,2024-04-29 00:48:00,2024-04-29 00:54:00,2024-04-29,2024,4,Apr,0,M2.5,M,2.5,-7.0,38.0,13654.0,,GOES-P: EXIS 1.0-8.0,38.0,Southern,Mid disk (30-60°),21.0
2024-04-29T00:54:00-FLR-001,Solar Flare,2024-04-29 00:54:00,2024-04-29 01:11:00,2024-04-29 01:20:00,2024-04-29,2024,4,Apr,0,M3.7,M,3.7,-7.0,37.0,13654.0,,GOES-P: EXIS 1.0-8.0,37.0,Southern,Mid disk (30-60°),26.0
2024-04-30T00:46:00-FLR-001,Solar Flare,2024-04-30 00:46:00,2024-04-30 01:14:00,2024-04-30 01:31:00,2024-04-30,2024,4,Apr,0,M1.6,M,1.6,-7.0,54.0,13654.0,,GOES-P: EXIS 1.0-8.0,54.0,Southern,Mid disk (30-60°),45.0
2024-04-30T14:50:00-FLR-001,Solar Flare,2024-04-30 14:50:00,2024-04-30 15:11:00,2024-04-30 15:26:00,2024-04-30,2024,4,Apr,14,M1.2,M,1.2,-7.0,62.0,13654.0,,GOES-P: EXIS 1.0-8.0,62.0,Southern,Near limb (>60°),36.0
2024-04-30T16:11:00-FLR-001,Solar Flare,2024-04-30 16:11:00,2024-04-30 16:33:00,2024-04-30 16:47:00,2024-04-30,2024,4,Apr,16,M1.3,M,1.3,-7.0,60.0,13654.0,,GOES-P: EXIS 1.0-8.0,60.0,Southern,Mid disk (30-60°),36.0
2024-04-30T23:23:00-FLR-001,Solar Flare,2024-04-30 23:23:00,2024-04-30 23:46:00,2024-04-30 23:58:00,2024-04-30,2024,4,Apr,23,M9.5,M,9.5,-6.0,63.0,13654.0,,GOES-P: EXIS 1.0-8.0,63.0,Southern,Near limb (>60°),35.0
2024-05-01T05:53:00-FLR-001,Solar Flare,2024-05-01 05:53:00,2024-05-01 06:57:00,2024-05-01 07:35:00,2024-05-01,2024,5,May,5,C5.3,C,5.3,-15.0,76.0,13657.0,,GOES-P: EXIS 1.0-8.0,76.0,Southern,Near limb (>60°),102.0
2024-05-01T14:17:00-FLR-001,Solar Flare,2024-05-01 14:17:00,2024-05-01 14:32:00,2024-05-01 14:37:00,2024-05-01,2024,5,May,14,M1.8,M,1.8,-7.0,71.0,13654.0,,GOES-P: EXIS 1.0-8.0,71.0,Southern,Near limb (>60°),20.0
2024-05-01T14:37:00-FLR-001,Solar Flare,2024-05-01 14:37:00,2024-05-01 14:44:00,2024-05-01 14:48:00,2024-05-01,2024,5,May,14,M1.9,M,1.9,-4.0,82.0,13654.0,,GOES-P: EXIS 1.0-8.0,82.0,Southern,Near limb (>60°),11.0
2024-05-01T22:26:00-FLR-001,Solar Flare,2024-05-01 22:26:00,2024-05-01 22:31:00,2024-05-01 22:37:00,2024-05-01,2024,5,May,22,M1.8,M,1.8,25.0,-22.0,13663.0,,GOES-P: EXIS 1.0-8.0,22.0,Northern,Near centre (<30°),11.0
2024-05-02T02:07:00-FLR-001,Solar Flare,2024-05-02 02:07:00,2024-05-02 02:17:00,2024-05-02 02:24:00,2024-05-02,2024,5,May,2,M1.0,M,1.0,25.0,-21.0,13663.0,,GOES-P: EXIS 1.0-8.0,21.0,Northern,Near centre (<30°),17.0
2024-05-02T11:20:00-HSS-001,High Speed Stream,2024-05-02 11:20:00,,,2024-05-02,2024,5,May,11,,,,,,,,STEREO A: IMPACT,,,,
2024-05-02T13:15:00-HSS-001,High Speed Stream,2024-05-02 13:15:00,,,2024-05-02,2024,5,May,13,,,,,,,,"DSCOVR: PLASMAG, ACE: SWEPAM, ACE: MAG",,,,
2024-05-02T15:00:00-GST-001,Geomagnetic Storm,2024-05-02 15:00:00,,,2024-05-02,2024,5,May,15,G0,G,0.0,,,,6.67,,,,,
2024-05-02T20:52:00-FLR-001,Solar Flare,2024-05-02 20:52:00,2024-05-02 20:57:00,2024-05-02 21:01:00,2024-05-02,2024,5,May,20,M2.7,M,2.7,-21.0,-58.0,13664.0,,GOES-P: EXIS 1.0-8.0,58.0,Southern,Mid disk (30-60°),9.0
2024-05-03T00:08:00-FLR-001,Solar Flare,2024-05-03 00:08:00,2024-05-03 00:15:00,2024-05-03 00:19:00,2024-05-03,2024,5,May,0,M2.7,M,2.7,-21.0,-57.0,13664.0,,GOES-P: EXIS 1.0-8.0,57.0,Southern,Mid disk (30-60°),11.0
2024-05-03T02:11:00-FLR-001,Solar Flare,2024-05-03 02:11:00,2024-05-03 02:22:00,2024-05-03 02:27:00,2024-05-03,2024,5,May,2,X1.6,X,1.6,26.0,-5.0,13663.0,,GOES-P: EXIS 1.0-8.0,5.0,Northern,Near centre (<30°),16.0
2024-05-03T08:05:00-FLR-001,Solar Flare,2024-05-03 08:05:00,2024-05-03 08:11:00,2024-05-03 08:16:00,2024-05-03,2024,5,May,8,M4.4,M,4.4,26.0,-5.0,13663.0,,GOES-P: EXIS 1.0-8.0,5.0,Northern,Near centre (<30°),11.0
2024-05-03T22:25:00-FLR-001,Solar Flare,2024-05-03 22:25:00,2024-05-03 22:47:00,2024-05-03 23:11:00,2024-05-03,2024,5,May,22,M1.2,M,1.2,-8.0,100.0,13654.0,,GOES-P: EXIS 1.0-8.0,100.0,Southern,Near limb (>60°),46.0
2024-05-03T23:11:00-FLR-001,Solar Flare,2024-05-03 23:11:00,2024-05-03 23:16:00,2024-05-03 23:20:00,2024-05-03,2024,5,May,23,M1.0,M,1.0,25.0,4.0,13663.0,,GOES-P: EXIS 1.0-8.0,4.0,Northern,Near centre (<30°),9.0
2024-05-03T23:24:00-FLR-001,Solar Flare,2024-05-03 23:24:00,2024-05-03 23:30:00,2024-05-03 23:36:00,2024-05-03,2024,5,May,23,M2.4,M,2.4,26.0,6.0,13663.0,,GOES-P: EXIS 1.0-8.0,6.0,Northern,Near centre (<30°),12.0
2024-05-04T00:26:00-FLR-001,Solar Flare,2024-05-04 00:26:00,2024-05-04 00:36:00,2024-05-04 00:44:00,2024-05-04,2024,5,May,0,M1.6,M,1.6,26.0,5.0,13663.0,,GOES-P: EXIS 1.0-8.0,5.0,Northern,Near centre (<30°),18.0
2024-05-04T06:02:00-FLR-001,Solar Flare,2024-05-04 06:02:00,2024-05-04 06:19:00,2024-05-04 06:30:00,2024-05-04,2024,5,May,6,M9.1,M,9.1,26.0,9.0,13663.0,,GOES-P: EXIS 1.0-8.0,9.0,Northern,Near centre (<30°),28.0
2024-05-04T07:04:00-FLR-001,Solar Flare,2024-05-04 07:04:00,2024-05-04 07:07:00,2024-05-04 07:11:00,2024-05-04,2024,5,May,7,M1.5,M,1.5,27.0,8.0,13663.0,,GOES-P: EXIS 1.0-8.0,8.0,Northern,Near centre (<30°),7.0
2024-05-04T18:10:00-FLR-001,Solar Flare,2024-05-04 18:10:00,2024-05-04 18:20:00,2024-05-04 18:25:00,2024-05-04,2024,5,May,18,M1.3,M,1.3,26.0,15.0,13663.0,,GOES-P: EXIS 1.0-8.0,15.0,Northern,Near centre (<30°),15.0
2024-05-04T22:23:00-FLR-001,Solar Flare,2024-05-04 22:23:00,2024-05-04 22:37:00,2024-05-04 22:54:00,2024-05-04,2024,5,May,22,M3.2,M,3.2,26.0,15.0,13663.0,,GOES-P: EXIS 1.0-8.0,15.0,Northern,Near centre (<30°),31.0
2024-05-04T23:28:00-FLR-001,Solar Flare,2024-05-04 23:28:00,2024-05-04 23:48:00,2024-05-04 23:55:00,2024-05-04,2024,5,May,23,M9.0,M,9.0,26.0,17.0,13663.0,,GOES-P: EXIS 1.0-8.0,17.0,Northern,Near centre (<30°),27.0
2024-05-05T01:15:00-FLR-001,Solar Flare,2024-05-05 01:15:00,2024-05-05 01:27:00,2024-05-05 01:43:00,2024-05-05,2024,5,May,1,M8.4,M,8.4,26.0,20.0,13663.0,,GOES-P: EXIS 1.0-8.0,20.0,Northern,Near centre (<30°),28.0
2024-05-05T03:01:00-FLR-001,Solar Flare,2024-05-05 03:01:00,2024-05-05 03:17:00,2024-05-05 03:27:00,2024-05-05,2024,5,May,3,C8.8,C,8.8,24.0,21.0,13663.0,,GOES-P: EXIS 1.0-8.0,21.0,Northern,Near centre (<30°),26.0
2024-05-05T05:47:00-FLR-001,Solar Flare,2024-05-05 05:47:00,2024-05-05 06:01:00,2024-05-05 06:07:00,2024-05-05,2024,5,May,5,X1.3,X,1.3,26.0,20.0,13663.0,,GOES-P: EXIS 1.0-8.0,20.0,Northern,Near centre (<30°),20.0
2024-05-05T08:07:00-FLR-001,Solar Flare,2024-05-05 08:07:00,2024-05-05 08:19:00,2024-05-05 08:24:00,2024-05-05,2024,5,May,8,M1.3,M,1.3,26.0,22.0,13663.0,,GOES-P: EXIS 1.0-8.0,22.0,Northern,Near centre (<30°),17.0
2024-05-05T09:23:00-FLR-001,Solar Flare,2024-05-05 09:23:00,2024-05-05 09:38:00,2024-05-05 09:53:00,2024-05-05,2024,5,May,9,M2.3,M,2.3,-21.0,-22.0,13664.0,,GOES-P: EXIS 1.0-8.0,22.0,Southern,Near centre (<30°),30.0
2024-05-05T09:53:00-FLR-001,Solar Flare,2024-05-05 09:53:00,2024-05-05 10:00:00,2024-05-05 10:19:00,2024-05-05,2024,5,May,9,M7.4,M,7.4,26.0,22.0,13663.0,,GOES-P: EXIS 1.0-8.0,22.0,Northern,Near centre (<30°),26.0
2024-05-05T11:41:00-FLR-001,Solar Flare,2024-05-05 11:41:00,2024-05-05 11:54:00,2024-05-05 12:16:00,2024-05-05,2024,5,May,11,X1.2,X,1.2,26.0,23.0,13663.0,,GOES-P: EXIS 1.0-8.0,23.0,Northern,Near centre (<30°),35.0
2024-05-05T14:33:00-FLR-001,Solar Flare,2024-05-05 14:33:00,2024-05-05 14:47:00,2024-05-05 14:56:00,2024-05-05,2024,5,May,14,M1.3,M,1.3,26.0,24.0,13663.0,,GOES-P: EXIS 1.0-8.0,24.0,Northern,Near centre (<30°),23.0
2024-05-05T15:28:00-FLR-001,Solar Flare,2024-05-05 15:28:00,2024-05-05 15:38:00,2024-05-05 15:51:00,2024-05-05,2024,5,May,15,M2.2,M,2.2,26.0,25.0,13663.0,,GOES-P: EXIS 1.0-8.0,25.0,Northern,Near centre (<30°),23.0
2024-05-05T16:55:00-FLR-001,Solar Flare,2024-05-05 16:55:00,2024-05-05 17:01:00,2024-05-05 17:06:00,2024-05-05,2024,5,May,16,M1.3,M,1.3,-18.0,-24.0,13664.0,,GOES-P: EXIS 1.0-8.0,24.0,Southern,Near centre (<30°),11.0
2024-05-05T18:34:00-FLR-001,Solar Flare,2024-05-05 18:34:00,2024-05-05 18:40:00,2024-05-05 18:45:00,2024-05-05,2024,5,May,18,M1.0,M,1.0,-19.0,-18.0,13664.0,,GOES-P: EXIS 1.0-8.0,18.0,Southern,Near centre (<30°),11.0
2024-05-05T19:44:00-FLR-001,Solar Flare,2024-05-05 19:44:00,2024-05-05 19:52:00,2024-05-05 20:06:00,2024-05-05,2024,5,May,19,M1.3,M,1.3,26.0,28.0,13663.0,,GOES-P: EXIS 1.0-8.0,28.0,Northern,Near centre (<30°),22.0
2024-05-06T00:47:00-FLR-001,Solar Flare,2024-05-06 00:47:00,2024-05-06 01:06:00,2024-05-06 01:14:00,2024-05-06,2024,5,May,0,M1.6,M,1.6,26.0,30.0,13663.0,,GOES-P: EXIS 1.0-8.0,30.0,Northern,Near centre (<30°),27.0
2024-05-06T04:00:00-HSS-001,High Speed Stream,2024-05-06 04:00:00,,,2024-05-06,2024,5,May,4,,,,,,,,"DSCOVR: PLASMAG, ACE: SWEPAM, ACE: MAG",,,,
2024-05-06T05:09:00-FLR-001,Solar Flare,2024-05-06 05:09:00,2024-05-06 05:28:00,2024-05-06 05:38:00,2024-05-06,2024,5,May,5,M1.3,M,1.3,26.0,37.0,13663.0,,GOES-P: EXIS 1.0-8.0,37.0,Northern,Mid disk (30-60°),29.0
2024-05-06T05:38:00-FLR-001,Solar Flare,2024-05-06 05:38:00,2024-05-06 06:35:00,2024-05-06 06:47:00,2024-05-06,2024,5,May,5,X4.5,X,4.5,26.0,35.0,13663.0,,GOES-P: EXIS 1.0-8.0,35.0,Northern,Mid disk (30-60°),69.0
2024-05-06T09:49:00-FLR-001,Solar Flare,2024-05-06 09:49:00,2024-05-06 09:59:00,2024-05-06 10:04:00,2024-05-06,2024,5,May,9,M1.5,M,1.5,26.0,38.0,13663.0,,GOES-P: EXIS 1.0-8.0,38.0,Northern,Mid disk (30-60°),15.0
2024-05-06T21:37:00-FLR-001,Solar Flare,2024-05-06 21:37:00,2024-05-06 21:48:00,2024-05-06 21:58:00,2024-05-06,2024,5,May,21,M1.2,M,1.2,27.0,41.0,13663.0,,GOES-P: EXIS 1.0-8.0,41.0,Northern,Mid disk (30-60°),21.0
2024-05-06T21:58:00-FLR-001,Solar Flare,2024-05-06 21:58:00,2024-05-06 22:27:00,2024-05-06 23:07:00,2024-05-06,2024,5,May,21,M4.3,M,4.3,27.0,42.0,13663.0,,GOES-P: EXIS 1.0-8.0,42.0,Northern,Mid disk (30-60°),69.0
2024-05-07T00:41:00-FLR-001,Solar Flare,2024-05-07 00:41:00,2024-05-07 00:58:00,2024-05-07 01:23:00,2024-05-07,2024,5,May,0,M2.6,M,2.6,25.0,45.0,13663.0,,GOES-P: EXIS 1.0-8.0,45.0,Northern,Mid disk (30-60°),42.0
2024-05-07T05:58:00-FLR-001,Solar Flare,2024-05-07 05:58:00,2024-05-07 06:16:00,2024-05-07 06:27:00,2024-05-07,2024,5,May,5,M5.1,M,5.1,27.0,47.0,13663.0,,GOES-P: EXIS 1.0-8.0,47.0,Northern,Mid disk (30-60°),29.0
2024-05-07T08:18:00-FLR-001,Solar Flare,2024-05-07 08:18:00,2024-05-07 08:23:00,2024-05-07 08:28:00,2024-05-07,2024,5,May,8,M1.3,M,1.3,25.0,52.0,13663.0,,GOES-P: EXIS 1.0-8.0,52.0,Northern,Mid disk (30-60°),10.0
2024-05-07T08:28:00-FLR-001,Solar Flare,2024-05-07 08:28:00,2024-05-07 08:31:00,2024-05-07 08:33:00,2024-05-07,2024,5,May,8,M1.4,M,1.4,-18.0,-5.0,13668.0,,GOES-P: EXIS 1.0-8.0,5.0,Southern,Near centre (<30°),5.0
2024-05-07T11:40:00-FLR-001,Solar Flare,2024-05-07 11:40:00,2024-05-07 11:50:00,2024-05-07 12:01:00,2024-05-07,2024,5,May,11,M2.4,M,2.4,-22.0,2.0,13664.0,,GOES-P: EXIS 1.0-8.0,2.0,Southern,Near centre (<30°),21.0
2024-05-07T12:43:00-FLR-001,Solar Flare,2024-05-07 12:43:00,2024-05-07 12:54:00,2024-05-07 12:59:00,2024-05-07,2024,5,May,12,M1.5,M,1.5,25.0,54.0,13663.0,,GOES-P: EXIS 1.0-8.0,54.0,Northern,Mid disk (30-60°),16.0
2024-05-07T13:16:00-FLR-001,Solar Flare,2024-05-07 13:16:00,2024-05-07 13:25:00,2024-05-07 13:32:00,2024-05-07,2024,5,May,13,M1.0,M,1.0,25.0,55.0,13663.0,,GOES-P: EXIS 1.0-8.0,55.0,Northern,Mid disk (30-60°),16.0
2024-05-07T13:32:00-FLR-001,Solar Flare,2024-05-07 13:32:00,2024-05-07 13:35:00,2024-05-07 13:39:00,2024-05-07,2024,5,May,13,M1.0,M,1.0,25.0,55.0,13663.0,,GOES-P: EXIS 1.0-8.0,55.0,Northern,Mid disk (30-60°),7.0
2024-05-07T16:21:00-FLR-001,Solar Flare,2024-05-07 16:21:00,2024-05-07 16:30:00,2024-05-07 16:36:00,2024-05-07,2024,5,May,16,M8.2,M,8.2,25.0,56.0,13663.0,,GOES-P: EXIS 1.0-8.0,56.0,Northern,Mid disk (30-60°),15.0
2024-05-07T19:58:00-FLR-001,Solar Flare,2024-05-07 19:58:00,2024-05-07 20:22:00,2024-05-07 20:34:00,2024-05-07,2024,5,May,19,M2.1,M,2.1,-21.0,12.0,13664.0,,GOES-P: EXIS 1.0-8.0,12.0,Southern,Near centre (<30°),36.0
2024-05-07T20:45:00-FLR-001,Solar Flare,2024-05-07 20:45:00,2024-05-07 20:47:00,2024-05-07 21:13:00,2024-05-07,2024,5,May,20,M1.2,M,1.2,-20.0,8.0,13664.0,,GOES-P: EXIS 1.0-8.0,8.0,Southern,Near centre (<30°),28.0
2024-05-07T21:13:00-FLR-001,Solar Flare,2024-05-07 21:13:00,2024-05-07 21:26:00,2024-05-07 21:42:00,2024-05-07,2024,5,May,21,M3.3,M,3.3,26.0,57.0,13663.0,,GOES-P: EXIS 1.0-8.0,57.0,Northern,Mid disk (30-60°),29.0
2024-05-07T21:42:00-FLR-001,Solar Flare,2024-05-07 21:42:00,2024-05-07 21:59:00,2024-05-07 22:08:00,2024-05-07,2024,5,May,21,M3.3,M,3.3,26.0,57.0,13663.0,,GOES-P: EXIS 1.0-8.0,57.0,Northern,Mid disk (30-60°),26.0
2024-05-07T22:55:00-FLR-001,Solar Flare,2024-05-07 22:55:00,2024-05-07 23:31:00,2024-05-07 23:35:00,2024-05-07,2024,5,May,22,M1.6,M,1.6,-11.0,9.0,13664.0,,GOES-P: EXIS 1.0-8.0,9.0,Southern,Near centre (<30°),40.0
2024-05-08T01:33:00-FLR-001,Solar Flare,2024-05-08 01:33:00,2024-05-08 01:41:00,2024-05-08 01:48:00,2024-05-08,2024,5,May,1,X1.0,X,1.0,25.0,60.0,13663.0,,GOES-P: EXIS 1.0-8.0,60.0,Northern,Mid disk (30-60°),15.0
2024-05-08T02:16:00-FLR-001,Solar Flare,2024-05-08 02:16:00,2024-05-08 02:27:00,2024-05-08 02:36:00,2024-05-08,2024,5,May,2,M3.4,M,3.4,-20.0,10.0,13664.0,,GOES-P: EXIS 1.0-8.0,10.0,Southern,Near centre (<30°),20.0
2024-05-08T03:19:00-FLR-001,Solar Flare,2024-05-08 03:19:00,2024-05-08 03:27:00,2024-05-08 03:38:00,2024-05-08,2024,5,May,3,M1.8,M,1.8,-20.0,10.0,13664.0,,GOES-P: EXIS 1.0-8.0,10.0,Southern,Near centre (<30°),19.0
2024-05-08T03:38:00-FLR-001,Solar Flare,2024-05-08 03:38:00,2024-05-08 03:42:00,2024-05-08 03:46:00,2024-05-08,2024,5,May,3,M1.9,M,1.9,-20.0,10.0,13664.0,,GOES-P: EXIS 1.0-8.0,10.0,Southern,Near centre (<30°),8.0
2024-05-08T04:20:00-FLR-001,Solar Flare,2024-05-08 04:20:00,2024-05-08 04:30:00,2024-05-08 04:37:00,2024-05-08,2024,5,May,4,M3.5,M,3.5,-21.0,10.0,13664.0,,GOES-P: EXIS 1.0-8.0,10.0,Southern,Near centre (<30°),17.0
2024-05-08T04:37:00-FLR-001,Solar Flare,2024-05-08 04:37:00,2024-05-08 05:09:00,2024-05-08 05:32:00,2024-05-08,2024,5,May,4,X1.0,X,1.0,-22.0,10.0,13664.0,,GOES-P: EXIS 1.0-8.0,10.0,Southern,Near centre (<30°),55.0
2024-05-08T06:44:00-FLR-001,Solar Flare,2024-05-08 06:44:00,2024-05-08 06:53:00,2024-05-08 07:03:00,2024-05-08,2024,5,May,6,M7.1,M,7.1,-21.0,18.0,13664.0,,GOES-P: EXIS 1.0-8.0,18.0,Southern,Near centre (<30°),19.0
2024-05-08T07:29:00-FLR-001,Solar Flare,2024-05-08 07:29:00,2024-05-08 07:41:00,2024-05-08 07:53:00,2024-05-08,2024,5,May,7,M4.5,M,4.5,25.0,61.0,13663.0,,GOES-P: EXIS 1.0-8.0,61.0,Northern,Near limb (>60°),24.0
2024-05-08T09:31:00-FLR-001,Solar Flare,2024-05-08 09:31:00,2024-05-08 09:37:00,2024-05-08 09:42:00,2024-05-08,2024,5,May,9,M1.8,M,1.8,-21.0,14.0,13664.0,,GOES-P: EXIS 1.0-8.0,14.0,Southern,Near centre (<30°),11.0
2024-05-08T09:43:00-FLR-001,Solar Flare,2024-05-08 09:43:00,2024-05-08 09:48:00,2024-05-08 09:56:00,2024-05-08,2024,5,May,9,M2.1,M,2.1,25.0,62.0,13663.0,,GOES-P: EXIS 1.0-8.0,62.0,Northern,Near limb (>60°),13.0
2024-05-08T11:09:00-FLR-001,Solar Flare,2024-05-08 11:09:00,2024-05-08 11:22:00,2024-05-08 11:26:00,2024-05-08,2024,5,May,11,M4.1,M,4.1,26.0,65.0,13663.0,,GOES-P: EXIS 1.0-8.0,65.0,Northern,Near limb (>60°),17.0
2024-05-08T11:26:00-FLR-001,Solar Flare,2024-05-08 11:26:00,2024-05-08 12:04:00,2024-05-08 12:17:00,2024-05-08,2024,5,May,11,M8.6,M,8.6,-20.0,11.0,13664.0,,GOES-P: EXIS 1.0-8.0,11.0,Southern,Near centre (<30°),51.0
2024-05-08T17:32:00-FLR-001,Solar Flare,2024-05-08 17:32:00,2024-05-08 17:53:00,2024-05-08 18:00:00,2024-05-08,2024,5,May,17,M7.9,M,7.9,-17.0,13.0,13664.0,,GOES-P: EXIS 1.0-8.0,13.0,Southern,Near centre (<30°),28.0
2024-05-08T18:14:00-FLR-001,Solar Flare,2024-05-08 18:14:00,2024-05-08 18:36:00,2024-05-08 18:51:00,2024-05-08,2024,5,May,18,M2.9,M,2.9,25.0,67.0,13663.0,,GOES-P: EXIS 1.0-8.0,67.0,Northern,Near limb (>60°),37.0
2024-05-08T19:15:00-FLR-001,Solar Flare,2024-05-08 19:15:00,2024-05-08 19:21:00,2024-05-08 19:29:00,2024-05-08,2024,5,May,19,M2.0,M,2.0,-20.0,19.0,13664.0,,GOES-P: EXIS 1.0-8.0,19.0,Southern,Near centre (<30°),14.0
2024-05-08T20:27:00-FLR-001,Solar Flare,2024-05-08 20:27:00,2024-05-08 20:34:00,2024-05-08 20:39:00,2024-05-08,2024,5,May,20,M1.7,M,1.7,-20.0,19.0,13664.0,,GOES-P: EXIS 1.0-8.0,19.0,Southern,Near centre (<30°),12.0
2024-05-08T21:08:00-FLR-001,Solar Flare,2024-05-08 21:08:00,2024-05-08 21:40:00,2024-05-08 23:10:00,2024-05-08,2024,5,May,21,X1.0,X,1.0,-20.0,17.0,13664.0,,GOES-P: EXIS 1.0-8.0,17.0,Southern,Near centre (<30°),122.0
2024-05-08T22:05:00-FLR-001,Solar Flare,2024-05-08 22:05:00,2024-05-08 22:27:00,2024-05-08 23:12:00,2024-05-08,2024,5,May,22,M9.8,M,9.8,-22.0,22.0,13664.0,,GOES-P: EXIS 1.0-8.0,22.0,Southern,Near centre (<30°),67.0
2024-05-09T00:58:00-FLR-001,Solar Flare,2024-05-09 00:58:00,2024-05-09 01:15:00,2024-05-09 01:57:00,2024-05-09,2024,5,May,0,M1.8,M,1.8,-20.0,19.0,13664.0,,GOES-P: EXIS 1.0-8.0,19.0,Southern,Near centre (<30°),59.0
2024-05-09T03:07:00-FLR-001,Solar Flare,2024-05-09 03:07:00,2024-05-09 03:17:00,2024-05-09 03:23:00,2024-05-09,2024,5,May,3,M4.0,M,4.0,-22.0,23.0,13664.0,,GOES-P: EXIS 1.0-8.0,23.0,Southern,Near centre (<30°),16.0
2024-05-09T03:23:00-FLR-001,Solar Flare,2024-05-09 03:23:00,2024-05-09 03:32:00,2024-05-09 03:45:00,2024-05-09,2024,5,May,3,M4.5,M,4.5,-22.0,23.0,13664.0,,GOES-P: EXIS 1.0-8.0,23.0,Southern,Near centre (<30°),22.0
2024-05-09T04:44:00-FLR-001,Solar Flare,2024-05-09 04:44:00,2024-05-09 04:49:00,2024-05-09 04:55:00,2024-05-09,2024,5,May,4,M1.7,M,1.7,-21.0,27.0,13664.0,,GOES-P: EXIS 1.0-8.0,27.0,Southern,Near centre (<30°),11.0
2024-05-09T05:35:00-FLR-001,Solar Flare,2024-05-09 05:35:00,2024-05-09 05:38:00,2024-05-09 05:42:00,2024-05-09,2024,5,May,5,M1.2,M,1.2,-20.0,21.0,13664.0,,GOES-P: EXIS 1.0-8.0,21.0,Southern,Near centre (<30°),7.0
2024-05-09T06:03:00-FLR-001,Solar Flare,2024-05-09 06:03:00,2024-05-09 06:13:00,2024-05-09 06:24:00,2024-05-09,2024,5,May,6,M2.3,M,2.3,-22.0,30.0,13664.0,,GOES-P: EXIS 1.0-8.0,30.0,Southern,Near centre (<30°),21.0
2024-05-09T06:24:00-FLR-001,Solar Flare,2024-05-09 06:24:00,2024-05-09 06:27:00,2024-05-09 06:31:00,2024-05-09,2024,5,May,6,M2.4,M,2.4,-21.0,25.0,13664.0,,GOES-P: EXIS 1.0-8.0,25.0,Southern,Near centre (<30°),7.0
2024-05-09T07:54:00-FLR-001,Solar Flare,2024-05-09 07:54:00,2024-05-09 07:59:00,2024-05-09 08:06:00,2024-05-09,2024,5,May,7,M1.2,M,1.2,-21.0,28.0,13664.0,,GOES-P: EXIS 1.0-8.0,28.0,Southern,Near centre (<30°),12.0
2024-05-09T08:30:00-FLR-001,Solar Flare,2024-05-09 08:30:00,2024-05-09 08:40:00,2024-05-09 08:45:00,2024-05-09,2024,5,May,8,M2.1,M,2.1,-21.0,25.0,13664.0,,GOES-P: EXIS 1.0-8.0,25.0,Southern,Near centre (<30°),15.0
2024-05-09T08:45:00-FLR-001,Solar Flare,2024-05-09 08:45:00,2024-05-09 09:13:00,2024-05-09 09:36:00,2024-05-09,2024,5,May,8,X2.2,X,2.2,-20.0,25.0,13664.0,,GOES-P: EXIS 1.0-8.0,25.0,Southern,Near centre (<30°),51.0
2024-05-09T11:52:00-FLR-001,Solar Flare,2024-05-09 11:52:00,2024-05-09 11:56:00,2024-05-09 12:02:00,2024-05-09,2024,5,May,11,M3.1,M,3.1,-16.0,40.0,13664.0,,GOES-P: EXIS 1.0-8.0,40.0,Southern,Mid disk (30-60°),10.0
2024-05-09T12:05:00-FLR-001,Solar Flare,2024-05-09 12:05:00,2024-05-09 12:12:00,2024-05-09 12:20:00,2024-05-09,2024,5,May,12,M2.9,M,2.9,-18.0,33.0,13664.0,,GOES-P: EXIS 1.0-8.0,33.0,Southern,Mid disk (30-60°),15.0
2024-05-09T13:16:00-FLR-001,Solar Flare,2024-05-09 13:16:00,2024-05-09 13:23:00,2024-05-09 13:29:00,2024-05-09,2024,5,May,13,M3.7,M,3.7,-18.0,32.0,13664.0,,GOES-P: EXIS 1.0-8.0,32.0,Southern,Mid disk (30-60°),13.0
2024-05-09T14:01:00-FLR-001,Solar Flare,2024-05-09 14:01:00,2024-05-09 14:05:00,2024-05-09 14:09:00,2024-05-09,2024,5,May,14,M1.0,M,1.0,-20.0,34.0,13664.0,,GOES-P: EXIS 1.0-8.0,34.0,Southern,Mid disk (30-60°),8.0
2024-05-09T17:23:00-FLR-001,Solar Flare,2024-05-09 17:23:00,2024-05-09 17:44:00,2024-05-09 18:00:00,2024-05-09,2024,5,May,17,X1.1,X,1.1,-18.0,29.0,13664.0,,GOES-P: EXIS 1.0-8.0,29.0,Southern,Near centre (<30°),37.0
2024-05-09T21:15:00-FLR-001,Solar Flare,2024-05-09 21:15:00,2024-05-09 21:21:00,2024-05-09 21:25:00,2024-05-09,2024,5,May,21,M1.0,M,1.0,26.0,82.0,13663.0,,GOES-P: EXIS 1.0-8.0,82.0,Northern,Near limb (>60°),10.0
2024-05-09T22:08:00-FLR-001,Solar Flare,2024-05-09 22:08:00,2024-05-09 22:15:00,2024-05-09 22:24:00,2024-05-09,2024,5,May,22,M1.0,M,1.0,-17.0,30.0,13664.0,,GOES-P: EXIS 1.0-8.0,30.0,Southern,Near centre (<30°),16.0
2024-05-09T22:24:00-FLR-001,Solar Flare,2024-05-09 22:24:00,2024-05-09 22:41:00,2024-05-09 22:47:00,2024-05-09,2024,5,May,22,M2.6,M,2.6,-16.0,46.0,13664.0,,GOES-P: EXIS 1.0-8.0,46.0,Southern,Mid disk (30-60°),23.0
2024-05-09T23:04:00-FLR-001,Solar Flare,2024-05-09 23:04:00,2024-05-09 23:08:00,2024-05-09 23:13:00,2024-05-09,2024,5,May,23,M1.2,M,1.2,-11.0,-89.0,,,GOES-P: EXIS 1.0-8.0,89.0,Southern,Near limb (>60°),9.0
2024-05-09T23:44:00-FLR-001,Solar Flare,2024-05-09 23:44:00,2024-05-09 23:51:00,2024-05-09 23:55:00,2024-05-09,2024,5,May,23,M1.5,M,1.5,-24.0,37.0,13664.0,,GOES-P: EXIS 1.0-8.0,37.0,Southern,Mid disk (30-60°),11.0
2024-05-10T00:10:00-FLR-001,Solar Flare,2024-05-10 00:10:00,2024-05-10 00:13:00,2024-05-10 00:22:00,2024-05-10,2024,5,May,0,M1.3,M,1.3,-22.0,35.0,13664.0,,GOES-P: EXIS 1.0-8.0,35.0,Southern,Mid disk (30-60°),12.0
2024-05-10T03:15:00-FLR-001,Solar Flare,2024-05-10 03:15:00,2024-05-10 03:29:00,2024-05-10 03:40:00,2024-05-10,2024,5,May,3,M1.4,M,1.4,-14.0,-90.0,,,GOES-P: EXIS 1.0-8.0,90.0,Southern,Near limb (>60°),25.0
2024-05-10T06:14:00-FLR-001,Solar Flare,2024-05-10 06:14:00,2024-05-10 06:24:00,2024-05-10 06:27:00,2024-05-10,2024,5,May,6,M1.3,M,1.3,-19.0,35.0,13664.0,,GOES-P: EXIS 1.0-8.0,35.0,Southern,Mid disk (30-60°),13.0
2024-05-10T06:27:00-FLR-001,Solar Flare,2024-05-10 06:27:00,2024-05-10 06:54:00,2024-05-10 07:06:00,2024-05-10,2024,5,May,6,X3.9,X,3.9,-18.0,37.0,13664.0,,GOES-P: EXIS 1.0-8.0,37.0,Southern,Mid disk (30-60°),39.0
2024-05-10T10:10:00-FLR-001,Solar Flare,2024-05-10 10:10:00,2024-05-10 10:14:00,2024-05-10 10:19:00,2024-05-10,2024,5,May,10,M2.2,M,2.2,-21.0,43.0,13664.0,,GOES-P: EXIS 1.0-8.0,43.0,Southern,Mid disk (30-60°),9.0
2024-05-10T13:58:00-FLR-001,Solar Flare,2024-05-10 13:58:00,2024-05-10 14:11:00,2024-05-10 14:23:00,2024-05-10,2024,5,May,13,M5.9,M,5.9,-16.0,40.0,13664.0,,GOES-P: EXIS 1.0-8.0,40.0,Southern,Mid disk (30-60°),25.0
2024-05-10T15:00:00-GST-001,Geomagnetic Storm,2024-05-10 15:00:00,,,2024-05-10,2024,5,May,15,G0,G,0.0,,,,7.67,,,,,
2024-05-10T17:14:00-FLR-001,Solar Flare,2024-05-10 17:14:00,2024-05-10 17:40:00,2024-05-10 17:54:00,2024-05-10,2024,5,May,17,M1.2,M,1.2,-17.0,42.0,13664.0,,GOES-P: EXIS 1.0-8.0,42.0,Southern,Mid disk (30-60°),40.0
2024-05-10T17:54:00-FLR-001,Solar Flare,2024-05-10 17:54:00,2024-05-10 17:56:00,2024-05-10 18:01:00,2024-05-10,2024,5,May,17,M1.2,M,1.2,-19.0,52.0,13664.0,,GOES-P: EXIS 1.0-8.0,52.0,Southern,Mid disk (30-60°),7.0
2024-05-10T18:26:00-FLR-001,Solar Flare,2024-05-10 18:26:00,2024-05-10 18:32:00,2024-05-10 18:38:00,2024-05-10,2024,5,May,18,M1.1,M,1.1,-20.0,48.0,13664.0,,GOES-P: EXIS 1.0-8.0,48.0,Southern,Mid disk (30-60°),12.0
2024-05-10T18:38:00-FLR-001,Solar Flare,2024-05-10 18:38:00,2024-05-10 18:48:00,2024-05-10 18:57:00,2024-05-10,2024,5,May,18,M1.7,M,1.7,-17.0,44.0,13664.0,,GOES-P: EXIS 1.0-8.0,44.0,Southern,Mid disk (30-60°),19.0
2024-05-10T18:57:00-FLR-001,Solar Flare,2024-05-10 18:57:00,2024-05-10 19:05:00,2024-05-10 19:10:00,2024-05-10,2024,5,May,18,M2.0,M,2.0,-17.0,43.0,13664.0,,GOES-P: EXIS 1.0-8.0,43.0,Southern,Mid disk (30-60°),13.0
2024-05-10T19:35:00-FLR-001,Solar Flare,2024-05-10 19:35:00,2024-05-10 19:53:00,2024-05-10 19:56:00,2024-05-10,2024,5,May,19,M1.1,M,1.1,-19.0,51.0,13664.0,,GOES-P: EXIS 1.0-8.0,51.0,Southern,Mid disk (30-60°),21.0
2024-05-10T19:56:00-FLR-001,Solar Flare,2024-05-10 19:56:00,2024-05-10 20:03:00,2024-05-10 20:18:00,2024-05-10,2024,5,May,19,M1.9,M,1.9,-19.0,47.0,13664.0,,GOES-P: EXIS 1.0-8.0,47.0,Southern,Mid disk (30-60°),22.0
2024-05-10T20:59:00-FLR-001,Solar Flare,2024-05-10 20:59:00,2024-05-10 21:08:00,2024-05-10 21:12:00,2024-05-10,2024,5,May,20,M3.8,M,3.8,-17.0,45.0,13664.0,,GOES-P: EXIS 1.0-8.0,45.0,Southern,Mid disk (30-60°),13.0
2024-05-10T21:15:00-FLR-001,Solar Flare,2024-05-10 21:15:00,2024-05-10 21:25:00,2024-05-10 22:07:00,2024-05-10,2024,5,May,21,M2.4,M,2.4,-20.0,52.0,13664.0,,GOES-P: EXIS 1.0-8.0,52.0,Southern,Mid disk (30-60°),52.0
2024-05-11T01:10:00-FLR-001,Solar Flare,2024-05-11 01:10:00,2024-05-11 01:23:00,2024-05-11 01:39:00,2024-05-11,2024,5,May,1,X5.8,X,5.8,-17.0,47.0,13664.0,,GOES-P: EXIS 1.0-8.0,47.0,Southern,Mid disk (30-60°),29.0
2024-05-11T04:28:00-FLR-001,Solar Flare,2024-05-11 04:28:00,2024-05-11 04:40:00,2024-05-11 04:51:00,2024-05-11,2024,5,May,4,M1.3,M,1.3,-18.0,48.0,13664.0,,GOES-P: EXIS 1.0-8.0,48.0,Southern,Mid disk (30-60°),23.0
2024-05-11T07:26:00-FLR-001,Solar Flare,2024-05-11 07:26:00,2024-05-11 07:42:00,2024-05-11 08:14:00,2024-05-11,2024,5,May,7,M1.2,M,1.2,-20.0,60.0,13664.0,,GOES-P: EXIS 1.0-8.0,60.0,Southern,Mid disk (30-60°),48.0
2024-05-11T08:14:00-FLR-001,Solar Flare,2024-05-11 08:14:00,2024-05-11 08:18:00,2024-05-11 08:35:00,2024-05-11,2024,5,May,8,M1.3,M,1.3,-19.0,52.0,13664.0,,GOES-P: EXIS 1.0-8.0,52.0,Southern,Mid disk (30-60°),21.0
2024-05-11T08:45:00-FLR-001,Solar Flare,2024-05-11 08:45:00,2024-05-11 08:56:00,2024-05-11 09:04:00,2024-05-11,2024,5,May,8,M1.4,M,1.4,-19.0,52.0,13664.0,,GOES-P: EXIS 1.0-8.0,52.0,Southern,Mid disk (30-60°),19.0
2024-05-11T09:05:00-FLR-001,Solar Flare,2024-05-11 09:05:00,2024-05-11 09:14:00,2024-05-11 09:23:00,2024-05-11,2024,5,May,9,M1.7,M,1.7,-21.0,59.0,13664.0,,GOES-P: EXIS 1.0-8.0,59.0,Southern,Mid disk (30-60°),18.0
2024-05-11T10:03:00-FLR-001,Solar Flare,2024-05-11 10:03:00,2024-05-11 10:18:00,2024-05-11 10:34:00,2024-05-11,2024,5,May,10,M3.1,M,3.1,-20.0,58.0,13664.0,,GOES-P: EXIS 1.0-8.0,58.0,Southern,Mid disk (30-60°),31.0
2024-05-11T10:53:00-FLR-001,Solar Flare,2024-05-11 10:53:00,2024-05-11 10:56:00,2024-05-11 11:00:00,2024-05-11,2024,5,May,10,M1.6,M,1.6,-19.0,56.0,13664.0,,GOES-P: EXIS 1.0-8.0,56.0,Southern,Mid disk (30-60°),7.0
2024-05-11T11:15:00-FLR-001,Solar Flare,2024-05-11 11:15:00,2024-05-11 11:44:00,2024-05-11 12:05:00,2024-05-11,2024,5,May,11,X1.5,X,1.5,-19.0,60.0,13664.0,,GOES-P: EXIS 1.0-8.0,60.0,Southern,Mid disk (30-60°),50.0
2024-05-11T13:45:00-FLR-001,Solar Flare,2024-05-11 13:45:00,2024-05-11 13:49:00,2024-05-11 14:08:00,2024-05-11,2024,5,May,13,M1.7,M,1.7,-19.0,59.0,13664.0,,GOES-P: EXIS 1.0-8.0,59.0,Southern,Mid disk (30-60°),23.0
2024-05-11T14:46:00-FLR-001,Solar Flare,2024-05-11 14:46:00,2024-05-11 15:25:00,2024-05-11 15:52:00,2024-05-11,2024,5,May,14,M8.8,M,8.8,-17.0,53.0,13664.0,,GOES-P: EXIS 1.0-8.0,53.0,Southern,Mid disk (30-60°),66.0
2024-05-11T16:27:00-FLR-001,Solar Flare,2024-05-11 16:27:00,2024-05-11 16:43:00,2024-05-11 17:25:00,2024-05-11,2024,5,May,16,M2.9,M,2.9,-15.0,50.0,13664.0,,GOES-P: EXIS 1.0-8.0,50.0,Southern,Mid disk (30-60°),58.0
2024-05-11T20:32:00-FLR-001,Solar Flare,2024-05-11 20:32:00,2024-05-11 20:41:00,2024-05-11 20:47:00,2024-05-11,2024,5,May,20,M1.2,M,1.2,-20.0,63.0,13664.0,,GOES-P: EXIS 1.0-8.0,63.0,Southern,Near limb (>60°),15.0
2024-05-12T00:41:00-FLR-001,Solar Flare,2024-05-12 00:41:00,2024-05-12 00:45:00,2024-05-12 00:52:00,2024-05-12,2024,5,May,0,M3.2,M,3.2,-20.0,65.0,13664.0,,GOES-P: EXIS 1.0-8.0,65.0,Southern,Near limb (>60°),11.0
2024-05-12T05:37:00-FLR-001,Solar Flare,2024-05-12 05:37:00,2024-05-12 05:52:00,2024-05-12 06:06:00,2024-05-12,2024,5,May,5,M2.4,M,2.4,22.0,-90.0,,,GOES-P: EXIS 1.0-8.0,90.0,Northern,Near limb (>60°),29.0
2024-05-12T12:27:00-FLR-001,Solar Flare,2024-05-12 12:27:00,2024-05-12 12:41:00,2024-05-12 12:54:00,2024-05-12,2024,5,May,12,M1.6,M,1.6,-17.0,70.0,13664.0,,GOES-P: EXIS 1.0-8.0,70.0,Southern,Near limb (>60°),27.0
2024-05-12T13:40:00-FLR-001,Solar Flare,2024-05-12 13:40:00,2024-05-12 13:47:00,2024-05-12 13:49:00,2024-05-12,2024,5,May,13,M1.0,M,1.0,-10.0,90.0,,,GOES-P: EXIS 1.0-8.0,90.0,Southern,Near limb (>60°),9.0
2024-05-12T13:49:00-FLR-001,Solar Flare,2024-05-12 13:49:00,2024-05-12 13:56:00,2024-05-12 14:08:00,2024-05-12,2024,5,May,13,M1.5,M,1.5,-21.0,75.0,13664.0,,GOES-P: EXIS 1.0-8.0,75.0,Southern,Near limb (>60°),19.0
2024-05-12T16:11:00-FLR-001,Solar Flare,2024-05-12 16:11:00,2024-05-12 16:26:00,2024-05-12 16:38:00,2024-05-12,2024,5,May,16,X1.0,X,1.0,-21.0,75.0,13664.0,,GOES-P: EXIS 1.0-8.0,75.0,Southern,Near limb (>60°),27.0
2024-05-12T20:17:00-FLR-001,Solar Flare,2024-05-12 20:17:00,2024-05-12 20:32:00,2024-05-12 20:49:00,2024-05-12,2024,5,May,20,M4.8,M,4.8,-18.0,73.0,13664.0,,GOES-P: EXIS 1.0-8.0,73.0,Southern,Near limb (>60°),32.0
2024-05-12T21:00:00-GST-001,Geomagnetic Storm,2024-05-12 21:00:00,,,2024-05-12,2024,5,May,21,G0,G,0.0,,,,6.33,,,,,
2024-05-12T22:01:00-FLR-001,Solar Flare,2024-05-12 22:01:00,2024-05-12 22:06:00,2024-05-12 22:12:00,2024-05-12,2024,5,May,22,M1.1,M,1.1,-18.0,74.0,13664.0,,GOES-P: EXIS 1.0-8.0,74.0,Southern,Near limb (>60°),11.0
2024-05-12T22:14:00-FLR-001,Solar Flare,2024-05-12 22:14:00,2024-05-12 22:18:00,2024-05-12 22:24:00,2024-05-12,2024,5,May,22,M1.1,M,1.1,-18.0,74.0,13664.0,,GOES-P: EXIS 1.0-8.0,74.0,Southern,Near limb (>60°),10.0
2024-05-12T23:00:00-FLR-001,Solar Flare,2024-05-12 23:00:00,2024-05-12 23:10:00,2024-05-12 23:14:00,2024-05-12,2024,5,May,23,M1.0,M,1.0,-18.0,75.0,13664.0,,GOES-P: EXIS 1.0-8.0,75.0,Southern,Near limb (>60°),14.0
2024-05-13T01:23:00-FLR-001,Solar Flare,2024-05-13 01:23:00,2024-05-13 01:33:00,2024-05-13 01:38:00,2024-05-13,2024,5,May,1,M1.2,M,1.2,-18.0,76.0,13664.0,,GOES-P: EXIS 1.0-8.0,76.0,Southern,Near limb (>60°),15.0
2024-05-13T08:06:00-FLR-001,Solar Flare,2024-05-13 08:06:00,2024-05-13 08:20:00,2024-05-13 08:23:00,2024-05-13,2024,5,May,8,M1.2,M,1.2,-18.0,81.0,13664.0,,GOES-P: EXIS 1.0-8.0,81.0,Southern,Near limb (>60°),17.0
2024-05-13T08:23:00-FLR-001,Solar Flare,2024-05-13 08:23:00,2024-05-13 08:29:00,2024-05-13 08:33:00,2024-05-13,2024,5,May,8,M1.4,M,1.4,-22.0,89.0,13664.0,,GOES-P: EXIS 1.0-8.0,89.0,Southern,Near limb (>60°),10.0
2024-05-13T08:47:00-FLR-001,Solar Flare,2024-05-13 08:47:00,2024-05-13 09:33:00,2024-05-13 09:36:00,2024-05-13,2024,5,May,8,M4.9,M,4.9,-22.0,83.0,13664.0,,GOES-P: EXIS 1.0-8.0,83.0,Southern,Near limb (>60°),49.0
2024-05-13T09:36:00-FLR-001,Solar Flare,2024-05-13 09:36:00,2024-05-13 09:44:00,2024-05-13 10:57:00,2024-05-13,2024,5,May,9,M6.6,M,6.6,-22.0,80.0,13664.0,,GOES-P: EXIS 1.0-8.0,80.0,Southern,Near limb (>60°),81.0
2024-05-13T12:56:00-FLR-001,Solar Flare,2024-05-13 12:56:00,2024-05-13 13:11:00,2024-05-13 13:23:00,2024-05-13,2024,5,May,12,M3.7,M,3.7,-17.0,89.0,13664.0,,GOES-P: EXIS 1.0-8.0,89.0,Southern,Near limb (>60°),27.0
2024-05-13T14:02:00-FLR-001,Solar Flare,2024-05-13 14:02:00,2024-05-13 14:07:00,2024-05-13 14:11:00,2024-05-13,2024,5,May,14,M1.4,M,1.4,-22.0,-2.0,13676.0,,GOES-P: EXIS 1.0-8.0,2.0,Southern,Near centre (<30°),9.0
2024-05-13T14:12:00-FLR-001,Solar Flare,2024-05-13 14:12:00,2024-05-13 14:15:00,2024-05-13 14:22:00,2024-05-13,2024,5,May,14,M1.5,M,1.5,-18.0,80.0,13664.0,,GOES-P: EXIS 1.0-8.0,80.0,Southern,Near limb (>60°),10.0
2024-05-13T17:32:00-FLR-001,Solar Flare,2024-05-13 17:32:00,2024-05-13 17:47:00,2024-05-13 18:23:00,2024-05-13,2024,5,May,17,M1.0,M,1.0,-10.0,-45.0,13674.0,,GOES-P: EXIS 1.0-8.0,45.0,Southern,Mid disk (30-60°),51.0
2024-05-13T18:38:00-FLR-001,Solar Flare,2024-05-13 18:38:00,2024-05-13 18:48:00,2024-05-13 19:07:00,2024-05-13,2024,5,May,18,M1.0,M,1.0,-18.0,85.0,13664.0,,GOES-P: EXIS 1.0-8.0,85.0,Southern,Near limb (>60°),29.0
2024-05-13T21:48:00-FLR-001,Solar Flare,2024-05-13 21:48:00,2024-05-13 21:59:00,2024-05-13 22:07:00,2024-05-13,2024,5,May,21,M1.5,M,1.5,-18.0,89.0,13664.0,,GOES-P: EXIS 1.0-8.0,89.0,Southern,Near limb (>60°),19.0
2024-05-14T01:23:00-FLR-001,Solar Flare,2024-05-14 01:23:00,2024-05-14 01:48:00,2024-05-14 02:03:00,2024-05-14,2024,5,May,1,M2.5,M,2.5,-18.0,89.0,13664.0,,GOES-P: EXIS 1.0-8.0,89.0,Southern,Near limb (>60°),40.0
2024-05-14T02:03:00-FLR-001,Solar Flare,2024-05-14 02:03:00,2024-05-14 02:09:00,2024-05-14 02:19:00,2024-05-14,2024,5,May,2,X1.7,X,1.7,-19.0,89.0,13664.0,,GOES-P: EXIS 1.0-8.0,89.0,Southern,Near limb (>60°),16.0
2024-05-14T04:05:00-FLR-001,Solar Flare,2024-05-14 04:05:00,2024-05-14 04:08:00,2024-05-14 04:16:00,2024-05-14,2024,5,May,4,C6.5,C,6.5,-9.0,-60.0,13679.0,,GOES-P: EXIS 1.0-8.0,60.0,Southern,Mid disk (30-60°),11.0
2024-05-14T12:40:00-FLR-001,Solar Flare,2024-05-14 12:40:00,2024-05-14 12:55:00,2024-05-14 13:05:00,2024-05-14,2024,5,May,12,X1.2,X,1.2,-19.0,90.0,13664.0,,GOES-P: EXIS 1.0-8.0,90.0,Southern,Near limb (>60°),25.0
2024-05-14T16:46:00-FLR-001,Solar Flare,2024-05-14 16:46:00,2024-05-14 16:51:00,2024-05-14 17:02:00,2024-05-14,2024,5,May,16,X8.7,X,8.7,-19.0,90.0,13664.0,,GOES-P: EXIS 1.0-8.0,90.0,Southern,Near limb (>60°),16.0
2024-05-14T17:25:00-FLR-001,Solar Flare,2024-05-14 17:25:00,2024-05-14 17:38:00,2024-05-14 18:18:00,2024-05-14,2024,5,May,17,M4.4,M,4.4,18.0,-72.0,13682.0,,GOES-P: EXIS 1.0-8.0,72.0,Northern,Near limb (>60°),53.0
2024-05-15T08:18:00-FLR-001,Solar Flare,2024-05-15 08:18:00,2024-05-15 08:37:00,2024-05-15 08:52:00,2024-05-15,2024,5,May,8,X3.4,X,3.4,-20.0,90.0,13664.0,,GOES-P: EXIS 1.0-8.0,90.0,Southern,Near limb (>60°),34.0
2024-05-15T09:50:00-FLR-001,Solar Flare,2024-05-15 09:50:00,2024-05-15 10:35:00,2024-05-15 11:06:00,2024-05-15,2024,5,May,9,M3.5,M,3.5,-25.0,90.0,13664.0,,GOES-P: EXIS 1.0-8.0,90.0,Southern,Near limb (>60°),76.0
2024-05-15T13:56:00-FLR-001,Solar Flare,2024-05-15 13:56:00,2024-05-15 14:06:00,2024-05-15 14:10:00,2024-05-15,2024,5,May,13,M2.9,M,2.9,-11.0,-90.0,13685.0,,GOES-P: EXIS 1.0-8.0,90.0,Southern,Near limb (>60°),14.0
2024-05-15T14:10:00-FLR-001,Solar Flare,2024-05-15 14:10:00,2024-05-15 14:17:00,2024-05-15 14:20:00,2024-05-15,2024,5,May,14,M3.2,M,3.2,-12.0,-90.0,13685.0,,GOES-P: EXIS 1.0-8.0,90.0,Southern,Near limb (>60°),10.0
2024-05-15T14:20:00-FLR-001,Solar Flare,2024-05-15 14:20:00,2024-05-15 14:38:00,2024-05-15 14:51:00,2024-05-15,2024,5,May,14,X2.9,X,2.9,-12.0,-90.0,13685.0,,GOES-P: EXIS 1.0-8.0,90.0,Southern,Near limb (>60°),31.0
2024-05-16T06:00:00-GST-001,Geomagnetic Storm,2024-05-16 06:00:00,,,2024-05-16,2024,5,May,6,G0,G,0.0,,,,6.0,,,,,
2024-05-16T07:50:00-FLR-001,Solar Flare,2024-05-16 07:50:00,2024-05-16 08:04:00,2024-05-16 08:10:00,2024-05-16,2024,5,May,7,M1.0,M,1.0,-10.0,-81.0,13685.0,,GOES-P: EXIS 1.0-8.0,81.0,Southern,Near limb (>60°),20.0
2024-05-17T18:00:00-GST-001,Geomagnetic Storm,2024-05-17 18:00:00,,,2024-05-17,2024,5,May,18,G0,G,0.0,,,,6.0,,,,,
2024-05-17T20:33:00-FLR-001,Solar Flare,2024-05-17 20:33:00,2024-05-17 21:08:00,2024-05-17 21:26:00,2024-05-17,2024,5,May,20,M7.2,M,7.2,-12.0,-67.0,13685.0,,GOES-P: EXIS 1.0-8.0,67.0,Southern,Near limb (>60°),53.0
2024-05-19T13:37:00-FLR-001,Solar Flare,2024-05-19 13:37:00,2024-05-19 13:44:00,2024-05-19 13:48:00,2024-05-19,2024,5,May,13,M1.9,M,1.9,-10.0,-35.0,13685.0,,GOES-P: EXIS 1.0-8.0,35.0,Southern,Mid disk (30-60°),11.0
2024-05-19T17:47:00-FLR-001,Solar Flare,2024-05-19 17:47:00,2024-05-19 17:56:00,2024-05-19 18:00:00,2024-05-19,2024,5,May,17,M2.5,M,2.5,-10.0,-33.0,13685.0,,GOES-P: EXIS 1.0-8.0,33.0,Southern,Mid disk (30-60°),13.0
2024-05-19T21:53:00-FLR-001,Solar Flare,2024-05-19 21:53:00,2024-05-19 21:59:00,2024-05-19 22:03:00,2024-05-19,2024,5,May,21,M1.6,M,1.6,-9.0,-35.0,13685.0,,GOES-P: EXIS 1.0-8.0,35.0,Southern,Mid disk (30-60°),10.0
2024-05-21T07:20:00-FLR-001,Solar Flare,2024-05-21 07:20:00,2024-05-21 07:32:00,2024-05-21 07:39:00,2024-05-21,2024,5,May,7,C4.8,C,4.8,-24.0,77.0,13683.0,,GOES-P: EXIS 1.0-8.0,77.0,Southern,Near limb (>60°),19.0
2024-05-21T14:00:00-FLR-001,Solar Flare,2024-05-21 14:00:00,2024-05-21 14:13:00,2024-05-21 14:26:00,2024-05-21,2024,5,May,14,C6.6,C,6.6,-23.0,77.0,13683.0,,GOES-P: EXIS 1.0-8.0,77.0,Southern,Near limb (>60°),26.0
2024-05-21T19:19:00-FLR-001,Solar Flare,2024-05-21 19:19:00,2024-05-21 19:31:00,2024-05-21 19:39:00,2024-05-21,2024,5,May,19,M1.9,M,1.9,-6.0,47.0,13679.0,,GOES-P: EXIS 1.0-8.0,47.0,Southern,Mid disk (30-60°),20.0
2024-05-22T03:02:00-FLR-001,Solar Flare,2024-05-22 03:02:00,2024-05-22 03:13:00,2024-05-22 03:23:00,2024-05-22,2024,5,May,3,M1.5,M,1.5,-6.0,52.0,13679.0,,GOES-P: EXIS 1.0-8.0,52.0,Southern,Mid disk (30-60°),21.0
2024-05-22T03:38:00-FLR-001,Solar Flare,2024-05-22 03:38:00,2024-05-22 04:04:00,2024-05-22 04:22:00,2024-05-22,2024,5,May,3,M2.3,M,2.3,-23.0,89.0,13683.0,,GOES-P: EXIS 1.0-8.0,89.0,Southern,Near limb (>60°),44.0
2024-05-22T13:51:00-FLR-001,Solar Flare,2024-05-22 13:51:00,2024-05-22 14:05:00,2024-05-22 14:12:00,2024-05-22,2024,5,May,13,M1.2,M,1.2,-6.0,58.0,13679.0,,GOES-P: EXIS 1.0-8.0,58.0,Southern,Mid disk (30-60°),21.0
2024-05-23T02:05:00-FLR-001,Solar Flare,2024-05-23 02:05:00,2024-05-23 02:16:00,2024-05-23 02:26:00,2024-05-23,2024,5,May,2,M4.2,M,4.2,-9.0,60.0,13679.0,,GOES-P: EXIS 1.0-8.0,60.0,Southern,Mid disk (30-60°),21.0
2024-05-23T04:03:00-FLR-001,Solar Flare,2024-05-23 04:03:00,2024-05-23 04:29:00,2024-05-23 04:54:00,2024-05-23,2024,5,May,4,M1.7,M,1.7,-10.0,62.0,13679.0,,GOES-P: EXIS 1.0-8.0,62.0,Southern,Near limb (>60°),51.0
2024-05-23T10:03:00-FLR-001,Solar Flare,2024-05-23 10:03:00,2024-05-23 10:08:00,2024-05-23 10:14:00,2024-05-23,2024,5,May,10,M1.0,M,1.0,-9.0,65.0,13679.0,,GOES-P: EXIS 1.0-8.0,65.0,Southern,Near limb (>60°),11.0
2024-05-23T12:48:00-FLR-001,Solar Flare,2024-05-23 12:48:00,2024-05-23 13:20:00,2024-05-23 13:37:00,2024-05-23,2024,5,May,12,M2.5,M,2.5,-10.0,66.0,13679.0,,GOES-P: EXIS 1.0-8.0,66.0,Southern,Near limb (>60°),49.0
2024-05-23T15:53:00-FLR-001,Solar Flare,2024-05-23 15:53:00,2024-05-23 15:58:00,2024-05-23 16:03:00,2024-05-23,2024,5,May,15,M1.0,M,1.0,-8.0,68.0,13679.0,,GOES-P: EXIS 1.0-8.0,68.0,Southern,Near limb (>60°),10.0
2024-05-24T06:28:00-FLR-001,Solar Flare,2024-05-24 06:28:00,2024-05-24 07:06:00,2024-05-24 07:21:00,2024-05-24,2024,5,May,6,M1.4,M,1.4,-11.0,26.0,13685.0,,GOES-P: EXIS 1.0-8.0,26.0,Southern,Near centre (<30°),53.0
2024-05-24T07:51:00-FLR-001,Solar Flare,2024-05-24 07:51:00,2024-05-24 08:01:00,2024-05-24 08:08:00,2024-05-24,2024,5,May,7,M1.0,M,1.0,-9.0,77.0,13679.0,,GOES-P: EXIS 1.0-8.0,77.0,Southern,Near limb (>60°),17.0
2024-05-24T08:08:00-FLR-001,Solar Flare,2024-05-24 08:08:00,2024-05-24 08:24:00,2024-05-24 08:35:00,2024-05-24,2024,5,May,8,M1.3,M,1.3,-16.0,25.0,13685.0,,GOES-P: EXIS 1.0-8.0,25.0,Southern,Near centre (<30°),27.0
2024-05-24T20:05:00-FLR-001,Solar Flare,2024-05-24 20:05:00,2024-05-24 20:25:00,2024-05-24 20:36:00,2024-05-24,2024,5,May,20,M1.4,M,1.4,-5.0,89.0,13679.0,,GOES-P: EXIS 1.0-8.0,89.0,Southern,Near limb (>60°),31.0
2024-05-27T06:49:00-FLR-001,Solar Flare,2024-05-27 06:49:00,2024-05-27 07:08:00,2024-05-27 07:25:00,2024-05-27,2024,5,May,6,X2.8,X,2.8,-21.0,-95.0,13697.0,,GOES-P: EXIS 1.0-8.0,95.0,Southern,Near limb (>60°),36.0
2024-05-29T00:57:00-FLR-001,Solar Flare,2024-05-29 00:57:00,2024-05-29 01:06:00,2024-05-29 01:12:00,2024-05-29,2024,5,May,0,M1.3,M,1.3,-20.0,-80.0,13697.0,,GOES-P: EXIS 1.0-8.0,80.0,Southern,Near limb (>60°),15.0
2024-05-29T06:33:00-FLR-001,Solar Flare,2024-05-29 06:33:00,2024-05-29 06:45:00,2024-05-29 06:58:00,2024-05-29,2024,5,May,6,M1.4,M,1.4,-22.0,-75.0,13697.0,,GOES-P: EXIS 1.0-8.0,75.0,Southern,Near limb (>60°),25.0
2024-05-29T07:01:00-FLR-001,Solar Flare,2024-05-29 07:01:00,2024-05-29 07:06:00,2024-05-29 07:09:00,2024-05-29,2024,5,May,7,M1.0,M,1.0,28.0,-33.0,13695.0,,GOES-P: EXIS 1.0-8.0,33.0,Northern,Mid disk (30-60°),8.0
2024-05-29T11:09:00-FLR-001,Solar Flare,2024-05-29 11:09:00,2024-05-29 11:21:00,2024-05-29 11:26:00,2024-05-29,2024,5,May,11,M1.8,M,1.8,27.0,-29.0,13695.0,,GOES-P: EXIS 1.0-8.0,29.0,Northern,Near centre (<30°),17.0
2024-05-29T12:45:00-FLR-001,Solar Flare,2024-05-29 12:45:00,2024-05-29 12:55:00,2024-05-29 13:06:00,2024-05-29,2024,5,May,12,M2.5,M,2.5,-23.0,-69.0,13697.0,,GOES-P: EXIS 1.0-8.0,69.0,Southern,Near limb (>60°),21.0
2024-05-29T14:11:00-FLR-001,Solar Flare,2024-05-29 14:11:00,2024-05-29 14:37:00,2024-05-29 15:38:00,2024-05-29,2024,5,May,14,X1.4,X,1.4,-23.0,-70.0,13697.0,,GOES-P: EXIS 1.0-8.0,70.0,Southern,Near limb (>60°),87.0
2024-05-29T15:44:00-FLR-001,Solar Flare,2024-05-29 15:44:00,2024-05-29 16:22:00,2024-05-29 16:56:00,2024-05-29,2024,5,May,15,M5.9,M,5.9,-20.0,-80.0,13697.0,,GOES-P: EXIS 1.0-8.0,80.0,Southern,Near limb (>60°),72.0
2024-05-29T18:15:00-FLR-001,Solar Flare,2024-05-29 18:15:00,2024-05-29 18:28:00,2024-05-29 18:32:00,2024-05-29,2024,5,May,18,M2.7,M,2.7,27.0,-12.0,13691.0,,GOES-P: EXIS 1.0-8.0,12.0,Northern,Near centre (<30°),17.0
2024-05-29T18:32:00-FLR-001,Solar Flare,2024-05-29 18:32:00,2024-05-29 18:41:00,2024-05-29 18:45:00,2024-05-29,2024,5,May,18,M5.7,M,5.7,27.0,-10.0,13691.0,,GOES-P: EXIS 1.0-8.0,10.0,Northern,Near centre (<30°),13.0
2024-05-30T06:49:00-FLR-001,Solar Flare,2024-05-30 06:49:00,2024-05-30 07:13:00,2024-05-30 07:46:00,2024-05-30,2024,5,May,6,M1.0,M,1.0,29.0,-9.0,13691.0,,GOES-P: EXIS 1.0-8.0,9.0,Northern,Near centre (<30°),57.0
2024-05-31T11:06:00-FLR-001,Solar Flare,2024-05-31 11:06:00,2024-05-31 11:20:00,2024-05-31 11:30:00,2024-05-31,2024,5,May,11,M1.0,M,1.0,-17.0,-43.0,13697.0,,GOES-P: EXIS 1.0-8.0,43.0,Southern,Mid disk (30-60°),24.0
2024-05-31T21:52:00-FLR-001,Solar Flare,2024-05-31 21:52:00,2024-05-31 22:03:00,2024-05-31 22:09:00,2024-05-31,2024,5,May,21,X1.1,X,1.1,-17.0,-34.0,13697.0,,GOES-P: EXIS 1.0-8.0,34.0,Southern,Mid disk (30-60°),17.0
2024-06-01T08:26:00-FLR-001,Solar Flare,2024-06-01 08:26:00,2024-06-01 08:48:00,2024-06-01 08:58:00,2024-06-01,2024,6,Jun,8,X1.4,X,1.4,-20.0,-27.0,13697.0,,GOES-P: EXIS 1.0-8.0,27.0,Southern,Near centre (<30°),32.0
2024-06-01T18:24:00-FLR-001,Solar Flare,2024-06-01 18:24:00,2024-06-01 18:36:00,2024-06-01 18:49:00,2024-06-01,2024,6,Jun,18,X1.0,X,1.0,-20.0,-22.0,13697.0,,GOES-P: EXIS 1.0-8.0,22.0,Southern,Near centre (<30°),25.0
2024-06-01T19:03:00-FLR-001,Solar Flare,2024-06-01 19:03:00,2024-06-01 19:40:00,2024-06-01 20:28:00,2024-06-01,2024,6,Jun,19,M7.3,M,7.3,-20.0,-21.0,13697.0,,GOES-P: EXIS 1.0-8.0,21.0,Southern,Near centre (<30°),85.0
2024-06-02T04:41:00-FLR-001,Solar Flare,2024-06-02 04:41:00,2024-06-02 04:50:00,2024-06-02 05:05:00,2024-06-02,2024,6,Jun,4,M1.2,M,1.2,-18.0,-18.0,13697.0,,GOES-P: EXIS 1.0-8.0,18.0,Southern,Near centre (<30°),24.0
2024-06-02T08:40:00-FLR-001,Solar Flare,2024-06-02 08:40:00,2024-06-02 08:50:00,2024-06-02 08:56:00,2024-06-02,2024,6,Jun,8,M2.0,M,2.0,-18.0,-16.0,13697.0,,GOES-P: EXIS 1.0-8.0,16.0,Southern,Near centre (<30°),16.0
2024-06-03T04:59:00-FLR-001,Solar Flare,2024-06-03 04:59:00,2024-06-03 05:17:00,2024-06-03 05:27:00,2024-06-03,2024,6,Jun,4,M1.0,M,1.0,-18.0,-4.0,13697.0,,GOES-P: EXIS 1.0-8.0,4.0,Southern,Near centre (<30°),28.0
2024-06-03T11:49:00-FLR-001,Solar Flare,2024-06-03 11:49:00,2024-06-03 11:55:00,2024-06-03 12:00:00,2024-06-03,2024,6,Jun,11,M3.2,M,3.2,-19.0,1.0,13697.0,,GOES-P: EXIS 1.0-8.0,1.0,Southern,Near centre (<30°),11.0
2024-06-03T12:18:00-FLR-001,Solar Flare,2024-06-03 12:18:00,2024-06-03 12:27:00,2024-06-03 12:31:00,2024-06-03,2024,6,Jun,12,M2.8,M,2.8,-19.0,1.0,13997.0,,GOES-P: EXIS 1.0-8.0,1.0,Southern,Near centre (<30°),13.0
2024-06-03T13:58:00-FLR-001,Solar Flare,2024-06-03 13:58:00,2024-06-03 14:11:00,2024-06-03 14:23:00,2024-06-03,2024,6,Jun,13,M4.8,M,4.8,27.0,40.0,13695.0,,GOES-P: EXIS 1.0-8.0,40.0,Northern,Mid disk (30-60°),25.0
2024-06-03T20:30:00-HSS-001,High Speed Stream,2024-06-03 20:30:00,,,2024-06-03,2024,6,Jun,20,,,,,,,,"ACE: SWEPAM, ACE: MAG, DSCOVR: PLASMAG",,,,
2024-06-04T06:09:00-FLR-001,Solar Flare,2024-06-04 06:09:00,2024-06-04 06:31:00,2024-06-04 06:51:00,2024-06-04,2024,6,Jun,6,M2.4,M,2.4,-20.0,10.0,13697.0,,GOES-P: EXIS 1.0-8.0,10.0,Southern,Near centre (<30°),42.0
2024-06-04T08:57:00-FLR-001,Solar Flare,2024-06-04 08:57:00,2024-06-04 09:04:00,2024-06-04 09:08:00,2024-06-04,2024,6,Jun,8,M1.6,M,1.6,-20.0,13.0,13697.0,,GOES-P: EXIS 1.0-8.0,13.0,Southern,Near centre (<30°),11.0
2024-06-05T08:32:00-FLR-001,Solar Flare,2024-06-05 08:32:00,2024-06-05 08:56:00,2024-06-05 09:14:00,2024-06-05,2024,6,Jun,8,M3.4,M,3.4,-22.0,26.0,13697.0,,GOES-P: EXIS 1.0-8.0,26.0,Southern,Near centre (<30°),42.0
2024-06-05T09:52:00-FLR-001,Solar Flare,2024-06-05 09:52:00,2024-06-05 10:07:00,2024-06-05 10:17:00,2024-06-05,2024,6,Jun,9,M2.6,M,2.6,-22.0,26.0,13697.0,,GOES-P: EXIS 1.0-8.0,26.0,Southern,Near centre (<30°),25.0
2024-06-06T14:50:00-FLR-001,Solar Flare,2024-06-06 14:50:00,2024-06-06 15:06:00,2024-06-06 15:22:00,2024-06-06,2024,6,Jun,14,M6.1,M,6.1,-20.0,43.0,13697.0,,GOES-P: EXIS 1.0-8.0,43.0,Southern,Mid disk (30-60°),32.0
2024-06-07T08:52:00-FLR-001,Solar Flare,2024-06-07 08:52:00,2024-06-07 09:13:00,2024-06-07 09:30:00,2024-06-07,2024,6,Jun,8,M4.0,M,4.0,-10.0,-80.0,13709.0,,GOES-P: EXIS 1.0-8.0,80.0,Southern,Near limb (>60°),38.0
2024-06-07T12:00:00-GST-001,Geomagnetic Storm,2024-06-07 12:00:00,,,2024-06-07,2024,6,Jun,12,G0,G,0.0,,,,6.0,,,,,
2024-06-07T16:11:00-FLR-001,Solar Flare,2024-06-07 16:11:00,2024-06-07 16:22:00,2024-06-07 16:42:00,2024-06-07,2024,6,Jun,16,M1.2,M,1.2,-19.0,50.0,13697.0,,GOES-P: EXIS 1.0-8.0,50.0,Southern,Mid disk (30-60°),31.0
2024-06-08T00:18:00-FLR-001,Solar Flare,2024-06-08 00:18:00,2024-06-08 00:28:00,2024-06-08 00:35:00,2024-06-08,2024,6,Jun,0,M1.8,M,1.8,-10.0,-73.0,13709.0,,GOES-P: EXIS 1.0-8.0,73.0,Southern,Near limb (>60°),17.0
2024-06-08T00:39:00-FLR-001,Solar Flare,2024-06-08 00:39:00,2024-06-08 00:51:00,2024-06-08 00:57:00,2024-06-08,2024,6,Jun,0,M3.3,M,3.3,-20.0,68.0,13697.0,,GOES-P: EXIS 1.0-8.0,68.0,Southern,Near limb (>60°),18.0
2024-06-08T01:23:00-FLR-001,Solar Flare,2024-06-08 01:23:00,2024-06-08 01:49:00,2024-06-08 02:19:00,2024-06-08,2024,6,Jun,1,M9.7,M,9.7,-17.0,68.0,13697.0,,GOES-P: EXIS 1.0-8.0,68.0,Southern,Near limb (>60°),56.0
2024-06-08T03:13:00-FLR-001,Solar Flare,2024-06-08 03:13:00,2024-06-08 03:18:00,2024-06-08 03:35:00,2024-06-08,2024,6,Jun,3,M1.6,M,1.6,-18.0,65.0,13697.0,,GOES-P: EXIS 1.0-8.0,65.0,Southern,Near limb (>60°),22.0
2024-06-08T05:17:00-FLR-001,Solar Flare,2024-06-08 05:17:00,2024-06-08 05:28:00,2024-06-08 05:38:00,2024-06-08,2024,6,Jun,5,M1.5,M,1.5,-11.0,-68.0,13709.0,,GOES-P: EXIS 1.0-8.0,68.0,Southern,Near limb (>60°),21.0
2024-06-08T08:34:00-FLR-001,Solar Flare,2024-06-08 08:34:00,2024-06-08 08:44:00,2024-06-08 08:54:00,2024-06-08,2024,6,Jun,8,M1.2,M,1.2,-10.0,-68.0,13709.0,,GOES-P: EXIS 1.0-8.0,68.0,Southern,Near limb (>60°),20.0
2024-06-08T08:54:00-FLR-001,Solar Flare,2024-06-08 08:54:00,2024-06-08 08:58:00,2024-06-08 09:02:00,2024-06-08,2024,6,Jun,8,M1.2,M,1.2,-18.0,73.0,13697.0,,GOES-P: EXIS 1.0-8.0,73.0,Southern,Near limb (>60°),8.0
2024-06-08T20:53:00-FLR-001,Solar Flare,2024-06-08 20:53:00,2024-06-08 21:02:00,2024-06-08 21:07:00,2024-06-08,2024,6,Jun,20,M1.0,M,1.0,-9.0,44.0,13703.0,,GOES-P: EXIS 1.0-8.0,44.0,Southern,Mid disk (30-60°),14.0
2024-06-09T06:49:00-FLR-001,Solar Flare,2024-06-09 06:49:00,2024-06-09 07:01:00,2024-06-09 07:16:00,2024-06-09,2024,6,Jun,6,M1.6,M,1.6,-17.0,80.0,13697.0,,GOES-P: EXIS 1.0-8.0,80.0,Southern,Near limb (>60°),27.0
2024-06-09T08:02:00-FLR-001,Solar Flare,2024-06-09 08:02:00,2024-06-09 08:19:00,2024-06-09 08:32:00,2024-06-09,2024,6,Jun,8,M1.2,M,1.2,-9.0,-55.0,13709.0,,GOES-P: EXIS 1.0-8.0,55.0,Southern,Mid disk (30-60°),30.0
2024-06-09T19:50:00-FLR-001,Solar Flare,2024-06-09 19:50:00,2024-06-09 20:17:00,2024-06-09 20:29:00,2024-06-09,2024,6,Jun,19,M1.0,M,1.0,-17.0,89.0,13697.0,,GOES-P: EXIS 1.0-8.0,89.0,Southern,Near limb (>60°),39.0
2024-06-10T05:58:00-FLR-001,Solar Flare,2024-06-10 05:58:00,2024-06-10 06:09:00,2024-06-10 06:16:00,2024-06-10,2024,6,Jun,5,M3.3,M,3.3,-17.0,90.0,13697.0,,GOES-P: EXIS 1.0-8.0,90.0,Southern,Near limb (>60°),18.0
2024-06-10T09:38:00-FLR-001,Solar Flare,2024-06-10 09:38:00,2024-06-10 10:06:00,2024-06-10 10:18:00,2024-06-10,2024,6,Jun,9,M2.2,M,2.2,-17.0,91.0,13697.0,,GOES-P: EXIS 1.0-8.0,91.0,Southern,Near limb (>60°),40.0
2024-06-10T10:18:00-FLR-001,Solar Flare,2024-06-10 10:18:00,2024-06-10 10:58:00,2024-06-10 11:03:00,2024-06-10,2024,6,Jun,10,M5.3,M,5.3,-18.0,91.0,13697.0,,GOES-P: EXIS 1.0-8.0,91.0,Southern,Near limb (>60°),45.0
2024-06-10T11:03:00-FLR-001,Solar Flare,2024-06-10 11:03:00,2024-06-10 11:08:00,2024-06-10 11:18:00,2024-06-10,2024,6,Jun,11,X1.5,X,1.5,-18.0,92.0,13697.0,,GOES-P: EXIS 1.0-8.0,92.0,Southern,Near limb (>60°),15.0
2024-06-10T13:20:00-FLR-001,Solar Flare,2024-06-10 13:20:00,2024-06-10 13:29:00,2024-06-10 13:35:00,2024-06-10,2024,6,Jun,13,M1.3,M,1.3,-17.0,93.0,13697.0,,GOES-P: EXIS 1.0-8.0,93.0,Southern,Near limb (>60°),15.0
2024-06-10T18:11:00-FLR-001,Solar Flare,2024-06-10 18:11:00,2024-06-10 18:40:00,2024-06-10 19:18:00,2024-06-10,2024,6,Jun,18,M9.5,M,9.5,-18.0,96.0,13697.0,,GOES-P: EXIS 1.0-8.0,96.0,Southern,Near limb (>60°),67.0
2024-06-12T22:24:00-FLR-001,Solar Flare,2024-06-12 22:24:00,2024-06-12 22:46:00,2024-06-12 23:35:00,2024-06-12,2024,6,Jun,22,M1.2,M,1.2,-12.0,-12.0,13711.0,,GOES-P: EXIS 1.0-8.0,12.0,Southern,Near centre (<30°),71.0
2024-06-13T16:34:00-FLR-001,Solar Flare,2024-06-13 16:34:00,2024-06-13 16:45:00,2024-06-13 16:55:00,2024-06-13,2024,6,Jun,16,M3.2,M,3.2,-17.0,-62.0,13713.0,,GOES-P: EXIS 1.0-8.0,62.0,Southern,Near limb (>60°),21.0
2024-06-14T04:14:00-FLR-001,Solar Flare,2024-06-14 04:14:00,2024-06-14 04:32:00,2024-06-14 04:43:00,2024-06-14,2024,6,Jun,4,M2.4,M,2.4,-24.0,-39.0,13712.0,,GOES-P: EXIS 1.0-8.0,39.0,Southern,Mid disk (30-60°),29.0
2024-06-15T06:00:00-FLR-001,Solar Flare,2024-06-15 06:00:00,2024-06-15 06:27:00,2024-06-15 06:43:00,2024-06-15,2024,6,Jun,6,M1.3,M,1.3,-25.0,-24.0,13712.0,,GOES-P: EXIS 1.0-8.0,24.0,Southern,Near centre (<30°),43.0
2024-06-17T07:54:00-FLR-001,Solar Flare,2024-06-17 07:54:00,2024-06-17 08:04:00,2024-06-17 08:16:00,2024-06-17,2024,6,Jun,7,M1.5,M,1.5,-25.0,0.0,13712.0,,GOES-P: EXIS 1.0-8.0,0.0,Southern,Near centre (<30°),22.0
2024-06-17T10:42:00-FLR-001,Solar Flare,2024-06-17 10:42:00,2024-06-17 10:46:00,2024-06-17 10:50:00,2024-06-17,2024,6,Jun,10,M1.5,M,1.5,-25.0,12.0,13712.0,,GOES-P: EXIS 1.0-8.0,12.0,Southern,Near centre (<30°),8.0
2024-06-17T19:57:00-FLR-001,Solar Flare,2024-06-17 19:57:00,2024-06-17 20:35:00,2024-06-17 20:56:00,2024-06-17,2024,6,Jun,19,M1.3,M,1.3,-10.0,52.0,13711.0,,GOES-P: EXIS 1.0-8.0,52.0,Southern,Mid disk (30-60°),59.0
2024-06-17T22:29:00-HSS-001,High Speed Stream,2024-06-17 22:29:00,,,2024-06-17,2024,6,Jun,22,,,,,,,,"ACE: SWEPAM, ACE: MAG, DSCOVR: PLASMAG",,,,
2024-06-18T11:14:00-FLR-001,Solar Flare,2024-06-18 11:14:00,2024-06-18 11:23:00,2024-06-18 11:33:00,2024-06-18,2024,6,Jun,11,M2.4,M,2.4,-26.0,18.0,13712.0,,GOES-P: EXIS 1.0-8.0,18.0,Southern,Near centre (<30°),19.0
2024-06-18T12:11:00-FLR-001,Solar Flare,2024-06-18 12:11:00,2024-06-18 12:20:00,2024-06-18 12:26:00,2024-06-18,2024,6,Jun,12,M1.1,M,1.1,-26.0,19.0,13712.0,,GOES-P: EXIS 1.0-8.0,19.0,Southern,Near centre (<30°),15.0
2024-06-19T06:15:00-FLR-001,Solar Flare,2024-06-19 06:15:00,2024-06-19 06:38:00,2024-06-19 06:58:00,2024-06-19,2024,6,Jun,6,M1.1,M,1.1,-12.0,76.0,13711.0,,GOES-P: EXIS 1.0-8.0,76.0,Southern,Near limb (>60°),43.0
2024-06-20T15:09:00-FLR-001,Solar Flare,2024-06-20 15:09:00,2024-06-20 15:18:00,2024-06-20 15:22:00,2024-06-20,2024,6,Jun,15,M1.1,M,1.1,-15.0,-60.0,13719.0,,GOES-P: EXIS 1.0-8.0,60.0,Southern,Mid disk (30-60°),13.0
2024-06-20T23:00:00-FLR-001,Solar Flare,2024-06-20 23:00:00,2024-06-20 23:16:00,2024-06-20 23:20:00,2024-06-20,2024,6,Jun,23,M5.7,M,5.7,-16.0,-55.0,13719.0,,GOES-P: EXIS 1.0-8.0,55.0,Southern,Mid disk (30-60°),20.0
2024-06-22T04:22:00-FLR-001,Solar Flare,2024-06-22 04:22:00,2024-06-22 04:38:00,2024-06-22 04:47:00,2024-06-22,2024,6,Jun,4,M1.2,M,1.2,-19.0,-90.0,13723.0,,GOES-P: EXIS 1.0-8.0,90.0,Southern,Near limb (>60°),25.0
2024-06-22T08:43:00-FLR-001,Solar Flare,2024-06-22 08:43:00,2024-06-22 08:55:00,2024-06-22 09:08:00,2024-06-22,2024,6,Jun,8,M2.8,M,2.8,11.0,63.0,13716.0,,GOES-P: EXIS 1.0-8.0,63.0,Northern,Near limb (>60°),25.0
2024-06-22T11:00:00-FLR-001,Solar Flare,2024-06-22 11:00:00,2024-06-22 11:06:00,2024-06-22 11:10:00,2024-06-22,2024,6,Jun,11,M1.0,M,1.0,-7.0,-48.0,13720.0,,GOES-P: EXIS 1.0-8.0,48.0,Southern,Mid disk (30-60°),10.0
2024-06-23T01:56:00-HSS-001,High Speed Stream,2024-06-23 01:56:00,,,2024-06-23,2024,6,Jun,1,,,,,,,,"DSCOVR: PLASMAG, ACE: SWEPAM, ACE: MAG",,,,
2024-06-23T06:16:00-FLR-001,Solar Flare,2024-06-23 06:16:00,2024-06-23 06:30:00,2024-06-23 06:48:00,2024-06-23,2024,6,Jun,6,M2.4,M,2.4,10.0,75.0,13716.0,,GOES-P: EXIS 1.0-8.0,75.0,Northern,Near limb (>60°),32.0
2024-06-23T11:26:00-FLR-001,Solar Flare,2024-06-23 11:26:00,2024-06-23 11:37:00,2024-06-23 11:50:00,2024-06-23,2024,6,Jun,11,M1.2,M,1.2,-27.0,86.0,13712.0,,GOES-P: EXIS 1.0-8.0,86.0,Southern,Near limb (>60°),24.0
2024-06-23T12:51:00-FLR-001,Solar Flare,2024-06-23 12:51:00,2024-06-23 13:01:00,2024-06-23 13:11:00,2024-06-23,2024,6,Jun,12,M9.3,M,9.3,-19.0,-75.0,13723.0,,GOES-P: EXIS 1.0-8.0,75.0,Southern,Near limb (>60°),20.0
2024-06-24T04:08:00-FLR-001,Solar Flare,2024-06-24 04:08:00,2024-06-24 04:17:00,2024-06-24 04:23:00,2024-06-24,2024,6,Jun,4,M1.3,M,1.3,-25.0,92.0,13712.0,,GOES-P: EXIS 1.0-8.0,92.0,Southern,Near limb (>60°),15.0
2024-06-24T04:45:00-FLR-001,Solar Flare,2024-06-24 04:45:00,2024-06-24 04:52:00,2024-06-24 04:56:00,2024-06-24,2024,6,Jun,4,M1.8,M,1.8,-25.0,93.0,13712.0,,GOES-P: EXIS 1.0-8.0,93.0,Southern,Near limb (>60°),11.0
2024-06-24T06:59:00-FLR-001,Solar Flare,2024-06-24 06:59:00,2024-06-24 07:01:00,2024-06-24 07:03:00,2024-06-24,2024,6,Jun,6,M1.2,M,1.2,-9.0,90.0,13713.0,,GOES-P: EXIS 1.0-8.0,90.0,Southern,Near limb (>60°),4.0
2024-06-24T07:43:00-FLR-001,Solar Flare,2024-06-24 07:43:00,2024-06-24 07:46:00,2024-06-24 07:49:00,2024-06-24,2024,6,Jun,7,M1.0,M,1.0,-25.0,94.0,13712.0,,GOES-P: EXIS 1.0-8.0,94.0,Southern,Near limb (>60°),6.0
2024-06-24T11:09:00-FLR-001,Solar Flare,2024-06-24 11:09:00,2024-06-24 11:13:00,2024-06-24 11:15:00,2024-06-24,2024,6,Jun,11,M1.1,M,1.1,-5.0,-17.0,13720.0,,GOES-P: EXIS 1.0-8.0,17.0,Southern,Near centre (<30°),6.0
2024-06-24T11:44:00-FLR-001,Solar Flare,2024-06-24 11:44:00,2024-06-24 11:48:00,2024-06-24 11:53:00,2024-06-24,2024,6,Jun,11,M1.5,M,1.5,-12.0,84.0,13713.0,,GOES-P: EXIS 1.0-8.0,84.0,Southern,Near limb (>60°),9.0
2024-06-24T19:02:00-FLR-001,Solar Flare,2024-06-24 19:02:00,2024-06-24 19:10:00,2024-06-24 19:14:00,2024-06-24,2024,6,Jun,19,M1.1,M,1.1,-14.0,89.0,13713.0,,GOES-P: EXIS 1.0-8.0,89.0,Southern,Near limb (>60°),12.0
2024-06-25T12:26:00-FLR-001,Solar Flare,2024-06-25 12:26:00,2024-06-25 12:45:00,2024-06-25 13:06:00,2024-06-25,2024,6,Jun,12,M1.0,M,1.0,-18.0,-61.0,13723.0,,GOES-P: EXIS 1.0-8.0,61.0,Southern,Near limb (>60°),40.0
2024-06-26T14:42:00-FLR-001,Solar Flare,2024-06-26 14:42:00,2024-06-26 15:30:00,2024-06-26 15:58:00,2024-06-26,2024,6,Jun,14,C6.2,C,6.2,-25.0,-46.0,13728.0,,GOES-P: EXIS 1.0-8.0,46.0,Southern,Mid disk (30-60°),76.0
2024-06-27T17:02:00-FLR-001,Solar Flare,2024-06-27 17:02:00,2024-06-27 17:12:00,2024-06-27 17:19:00,2024-06-27,2024,6,Jun,17,C2.0,C,2.0,-17.0,42.0,13719.0,,GOES-P: EXIS 1.0-8.0,42.0,Southern,Mid disk (30-60°),17.0
2024-06-28T09:00:00-GST-001,Geomagnetic Storm,2024-06-28 09:00:00,,,2024-06-28,2024,6,Jun,9,G0,G,0.0,,,,6.0,,,,,
2024-06-29T13:08:00-FLR-001,Solar Flare,2024-06-29 13:08:00,2024-06-29 13:13:00,2024-06-29 13:22:00,2024-06-29,2024,6,Jun,13,C2.3,C,2.3,-18.0,60.0,13719.0,,GOES-P: EXIS 1.0-8.0,60.0,Southern,Mid disk (30-60°),14.0
2024-06-30T15:25:00-FLR-001,Solar Flare,2024-06-30 15:25:00,2024-06-30 15:49:00,2024-06-30 16:42:00,2024-06-30,2024,6,Jun,15,C2.1,C,2.1,10.0,-63.0,13734.0,,GOES-P: EXIS 1.0-8.0,63.0,Northern,Near limb (>60°),77.0
2024-07-01T10:51:00-FLR-001,Solar Flare,2024-07-01 10:51:00,2024-07-01 11:02:00,2024-07-01 11:07:00,2024-07-01,2024,7,Jul,10,M2.1,M,2.1,-19.0,38.0,13730.0,,GOES-P: EXIS 1.0-8.0,38.0,Southern,Mid disk (30-60°),16.0
2024-07-02T20:45:00-FLR-001,Solar Flare,2024-07-02 20:45:00,2024-07-02 20:57:00,2024-07-02 21:09:00,2024-07-02,2024,7,Jul,20,C4.7,C,4.7,-19.0,57.0,13730.0,,GOES-P: EXIS 1.0-8.0,57.0,Southern,Mid disk (30-60°),24.0
2024-07-03T07:29:00-FLR-001,Solar Flare,2024-07-03 07:29:00,2024-07-03 07:41:00,2024-07-03 07:55:00,2024-07-03,2024,7,Jul,7,M1.5,M,1.5,-19.0,62.0,13730.0,,GOES-P: EXIS 1.0-8.0,62.0,Southern,Near limb (>60°),26.0
2024-07-04T14:06:00-FLR-001,Solar Flare,2024-07-04 14:06:00,2024-07-04 14:25:00,2024-07-04 14:43:00,2024-07-04,2024,7,Jul,14,M1.0,M,1.0,-21.0,74.0,13723.0,,GOES-P: EXIS 1.0-8.0,74.0,Southern,Near limb (>60°),37.0
2024-07-04T19:54:00-FLR-001,Solar Flare,2024-07-04 19:54:00,2024-07-04 20:05:00,2024-07-04 20:13:00,2024-07-04,2024,7,Jul,19,M1.4,M,1.4,-20.0,85.0,13730.0,,GOES-P: EXIS 1.0-8.0,85.0,Southern,Near limb (>60°),19.0
2024-07-06T22:52:00-FLR-001,Solar Flare,2024-07-06 22:52:00,2024-07-06 23:15:00,2024-07-06 23:35:00,2024-07-06,2024,7,Jul,22,M1.0,M,1.0,-10.0,-60.0,13738.0,,GOES-P: EXIS 1.0-8.0,60.0,Southern,Mid disk (30-60°),43.0
2024-07-07T19:38:00-FLR-001,Solar Flare,2024-07-07 19:38:00,2024-07-07 19:56:00,2024-07-07 20:10:00,2024-07-07,2024,7,Jul,19,M1.0,M,1.0,-18.0,-90.0,,,GOES-P: EXIS 1.0-8.0,90.0,Southern,Near limb (>60°),32.0
2024-07-07T21:14:00-FLR-001,Solar Flare,2024-07-07 21:14:00,2024-07-07 21:27:00,2024-07-07 21:42:00,2024-07-07,2024,7,Jul,21,M1.3,M,1.3,-25.0,-90.0,13742.0,,GOES-P: EXIS 1.0-8.0,90.0,Southern,Near limb (>60°),28.0
2024-07-07T21:42:00-FLR-001,Solar Flare,2024-07-07 21:42:00,2024-07-07 21:51:00,2024-07-07 21:54:00,2024-07-07,2024,7,Jul,21,M1.1,M,1.1,-26.0,-90.0,13742.0,,GOES-P: EXIS 1.0-8.0,90.0,Southern,Near limb (>60°),12.0
2024-07-07T21:54:00-FLR-001,Solar Flare,2024-07-07 21:54:00,2024-07-07 21:59:00,2024-07-07 22:04:00,2024-07-07,2024,7,Jul,21,M1.4,M,1.4,-26.0,-90.0,13742.0,,GOES-P: EXIS 1.0-8.0,90.0,Southern,Near limb (>60°),10.0
2024-07-07T22:04:00-FLR-001,Solar Flare,2024-07-07 22:04:00,2024-07-07 22:31:00,2024-07-07 23:06:00,2024-07-07,2024,7,Jul,22,M2.4,M,2.4,-25.0,-90.0,13742.0,,GOES-P: EXIS 1.0-8.0,90.0,Southern,Near limb (>60°),62.0
2024-07-07T23:20:00-FLR-001,Solar Flare,2024-07-07 23:20:00,2024-07-07 23:23:00,2024-07-07 23:26:00,2024-07-07,2024,7,Jul,23,M1.0,M,1.0,-10.0,-45.0,13738.0,,GOES-P: EXIS 1.0-8.0,45.0,Southern,Mid disk (30-60°),6.0
2024-07-08T11:05:00-FLR-001,Solar Flare,2024-07-08 11:05:00,2024-07-08 11:13:00,2024-07-08 11:17:00,2024-07-08,2024,7,Jul,11,C4.2,C,4.2,-18.0,24.0,13740.0,,GOES-P: EXIS 1.0-8.0,24.0,Southern,Near centre (<30°),12.0
2024-07-08T12:34:00-FLR-001,Solar Flare,2024-07-08 12:34:00,2024-07-08 12:41:00,2024-07-08 12:46:00,2024-07-08,2024,7,Jul,12,M1.1,M,1.1,-26.0,-78.0,13742.0,,GOES-P: EXIS 1.0-8.0,78.0,Southern,Near limb (>60°),12.0
2024-07-09T05:44:00-FLR-001,Solar Flare,2024-07-09 05:44:00,2024-07-09 05:58:00,2024-07-09 06:05:00,2024-07-09,2024,7,Jul,5,C5.6,C,5.6,-8.0,-27.0,13738.0,,GOES-P: EXIS 1.0-8.0,27.0,Southern,Near centre (<30°),21.0
2024-07-10T05:44:00-FLR-001,Solar Flare,2024-07-10 05:44:00,2024-07-10 05:59:00,2024-07-10 06:09:00,2024-07-10,2024,7,Jul,5,M1.5,M,1.5,-10.0,-10.0,13738.0,,GOES-P: EXIS 1.0-8.0,10.0,Southern,Near centre (<30°),25.0
2024-07-10T09:26:00-FLR-001,Solar Flare,2024-07-10 09:26:00,2024-07-10 09:45:00,2024-07-10 09:53:00,2024-07-10,2024,7,Jul,9,M1.3,M,1.3,-12.0,-9.0,13738.0,,GOES-P: EXIS 1.0-8.0,9.0,Southern,Near centre (<30°),27.0
2024-07-10T11:44:00-FLR-001,Solar Flare,2024-07-10 11:44:00,2024-07-10 12:04:00,2024-07-10 12:17:00,2024-07-10,2024,7,Jul,11,M1.4,M,1.4,-10.0,-6.0,13738.0,,GOES-P: EXIS 1.0-8.0,6.0,Southern,Near centre (<30°),33.0
2024-07-10T12:51:00-FLR-001,Solar Flare,2024-07-10 12:51:00,2024-07-10 13:04:00,2024-07-10 13:13:00,2024-07-10,2024,7,Jul,12,M1.1,M,1.1,-9.0,-4.0,13738.0,,GOES-P: EXIS 1.0-8.0,4.0,Southern,Near centre (<30°),22.0
2024-07-10T15:25:00-FLR-001,Solar Flare,2024-07-10 15:25:00,2024-07-10 15:37:00,2024-07-10 15:46:00,2024-07-10,2024,7,Jul,15,M1.0,M,1.0,-10.0,-5.0,13738.0,,GOES-P: EXIS 1.0-8.0,5.0,Southern,Near centre (<30°),21.0
2024-07-11T04:03:00-FLR-001,Solar Flare,2024-07-11 04:03:00,2024-07-11 04:17:00,2024-07-11 04:20:00,2024-07-11,2024,7,Jul,4,M1.2,M,1.2,-20.0,-56.0,13745.0,,GOES-P: EXIS 1.0-8.0,56.0,Southern,Mid disk (30-60°),17.0
2024-07-11T04:20:00-FLR-001,Solar Flare,2024-07-11 04:20:00,2024-07-11 04:23:00,2024-07-11 04:29:00,2024-07-11,2024,7,Jul,4,M1.3,M,1.3,-10.0,15.0,13738.0,,GOES-P: EXIS 1.0-8.0,15.0,Southern,Near centre (<30°),9.0
2024-07-11T04:29:00-FLR-001,Solar Flare,2024-07-11 04:29:00,2024-07-11 04:32:00,2024-07-11 04:34:00,2024-07-11,2024,7,Jul,4,M1.2,M,1.2,-12.0,9.0,13738.0,,GOES-P: EXIS 1.0-8.0,9.0,Southern,Near centre (<30°),5.0
2024-07-11T06:17:00-FLR-001,Solar Flare,2024-07-11 06:17:00,2024-07-11 06:25:00,2024-07-11 06:32:00,2024-07-11,2024,7,Jul,6,M1.2,M,1.2,-10.0,11.0,13738.0,,GOES-P: EXIS 1.0-8.0,11.0,Southern,Near centre (<30°),15.0
2024-07-13T02:55:00-FLR-001,Solar Flare,2024-07-13 02:55:00,2024-07-13 03:18:00,2024-07-13 03:36:00,2024-07-13,2024,7,Jul,2,M1.4,M,1.4,-10.0,40.0,13738.0,,GOES-P: EXIS 1.0-8.0,40.0,Southern,Mid disk (30-60°),41.0
2024-07-13T12:21:00-FLR-001,Solar Flare,2024-07-13 12:21:00,2024-07-13 12:42:00,2024-07-13 12:58:00,2024-07-13,2024,7,Jul,12,M5.3,M,5.3,-6.0,42.0,13738.0,,GOES-P: EXIS 1.0-8.0,42.0,Southern,Mid disk (30-60°),37.0
2024-07-13T14:59:00-FLR-001,Solar Flare,2024-07-13 14:59:00,2024-07-13 15:30:00,2024-07-13 15:41:00,2024-07-13,2024,7,Jul,14,M1.8,M,1.8,-17.0,-20.0,13745.0,,GOES-P: EXIS 1.0-8.0,20.0,Southern,Near centre (<30°),42.0
2024-07-13T15:41:00-FLR-001,Solar Flare,2024-07-13 15:41:00,2024-07-13 15:44:00,2024-07-13 15:48:00,2024-07-13,2024,7,Jul,15,M1.9,M,1.9,-17.0,-20.0,13745.0,,GOES-P: EXIS 1.0-8.0,20.0,Southern,Near centre (<30°),7.0
2024-07-13T19:25:00-FLR-001,Solar Flare,2024-07-13 19:25:00,2024-07-13 19:30:00,2024-07-13 19:34:00,2024-07-13,2024,7,Jul,19,M1.0,M,1.0,-5.0,45.0,13738.0,,GOES-P: EXIS 1.0-8.0,45.0,Southern,Mid disk (30-60°),9.0
2024-07-13T22:44:00-FLR-001,Solar Flare,2024-07-13 22:44:00,2024-07-13 23:01:00,2024-07-13 23:12:00,2024-07-13,2024,7,Jul,22,M5.0,M,5.0,-5.0,46.0,13738.0,,GOES-P: EXIS 1.0-8.0,46.0,Southern,Mid disk (30-60°),28.0
2024-07-14T01:05:00-FLR-001,Solar Flare,2024-07-14 01:05:00,2024-07-14 01:20:00,2024-07-14 01:31:00,2024-07-14,2024,7,Jul,1,M1.7,M,1.7,-7.0,50.0,13738.0,,GOES-P: EXIS 1.0-8.0,50.0,Southern,Mid disk (30-60°),26.0
2024-07-14T02:23:00-FLR-001,Solar Flare,2024-07-14 02:23:00,2024-07-14 02:34:00,2024-07-14 02:48:00,2024-07-14,2024,7,Jul,2,X1.2,X,1.2,-12.0,39.0,13738.0,,GOES-P: EXIS 1.0-8.0,39.0,Southern,Mid disk (30-60°),25.0
2024-07-14T03:48:00-FLR-001,Solar Flare,2024-07-14 03:48:00,2024-07-14 03:51:00,2024-07-14 03:54:00,2024-07-14,2024,7,Jul,3,M1.0,M,1.0,-8.0,-85.0,13751.0,,GOES-P: EXIS 1.0-8.0,85.0,Southern,Near limb (>60°),6.0
2024-07-14T04:05:00-FLR-001,Solar Flare,2024-07-14 04:05:00,2024-07-14 04:13:00,2024-07-14 04:18:00,2024-07-14,2024,7,Jul,4,M3.0,M,3.0,-7.0,52.0,13738.0,,GOES-P: EXIS 1.0-8.0,52.0,Southern,Mid disk (30-60°),13.0
2024-07-14T10:16:00-FLR-001,Solar Flare,2024-07-14 10:16:00,2024-07-14 10:20:00,2024-07-14 10:24:00,2024-07-14,2024,7,Jul,10,M1.0,M,1.0,-13.0,45.0,13738.0,,GOES-P: EXIS 1.0-8.0,45.0,Southern,Mid disk (30-60°),8.0
2024-07-14T20:50:00-FLR-001,Solar Flare,2024-07-14 20:50:00,2024-07-14 20:57:00,2024-07-14 21:03:00,2024-07-14,2024,7,Jul,20,M1.0,M,1.0,-9.0,51.0,13738.0,,GOES-P: EXIS 1.0-8.0,51.0,Southern,Mid disk (30-60°),13.0
2024-07-15T03:29:00-FLR-001,Solar Flare,2024-07-15 03:29:00,2024-07-15 03:45:00,2024-07-15 03:55:00,2024-07-15,2024,7,Jul,3,M1.2,M,1.2,-12.0,54.0,13738.0,,GOES-P: EXIS 1.0-8.0,54.0,Southern,Mid disk (30-60°),26.0
2024-07-15T09:21:00-FLR-001,Solar Flare,2024-07-15 09:21:00,2024-07-15 09:37:00,2024-07-15 10:08:00,2024-07-15,2024,7,Jul,9,M2.7,M,2.7,-5.0,65.0,13738.0,,GOES-P: EXIS 1.0-8.0,65.0,Southern,Near limb (>60°),47.0
2024-07-15T10:08:00-FLR-001,Solar Flare,2024-07-15 10:08:00,2024-07-15 10:13:00,2024-07-15 10:19:00,2024-07-15,2024,7,Jul,10,M1.9,M,1.9,-6.0,60.0,13738.0,,GOES-P: EXIS 1.0-8.0,60.0,Southern,Mid disk (30-60°),11.0
2024-07-15T10:36:00-FLR-001,Solar Flare,2024-07-15 10:36:00,2024-07-15 10:39:00,2024-07-15 10:41:00,2024-07-15,2024,7,Jul,10,M1.1,M,1.1,-10.0,64.0,13738.0,,GOES-P: EXIS 1.0-8.0,64.0,Southern,Near limb (>60°),5.0
2024-07-16T02:49:00-FLR-001,Solar Flare,2024-07-16 02:49:00,2024-07-16 03:01:00,2024-07-16 03:22:00,2024-07-16,2024,7,Jul,2,M1.4,M,1.4,16.0,-2.0,13744.0,,GOES-P: EXIS 1.0-8.0,2.0,Northern,Near centre (<30°),33.0
2024-07-16T07:24:00-FLR-001,Solar Flare,2024-07-16 07:24:00,2024-07-16 07:37:00,2024-07-16 07:50:00,2024-07-16,2024,7,Jul,7,M3.6,M,3.6,11.0,27.0,13753.0,,GOES-P: EXIS 1.0-8.0,27.0,Northern,Near centre (<30°),26.0
2024-07-16T13:11:00-FLR-001,Solar Flare,2024-07-16 13:11:00,2024-07-16 13:26:00,2024-07-16 13:36:00,2024-07-16,2024,7,Jul,13,X1.9,X,1.9,-9.0,85.0,13738.0,,GOES-P: EXIS 1.0-8.0,85.0,Southern,Near limb (>60°),25.0
2024-07-16T21:06:00-FLR-001,Solar Flare,2024-07-16 21:06:00,2024-07-16 21:24:00,2024-07-16 21:36:00,2024-07-16,2024,7,Jul,21,M1.6,M,1.6,10.0,35.0,13753.0,,GOES-P: EXIS 1.0-8.0,35.0,Northern,Mid disk (30-60°),30.0
2024-07-16T21:46:00-FLR-001,Solar Flare,2024-07-16 21:46:00,2024-07-16 22:06:00,2024-07-16 22:17:00,2024-07-16,2024,7,Jul,21,M1.9,M,1.9,18.0,11.0,13744.0,,GOES-P: EXIS 1.0-8.0,11.0,Northern,Near centre (<30°),31.0
2024-07-17T06:26:00-FLR-001,Solar Flare,2024-07-17 06:26:00,2024-07-17 06:39:00,2024-07-17 07:01:00,2024-07-17,2024,7,Jul,6,M5.0,M,5.0,-10.0,30.0,13743.0,,GOES-P: EXIS 1.0-8.0,30.0,Southern,Near centre (<30°),35.0
2024-07-17T07:01:00-FLR-001,Solar Flare,2024-07-17 07:01:00,2024-07-17 07:08:00,2024-07-17 07:13:00,2024-07-17,2024,7,Jul,7,M3.4,M,3.4,-11.0,31.0,13743.0,,GOES-P: EXIS 1.0-8.0,31.0,Southern,Mid disk (30-60°),12.0
2024-07-17T09:26:00-FLR-001,Solar Flare,2024-07-17 09:26:00,2024-07-17 09:45:00,2024-07-17 10:10:00,2024-07-17,2024,7,Jul,9,M1.2,M,1.2,-10.0,83.0,13738.0,,GOES-P: EXIS 1.0-8.0,83.0,Southern,Near limb (>60°),44.0
2024-07-17T19:40:00-FLR-001,Solar Flare,2024-07-17 19:40:00,2024-07-17 19:51:00,2024-07-17 19:53:00,2024-07-17,2024,7,Jul,19,M1.2,M,1.2,12.0,46.0,13753.0,,GOES-P: EXIS 1.0-8.0,46.0,Northern,Mid disk (30-60°),13.0
2024-07-17T19:53:00-FLR-001,Solar Flare,2024-07-17 19:53:00,2024-07-17 19:58:00,2024-07-17 20:04:00,2024-07-17,2024,7,Jul,19,M2.0,M,2.0,12.0,46.0,13753.0,,GOES-P: EXIS 1.0-8.0,46.0,Northern,Mid disk (30-60°),11.0
2024-07-18T10:04:00-FLR-001,Solar Flare,2024-07-18 10:04:00,2024-07-18 10:14:00,2024-07-18 10:20:00,2024-07-18,2024,7,Jul,10,M2.2,M,2.2,-7.0,-22.0,13751.0,,GOES-P: EXIS 1.0-8.0,22.0,Southern,Near centre (<30°),16.0
2024-07-18T10:20:00-FLR-001,Solar Flare,2024-07-18 10:20:00,2024-07-18 10:27:00,2024-07-18 10:31:00,2024-07-18,2024,7,Jul,10,M2.0,M,2.0,-7.0,-23.0,13751.0,,GOES-P: EXIS 1.0-8.0,23.0,Southern,Near centre (<30°),11.0
2024-07-19T08:13:00-FLR-001,Solar Flare,2024-07-19 08:13:00,2024-07-19 08:23:00,2024-07-19 08:30:00,2024-07-19,2024,7,Jul,8,M3.2,M,3.2,11.0,67.0,13753.0,,GOES-P: EXIS 1.0-8.0,67.0,Northern,Near limb (>60°),17.0
2024-07-19T17:53:00-FLR-001,Solar Flare,2024-07-19 17:53:00,2024-07-19 18:06:00,2024-07-19 18:25:00,2024-07-19,2024,7,Jul,17,M2.0,M,2.0,-10.0,-3.0,13751.0,,GOES-P: EXIS 1.0-8.0,3.0,Southern,Near centre (<30°),32.0
2024-07-19T22:44:00-FLR-001,Solar Flare,2024-07-19 22:44:00,2024-07-19 22:51:00,2024-07-19 23:06:00,2024-07-19,2024,7,Jul,22,M1.0,M,1.0,-9.0,70.0,13758.0,,GOES-P: EXIS 1.0-8.0,70.0,Southern,Near limb (>60°),22.0
2024-07-20T07:10:00-FLR-001,Solar Flare,2024-07-20 07:10:00,2024-07-20 07:20:00,2024-07-20 07:24:00,2024-07-20,2024,7,Jul,7,M1.8,M,1.8,-7.0,3.0,13751.0,,GOES-P: EXIS 1.0-8.0,3.0,Southern,Near centre (<30°),14.0
2024-07-20T18:36:00-FLR-001,Solar Flare,2024-07-20 18:36:00,2024-07-20 18:49:00,2024-07-20 19:02:00,2024-07-20,2024,7,Jul,18,M1.5,M,1.5,12.0,70.0,13744.0,,GOES-P: EXIS 1.0-8.0,70.0,Northern,Near limb (>60°),26.0
2024-07-21T03:46:00-FLR-001,Solar Flare,2024-07-21 03:46:00,2024-07-21 03:55:00,2024-07-21 03:59:00,2024-07-21,2024,7,Jul,3,M1.4,M,1.4,15.0,73.0,13744.0,,GOES-P: EXIS 1.0-8.0,73.0,Northern,Near limb (>60°),13.0
2024-07-21T08:28:00-FLR-001,Solar Flare,2024-07-21 08:28:00,2024-07-21 08:34:00,2024-07-21 08:41:00,2024-07-21,2024,7,Jul,8,M1.5,M,1.5,-10.0,22.0,13751.0,,GOES-P: EXIS 1.0-8.0,22.0,Southern,Near centre (<30°),13.0
2024-07-21T16:18:00-FLR-001,Solar Flare,2024-07-21 16:18:00,2024-07-21 16:31:00,2024-07-21 16:59:00,2024-07-21,2024,7,Jul,16,M1.0,M,1.0,15.0,-20.0,13757.0,,GOES-P: EXIS 1.0-8.0,20.0,Northern,Near centre (<30°),41.0
2024-07-21T23:21:00-FLR-001,Solar Flare,2024-07-21 23:21:00,2024-07-21 23:28:00,2024-07-21 23:34:00,2024-07-21,2024,7,Jul,23,M3.2,M,3.2,14.0,85.0,13744.0,,GOES-P: EXIS 1.0-8.0,85.0,Northern,Near limb (>60°),13.0
2024-07-22T03:27:00-FLR-001,Solar Flare,2024-07-22 03:27:00,2024-07-22 03:33:00,2024-07-22 03:37:00,2024-07-22,2024,7,Jul,3,M1.4,M,1.4,-12.0,-55.0,13762.0,,GOES-P: EXIS 1.0-8.0,55.0,Southern,Mid disk (30-60°),10.0
2024-07-22T03:55:00-FLR-001,Solar Flare,2024-07-22 03:55:00,2024-07-22 04:04:00,2024-07-22 04:08:00,2024-07-22,2024,7,Jul,3,M3.9,M,3.9,-12.0,-54.0,13762.0,,GOES-P: EXIS 1.0-8.0,54.0,Southern,Mid disk (30-60°),13.0
2024-07-22T04:14:00-FLR-001,Solar Flare,2024-07-22 04:14:00,2024-07-22 04:34:00,2024-07-22 04:43:00,2024-07-22,2024,7,Jul,4,M1.9,M,1.9,-12.0,-54.0,13762.0,,GOES-P: EXIS 1.0-8.0,54.0,Southern,Mid disk (30-60°),29.0
2024-07-22T09:31:00-FLR-001,Solar Flare,2024-07-22 09:31:00,2024-07-22 09:35:00,2024-07-22 09:40:00,2024-07-22,2024,7,Jul,9,M1.4,M,1.4,15.0,88.0,13744.0,,GOES-P: EXIS 1.0-8.0,88.0,Northern,Near limb (>60°),9.0
2024-07-22T12:47:00-FLR-001,Solar Flare,2024-07-22 12:47:00,2024-07-22 13:00:00,2024-07-22 13:04:00,2024-07-22,2024,7,Jul,12,M1.5,M,1.5,15.0,90.0,13744.0,,GOES-P: EXIS 1.0-8.0,90.0,Northern,Near limb (>60°),17.0
2024-07-23T13:49:00-FLR-001,Solar Flare,2024-07-23 13:49:00,2024-07-23 14:28:00,2024-07-23 15:09:00,2024-07-23,2024,7,Jul,13,M2.4,M,2.4,-10.0,-77.0,13765.0,,GOES-P: EXIS 1.0-8.0,77.0,Southern,Near limb (>60°),80.0
2024-07-24T07:28:00-FLR-001,Solar Flare,2024-07-24 07:28:00,2024-07-24 07:42:00,2024-07-24 07:50:00,2024-07-24,2024,7,Jul,7,M3.6,M,3.6,-8.0,60.0,13751.0,,GOES-P: EXIS 1.0-8.0,60.0,Southern,Mid disk (30-60°),22.0
2024-07-24T17:07:00-FLR-001,Solar Flare,2024-07-24 17:07:00,2024-07-24 17:21:00,2024-07-24 17:27:00,2024-07-24,2024,7,Jul,17,M3.0,M,3.0,-8.0,70.0,13751.0,,GOES-P: EXIS 1.0-8.0,70.0,Southern,Near limb (>60°),20.0
2024-07-25T00:24:00-FLR-001,Solar Flare,2024-07-25 00:24:00,2024-07-25 00:41:00,2024-07-25 00:56:00,2024-07-25,2024,7,Jul,0,C8.4,C,8.4,-12.0,-12.0,13762.0,,GOES-P: EXIS 1.0-8.0,12.0,Southern,Near centre (<30°),32.0
2024-07-25T13:08:00-HSS-001,High Speed Stream,2024-07-25 13:08:00,,,2024-07-25,2024,7,Jul,13,,,,,,,,"ACE: SWEPAM, ACE: MAG, DSCOVR: PLASMAG",,,,
2024-07-25T15:27:00-FLR-001,Solar Flare,2024-07-25 15:27:00,2024-07-25 15:37:00,2024-07-25 15:43:00,2024-07-25,2024,7,Jul,15,M1.3,M,1.3,-7.0,85.0,13751.0,,GOES-P: EXIS 1.0-8.0,85.0,Southern,Near limb (>60°),16.0
2024-07-26T02:41:00-FLR-001,Solar Flare,2024-07-26 02:41:00,2024-07-26 02:52:00,2024-07-26 03:00:00,2024-07-26,2024,7,Jul,2,C3.9,C,3.9,-8.0,85.0,13751.0,,GOES-P: EXIS 1.0-8.0,85.0,Southern,Near limb (>60°),19.0
2024-07-26T04:30:00-FLR-001,Solar Flare,2024-07-26 04:30:00,2024-07-26 04:42:00,2024-07-26 04:51:00,2024-07-26,2024,7,Jul,4,M1.7,M,1.7,-7.0,73.0,13761.0,,GOES-P: EXIS 1.0-8.0,73.0,Southern,Near limb (>60°),21.0
2024-07-27T02:21:00-FLR-001,Solar Flare,2024-07-27 02:21:00,2024-07-27 02:37:00,2024-07-27 02:45:00,2024-07-27,2024,7,Jul,2,M4.2,M,4.2,-7.0,-25.0,13766.0,,GOES-P: EXIS 1.0-8.0,25.0,Southern,Near centre (<30°),24.0
2024-07-27T05:12:00-FLR-001,Solar Flare,2024-07-27 05:12:00,2024-07-27 05:46:00,2024-07-27 06:19:00,2024-07-27,2024,7,Jul,5,M3.1,M,3.1,-11.0,25.0,13762.0,,GOES-P: EXIS 1.0-8.0,25.0,Southern,Near centre (<30°),67.0
2024-07-27T06:25:00-FLR-001,Solar Flare,2024-07-27 06:25:00,2024-07-27 06:31:00,2024-07-27 06:55:00,2024-07-27,2024,7,Jul,6,M1.5,M,1.5,-11.0,-32.0,13765.0,,GOES-P: EXIS 1.0-8.0,32.0,Southern,Mid disk (30-60°),30.0
2024-07-27T10:16:00-FLR-001,Solar Flare,2024-07-27 10:16:00,2024-07-27 10:40:00,2024-07-27 10:50:00,2024-07-27,2024,7,Jul,10,M2.0,M,2.0,-12.0,30.0,13762.0,,GOES-P: EXIS 1.0-8.0,30.0,Southern,Near centre (<30°),34.0
2024-07-27T10:50:00-FLR-001,Solar Flare,2024-07-27 10:50:00,2024-07-27 10:54:00,2024-07-27 11:06:00,2024-07-27,2024,7,Jul,10,M1.8,M,1.8,-10.0,-41.0,13767.0,,GOES-P: EXIS 1.0-8.0,41.0,Southern,Mid disk (30-60°),16.0
2024-07-27T17:50:00-FLR-001,Solar Flare,2024-07-27 17:50:00,2024-07-27 18:06:00,2024-07-27 18:17:00,2024-07-27,2024,7,Jul,17,M2.7,M,2.7,-7.0,-18.0,13766.0,,GOES-P: EXIS 1.0-8.0,18.0,Southern,Near centre (<30°),27.0
2024-07-27T18:24:00-FLR-001,Solar Flare,2024-07-27 18:24:00,2024-07-27 18:39:00,2024-07-27 18:51:00,2024-07-27,2024,7,Jul,18,M3.4,M,3.4,-12.0,33.0,13762.0,,GOES-P: EXIS 1.0-8.0,33.0,Southern,Mid disk (30-60°),27.0
2024-07-28T01:39:00-FLR-001,Solar Flare,2024-07-28 01:39:00,2024-07-28 01:51:00,2024-07-28 01:53:00,2024-07-28,2024,7,Jul,1,M7.8,M,7.8,-7.0,-10.0,13766.0,,GOES-P: EXIS 1.0-8.0,10.0,Southern,Near centre (<30°),14.0
2024-07-28T01:53:00-FLR-001,Solar Flare,2024-07-28 01:53:00,2024-07-28 01:57:00,2024-07-28 02:01:00,2024-07-28,2024,7,Jul,1,M9.9,M,9.9,-8.0,-10.0,13766.0,,GOES-P: EXIS 1.0-8.0,10.0,Southern,Near centre (<30°),8.0
2024-07-28T03:37:00-FLR-001,Solar Flare,2024-07-28 03:37:00,2024-07-28 03:48:00,2024-07-28 04:03:00,2024-07-28,2024,7,Jul,3,M1.5,M,1.5,-11.0,36.0,13762.0,,GOES-P: EXIS 1.0-8.0,36.0,Southern,Mid disk (30-60°),26.0
2024-07-28T10:27:00-FLR-001,Solar Flare,2024-07-28 10:27:00,2024-07-28 10:42:00,2024-07-28 10:54:00,2024-07-28,2024,7,Jul,10,M7.7,M,7.7,-12.0,41.0,13762.0,,GOES-P: EXIS 1.0-8.0,41.0,Southern,Mid disk (30-60°),27.0
2024-07-28T12:43:00-FLR-001,Solar Flare,2024-07-28 12:43:00,2024-07-28 12:50:00,2024-07-28 12:55:00,2024-07-28,2024,7,Jul,12,M2.6,M,2.6,-9.0,-23.0,13767.0,,GOES-P: EXIS 1.0-8.0,23.0,Southern,Near centre (<30°),12.0
2024-07-28T13:46:00-FLR-001,Solar Flare,2024-07-28 13:46:00,2024-07-28 14:22:00,2024-07-28 14:35:00,2024-07-28,2024,7,Jul,13,M1.6,M,1.6,-15.0,25.0,13768.0,,GOES-P: EXIS 1.0-8.0,25.0,Southern,Near centre (<30°),49.0
2024-07-28T18:08:00-FLR-001,Solar Flare,2024-07-28 18:08:00,2024-07-28 18:26:00,2024-07-28 18:40:00,2024-07-28,2024,7,Jul,18,M1.3,M,1.3,-13.0,30.0,13768.0,,GOES-P: EXIS 1.0-8.0,30.0,Southern,Near centre (<30°),32.0
2024-07-28T20:25:00-FLR-001,Solar Flare,2024-07-28 20:25:00,2024-07-28 20:36:00,2024-07-28 20:49:00,2024-07-28,2024,7,Jul,20,M1.9,M,1.9,-10.0,46.0,13762.0,,GOES-P: EXIS 1.0-8.0,46.0,Southern,Mid disk (30-60°),24.0
2024-07-29T01:07:00-FLR-001,Solar Flare,2024-07-29 01:07:00,2024-07-29 01:30:00,2024-07-29 01:36:00,2024-07-29,2024,7,Jul,1,C8.9,C,8.9,-12.0,45.0,13762.0,,GOES-P: EXIS 1.0-8.0,45.0,Southern,Mid disk (30-60°),29.0
2024-07-29T02:33:00-FLR-001,Solar Flare,2024-07-29 02:33:00,2024-07-29 02:37:00,2024-07-29 02:43:00,2024-07-29,2024,7,Jul,2,X1.5,X,1.5,-5.0,4.0,13764.0,,GOES-P: EXIS 1.0-8.0,4.0,Southern,Near centre (<30°),10.0
2024-07-29T05:10:00-FLR-001,Solar Flare,2024-07-29 05:10:00,2024-07-29 05:20:00,2024-07-29 05:28:00,2024-07-29,2024,7,Jul,5,M1.0,M,1.0,-16.0,33.0,13768.0,,GOES-P: EXIS 1.0-8.0,33.0,Southern,Mid disk (30-60°),18.0
2024-07-29T12:16:00-FLR-001,Solar Flare,2024-07-29 12:16:00,2024-07-29 12:22:00,2024-07-29 12:29:00,2024-07-29,2024,7,Jul,12,M1.6,M,1.6,-11.0,60.0,13762.0,,GOES-P: EXIS 1.0-8.0,60.0,Southern,Mid disk (30-60°),13.0
2024-07-29T12:47:00-FLR-001,Solar Flare,2024-07-29 12:47:00,2024-07-29 12:55:00,2024-07-29 13:04:00,2024-07-29,2024,7,Jul,12,M8.7,M,8.7,-11.0,52.0,13762.0,,GOES-P: EXIS 1.0-8.0,52.0,Southern,Mid disk (30-60°),17.0
2024-07-29T14:04:00-FLR-001,Solar Flare,2024-07-29 14:04:00,2024-07-29 14:46:00,2024-07-29 15:09:00,2024-07-29,2024,7,Jul,14,M4.2,M,4.2,-10.0,2.0,13766.0,,GOES-P: EXIS 1.0-8.0,2.0,Southern,Near centre (<30°),65.0
2024-07-29T19:40:00-FLR-001,Solar Flare,2024-07-29 19:40:00,2024-07-29 19:57:00,2024-07-29 20:10:00,2024-07-29,2024,7,Jul,19,M6.4,M,6.4,-25.0,-85.0,13772.0,,GOES-P: EXIS 1.0-8.0,85.0,Southern,Near limb (>60°),30.0
2024-07-29T20:55:00-FLR-001,Solar Flare,2024-07-29 20:55:00,2024-07-29 21:00:00,2024-07-29 21:06:00,2024-07-29,2024,7,Jul,20,M1.1,M,1.1,-4.0,-90.0,13774.0,,GOES-P: EXIS 1.0-8.0,90.0,Southern,Near limb (>60°),11.0
2024-07-30T00:52:00-FLR-001,Solar Flare,2024-07-30 00:52:00,2024-07-30 01:03:00,2024-07-30 01:20:00,2024-07-30,2024,7,Jul,0,M1.7,M,1.7,-12.0,63.0,13762.0,,GOES-P: EXIS 1.0-8.0,63.0,Southern,Near limb (>60°),28.0
2024-07-30T01:20:00-FLR-001,Solar Flare,2024-07-30 01:20:00,2024-07-30 01:25:00,2024-07-30 01:30:00,2024-07-30,2024,7,Jul,1,M1.2,M,1.2,-12.0,63.0,13762.0,,GOES-P: EXIS 1.0-8.0,63.0,Southern,Near limb (>60°),10.0
2024-07-30T01:30:00-FLR-001,Solar Flare,2024-07-30 01:30:00,2024-07-30 01:32:00,2024-07-30 01:36:00,2024-07-30,2024,7,Jul,1,M1.3,M,1.3,-12.0,3.0,13765.0,,GOES-P: EXIS 1.0-8.0,3.0,Southern,Near centre (<30°),6.0
2024-07-30T01:35:00-FLR-001,Solar Flare,2024-07-30 01:35:00,2024-07-30 01:40:00,2024-07-30 01:44:00,2024-07-30,2024,7,Jul,1,M1.4,M,1.4,-5.0,20.0,13766.0,,GOES-P: EXIS 1.0-8.0,20.0,Southern,Near centre (<30°),9.0
2024-07-30T06:16:00-FLR-001,Solar Flare,2024-07-30 06:16:00,2024-07-30 06:29:00,2024-07-30 06:46:00,2024-07-30,2024,7,Jul,6,M1.5,M,1.5,-6.0,18.0,13766.0,,GOES-P: EXIS 1.0-8.0,18.0,Southern,Near centre (<30°),30.0
2024-07-30T16:12:00-FLR-001,Solar Flare,2024-07-30 16:12:00,2024-07-30 16:28:00,2024-07-30 16:42:00,2024-07-30,2024,7,Jul,16,M1.5,M,1.5,-6.0,21.0,13766.0,,GOES-P: EXIS 1.0-8.0,21.0,Southern,Near centre (<30°),30.0
2024-07-30T19:10:00-FLR-001,Solar Flare,2024-07-30 19:10:00,2024-07-30 19:20:00,2024-07-30 19:25:00,2024-07-30,2024,7,Jul,19,M1.9,M,1.9,-12.0,75.0,13762.0,,GOES-P: EXIS 1.0-8.0,75.0,Southern,Near limb (>60°),15.0
2024-07-30T19:25:00-FLR-001,Solar Flare,2024-07-30 19:25:00,2024-07-30 19:38:00,2024-07-30 20:04:00,2024-07-30,2024,7,Jul,19,M9.4,M,9.4,-25.0,-65.0,13772.0,,GOES-P: EXIS 1.0-8.0,65.0,Southern,Near limb (>60°),39.0
2024-07-31T01:43:00-FLR-001,Solar Flare,2024-07-31 01:43:00,2024-07-31 01:50:00,2024-07-31 01:54:00,2024-07-31,2024,7,Jul,1,M1.9,M,1.9,-7.0,44.0,13773.0,,GOES-P: EXIS 1.0-8.0,44.0,Southern,Mid disk (30-60°),11.0
2024-07-31T05:07:00-FLR-001,Solar Flare,2024-07-31 05:07:00,2024-07-31 05:23:00,2024-07-31 05:38:00,2024-07-31,2024,7,Jul,5,M4.7,M,4.7,-7.0,-90.0,13774.0,,GOES-P: EXIS 1.0-8.0,90.0,Southern,Near limb (>60°),31.0
2024-07-31T06:28:00-FLR-001,Solar Flare,2024-07-31 06:28:00,2024-07-31 06:46:00,2024-07-31 06:58:00,2024-07-31,2024,7,Jul,6,M7.7,M,7.7,-15.0,60.0,13768.0,,GOES-P: EXIS 1.0-8.0,60.0,Southern,Mid disk (30-60°),30.0
2024-07-31T12:45:00-FLR-001,Solar Flare,2024-07-31 12:45:00,2024-07-31 13:05:00,2024-07-31 13:26:00,2024-07-31,2024,7,Jul,12,M6.0,M,6.0,-25.0,-55.0,13772.0,,GOES-P: EXIS 1.0-8.0,55.0,Southern,Mid disk (30-60°),41.0
2024-07-31T13:26:00-FLR-001,Solar Flare,2024-07-31 13:26:00,2024-07-31 13:32:00,2024-07-31 13:37:00,2024-07-31,2024,7,Jul,13,M4.4,M,4.4,-25.0,-55.0,13772.0,,GOES-P: EXIS 1.0-8.0,55.0,Southern,Mid disk (30-60°),11.0
2024-07-31T16:10:00-FLR-001,Solar Flare,2024-07-31 16:10:00,2024-07-31 16:31:00,2024-07-31 16:41:00,2024-07-31,2024,7,Jul,16,M1.4,M,1.4,-7.0,-75.0,13774.0,,GOES-P: EXIS 1.0-8.0,75.0,Southern,Near limb (>60°),31.0
2024-07-31T18:05:00-FLR-001,Solar Flare,2024-07-31 18:05:00,2024-07-31 18:37:00,2024-07-31 18:58:00,2024-07-31,2024,7,Jul,18,M5.3,M,5.3,-15.0,73.0,13768.0,,GOES-P: EXIS 1.0-8.0,73.0,Southern,Near limb (>60°),53.0
2024-07-31T19:57:00-FLR-001,Solar Flare,2024-07-31 19:57:00,2024-07-31 20:07:00,2024-07-31 20:11:00,2024-07-31,2024,7,Jul,19,M1.0,M,1.0,-7.0,-76.0,13774.0,,GOES-P: EXIS 1.0-8.0,76.0,Southern,Near limb (>60°),14.0
2024-07-31T21:36:00-FLR-001,Solar Flare,2024-07-31 21:36:00,2024-07-31 21:55:00,2024-07-31 22:10:00,2024-07-31,2024,7,Jul,21,M1.2,M,1.2,-7.0,22.0,13767.0,,GOES-P: EXIS 1.0-8.0,22.0,Southern,Near centre (<30°),34.0
2024-07-31T22:42:00-FLR-001,Solar Flare,2024-07-31 22:42:00,2024-07-31 22:50:00,2024-07-31 22:59:00,2024-07-31,2024,7,Jul,22,M1.0,M,1.0,-6.0,-75.0,13774.0,,GOES-P: EXIS 1.0-8.0,75.0,Southern,Near limb (>60°),17.0
2024-08-01T00:50:00-FLR-001,Solar Flare,2024-08-01 00:50:00,2024-08-01 00:58:00,2024-08-01 01:03:00,2024-08-01,2024,8,Aug,0,M1.2,M,1.2,9.0,28.0,13770.0,,GOES-P: EXIS 1.0-8.0,28.0,Northern,Near centre (<30°),13.0
2024-08-01T00:52:00-FLR-001,Solar Flare,2024-08-01 00:52:00,2024-08-01 00:54:00,2024-08-01 00:56:00,2024-08-01,2024,8,Aug,0,M1.1,M,1.1,9.0,28.0,13770.0,,GOES-P: EXIS 1.0-8.0,28.0,Northern,Near centre (<30°),4.0
2024-08-01T01:47:00-FLR-001,Solar Flare,2024-08-01 01:47:00,2024-08-01 01:50:00,2024-08-01 01:54:00,2024-08-01,2024,8,Aug,1,M6.3,M,6.3,-7.0,60.0,13773.0,,GOES-P: EXIS 1.0-8.0,60.0,Southern,Mid disk (30-60°),7.0
2024-08-01T02:58:00-FLR-001,Solar Flare,2024-08-01 02:58:00,2024-08-01 03:06:00,2024-08-01 03:14:00,2024-08-01,2024,8,Aug,2,M1.2,M,1.2,-6.0,-68.0,13774.0,,GOES-P: EXIS 1.0-8.0,68.0,Southern,Near limb (>60°),16.0
2024-08-01T03:59:00-FLR-001,Solar Flare,2024-08-01 03:59:00,2024-08-01 04:09:00,2024-08-01 04:23:00,2024-08-01,2024,8,Aug,3,M1.9,M,1.9,-6.0,-67.0,13774.0,,GOES-P: EXIS 1.0-8.0,67.0,Southern,Near limb (>60°),24.0
2024-08-01T04:35:00-FLR-001,Solar Flare,2024-08-01 04:35:00,2024-08-01 04:41:00,2024-08-01 04:45:00,2024-08-01,2024,8,Aug,4,M4.0,M,4.0,-11.0,36.0,13765.0,,GOES-P: EXIS 1.0-8.0,36.0,Southern,Mid disk (30-60°),10.0
2024-08-01T05:52:00-FLR-001,Solar Flare,2024-08-01 05:52:00,2024-08-01 05:56:00,2024-08-01 06:00:00,2024-08-01,2024,8,Aug,5,M1.5,M,1.5,-15.0,60.0,13768.0,,GOES-P: EXIS 1.0-8.0,60.0,Southern,Mid disk (30-60°),8.0
2024-08-01T06:23:00-FLR-001,Solar Flare,2024-08-01 06:23:00,2024-08-01 07:09:00,2024-08-01 07:39:00,2024-08-01,2024,8,Aug,6,M8.2,M,8.2,-15.0,80.0,13768.0,,GOES-P: EXIS 1.0-8.0,80.0,Southern,Near limb (>60°),76.0
2024-08-01T06:27:00-FLR-001,Solar Flare,2024-08-01 06:27:00,2024-08-01 06:36:00,2024-08-01 06:51:00,2024-08-01,2024,8,Aug,6,M1.6,M,1.6,7.0,33.0,13770.0,,GOES-P: EXIS 1.0-8.0,33.0,Northern,Mid disk (30-60°),24.0
2024-08-01T08:06:00-FLR-001,Solar Flare,2024-08-01 08:06:00,2024-08-01 08:08:00,2024-08-01 08:10:00,2024-08-01,2024,8,Aug,8,M2.2,M,2.2,-11.0,38.0,13765.0,,GOES-P: EXIS 1.0-8.0,38.0,Southern,Mid disk (30-60°),4.0
2024-08-01T08:24:00-FLR-001,Solar Flare,2024-08-01 08:24:00,2024-08-01 08:30:00,2024-08-01 08:33:00,2024-08-01,2024,8,Aug,8,M1.7,M,1.7,-25.0,-43.0,13772.0,,GOES-P: EXIS 1.0-8.0,43.0,Southern,Mid disk (30-60°),9.0
2024-08-01T11:09:00-FLR-001,Solar Flare,2024-08-01 11:09:00,2024-08-01 11:37:00,2024-08-01 11:41:00,2024-08-01,2024,8,Aug,11,M4.1,M,4.1,-25.0,-41.0,13772.0,,GOES-P: EXIS 1.0-8.0,41.0,Southern,Mid disk (30-60°),32.0
2024-08-01T12:12:00-FLR-001,Solar Flare,2024-08-01 12:12:00,2024-08-01 12:16:00,2024-08-01 12:19:00,2024-08-01,2024,8,Aug,12,M3.3,M,3.3,-16.0,78.0,13768.0,,GOES-P: EXIS 1.0-8.0,78.0,Southern,Near limb (>60°),7.0
2024-08-01T12:35:00-FLR-001,Solar Flare,2024-08-01 12:35:00,2024-08-01 12:37:00,2024-08-01 12:41:00,2024-08-01,2024,8,Aug,12,M2.1,M,2.1,-25.0,-41.0,13772.0,,GOES-P: EXIS 1.0-8.0,41.0,Southern,Mid disk (30-60°),6.0
2024-08-01T16:04:00-FLR-001,Solar Flare,2024-08-01 16:04:00,2024-08-01 16:15:00,2024-08-01 16:19:00,2024-08-01,2024,8,Aug,16,M1.0,M,1.0,-3.0,56.0,13764.0,,GOES-P: EXIS 1.0-8.0,56.0,Southern,Mid disk (30-60°),15.0
2024-08-01T16:33:00-FLR-001,Solar Flare,2024-08-01 16:33:00,2024-08-01 16:37:00,2024-08-01 16:44:00,2024-08-01,2024,8,Aug,16,M1.3,M,1.3,-16.0,80.0,13768.0,,GOES-P: EXIS 1.0-8.0,80.0,Southern,Near limb (>60°),11.0
2024-08-01T16:44:00-FLR-001,Solar Flare,2024-08-01 16:44:00,2024-08-01 16:47:00,2024-08-01 16:51:00,2024-08-01,2024,8,Aug,16,M1.6,M,1.6,-16.0,80.0,13768.0,,GOES-P: EXIS 1.0-8.0,80.0,Southern,Near limb (>60°),7.0
2024-08-01T17:01:00-FLR-001,Solar Flare,2024-08-01 17:01:00,2024-08-01 17:04:00,2024-08-01 17:08:00,2024-08-01,2024,8,Aug,17,M1.0,M,1.0,-6.0,-61.0,13774.0,,GOES-P: EXIS 1.0-8.0,61.0,Southern,Near limb (>60°),7.0
2024-08-01T17:22:00-FLR-001,Solar Flare,2024-08-01 17:22:00,2024-08-01 17:29:00,2024-08-01 17:34:00,2024-08-01,2024,8,Aug,17,M1.3,M,1.3,-6.0,-60.0,13774.0,,GOES-P: EXIS 1.0-8.0,60.0,Southern,Mid disk (30-60°),12.0
2024-08-01T20:12:00-FLR-001,Solar Flare,2024-08-01 20:12:00,2024-08-01 20:22:00,2024-08-01 20:32:00,2024-08-01,2024,8,Aug,20,M1.2,M,1.2,-12.0,-59.0,13774.0,,GOES-P: EXIS 1.0-8.0,59.0,Southern,Mid disk (30-60°),20.0
2024-08-01T23:00:00-FLR-001,Solar Flare,2024-08-01 23:00:00,2024-08-01 23:08:00,2024-08-01 23:17:00,2024-08-01,2024,8,Aug,23,M1.4,M,1.4,-14.0,85.0,13768.0,,GOES-P: EXIS 1.0-8.0,85.0,Southern,Near limb (>60°),17.0
2024-08-02T01:54:00-FLR-001,Solar Flare,2024-08-02 01:54:00,2024-08-02 02:01:00,2024-08-02 02:08:00,2024-08-02,2024,8,Aug,1,M1.0,M,1.0,-8.0,45.0,13765.0,,GOES-P: EXIS 1.0-8.0,45.0,Southern,Mid disk (30-60°),14.0
2024-08-02T03:17:00-FLR-001,Solar Flare,2024-08-02 03:17:00,2024-08-02 03:25:00,2024-08-02 03:31:00,2024-08-02,2024,8,Aug,3,M1.1,M,1.1,-24.0,-31.0,13772.0,,GOES-P: EXIS 1.0-8.0,31.0,Southern,Mid disk (30-60°),14.0
2024-08-02T03:53:00-FLR-001,Solar Flare,2024-08-02 03:53:00,2024-08-02 03:58:00,2024-08-02 04:03:00,2024-08-02,2024,8,Aug,3,M1.1,M,1.1,-16.0,86.0,13768.0,,GOES-P: EXIS 1.0-8.0,86.0,Southern,Near limb (>60°),10.0
2024-08-02T04:23:00-FLR-001,Solar Flare,2024-08-02 04:23:00,2024-08-02 04:55:00,2024-08-02 05:35:00,2024-08-02,2024,8,Aug,4,M7.4,M,7.4,-14.0,88.0,13768.0,,GOES-P: EXIS 1.0-8.0,88.0,Southern,Near limb (>60°),72.0
2024-08-02T07:51:00-FLR-001,Solar Flare,2024-08-02 07:51:00,2024-08-02 07:59:00,2024-08-02 08:03:00,2024-08-02,2024,8,Aug,7,M2.1,M,2.1,-12.0,51.0,13765.0,,GOES-P: EXIS 1.0-8.0,51.0,Southern,Mid disk (30-60°),12.0
2024-08-02T08:19:00-FLR-001,Solar Flare,2024-08-02 08:19:00,2024-08-02 08:21:00,2024-08-02 08:23:00,2024-08-02,2024,8,Aug,8,M1.3,M,1.3,-8.0,80.0,13773.0,,GOES-P: EXIS 1.0-8.0,80.0,Southern,Near limb (>60°),4.0
2024-08-02T09:08:00-FLR-001,Solar Flare,2024-08-02 09:08:00,2024-08-02 09:16:00,2024-08-02 09:28:00,2024-08-02,2024,8,Aug,9,M1.2,M,1.2,-26.0,-30.0,13772.0,,GOES-P: EXIS 1.0-8.0,30.0,Southern,Near centre (<30°),20.0
2024-08-02T09:45:00-FLR-001,Solar Flare,2024-08-02 09:45:00,2024-08-02 09:51:00,2024-08-02 09:55:00,2024-08-02,2024,8,Aug,9,M1.6,M,1.6,-5.0,59.0,13766.0,,GOES-P: EXIS 1.0-8.0,59.0,Southern,Mid disk (30-60°),10.0
2024-08-02T12:28:00-FLR-001,Solar Flare,2024-08-02 12:28:00,2024-08-02 12:33:00,2024-08-02 12:38:00,2024-08-02,2024,8,Aug,12,M1.2,M,1.2,-7.0,80.0,13773.0,,GOES-P: EXIS 1.0-8.0,80.0,Southern,Near limb (>60°),10.0
2024-08-02T13:44:00-FLR-001,Solar Flare,2024-08-02 13:44:00,2024-08-02 13:50:00,2024-08-02 14:00:00,2024-08-02,2024,8,Aug,13,M1.1,M,1.1,18.0,-42.0,13775.0,,GOES-P: EXIS 1.0-8.0,42.0,Northern,Mid disk (30-60°),16.0
2024-08-02T15:21:00-FLR-001,Solar Flare,2024-08-02 15:21:00,2024-08-02 15:30:00,2024-08-02 15:35:00,2024-08-02,2024,8,Aug,15,M1.5,M,1.5,-5.0,63.0,13766.0,,GOES-P: EXIS 1.0-8.0,63.0,Southern,Near limb (>60°),14.0
2024-08-02T23:41:00-FLR-001,Solar Flare,2024-08-02 23:41:00,2024-08-02 23:58:00,2024-08-03 00:22:00,2024-08-02,2024,8,Aug,23,M1.3,M,1.3,14.0,-90.0,13781.0,,GOES-P: EXIS 1.0-8.0,90.0,Northern,Near limb (>60°),41.0
2024-08-03T00:22:00-FLR-001,Solar Flare,2024-08-03 00:22:00,2024-08-03 00:27:00,2024-08-03 00:32:00,2024-08-03,2024,8,Aug,0,M1.0,M,1.0,-13.0,98.0,13768.0,,GOES-P: EXIS 1.0-8.0,98.0,Southern,Near limb (>60°),10.0
2024-08-03T04:45:00-FLR-001,Solar Flare,2024-08-03 04:45:00,2024-08-03 04:59:00,2024-08-03 05:05:00,2024-08-03,2024,8,Aug,4,M1.5,M,1.5,10.0,59.0,13770.0,,GOES-P: EXIS 1.0-8.0,59.0,Northern,Mid disk (30-60°),20.0
2024-08-03T06:52:00-FLR-001,Solar Flare,2024-08-03 06:52:00,2024-08-03 07:05:00,2024-08-03 07:11:00,2024-08-03,2024,8,Aug,6,M1.5,M,1.5,-14.0,99.0,13768.0,,GOES-P: EXIS 1.0-8.0,99.0,Southern,Near limb (>60°),19.0
2024-08-03T07:11:00-FLR-001,Solar Flare,2024-08-03 07:11:00,2024-08-03 07:30:00,2024-08-03 07:34:00,2024-08-03,2024,8,Aug,7,M1.9,M,1.9,-10.0,63.0,13768.0,,GOES-P: EXIS 1.0-8.0,63.0,Southern,Near limb (>60°),23.0
2024-08-03T13:26:00-FLR-001,Solar Flare,2024-08-03 13:26:00,2024-08-03 13:43:00,2024-08-03 13:55:00,2024-08-03,2024,8,Aug,13,M1.8,M,1.8,-7.0,-41.0,13774.0,,GOES-P: EXIS 1.0-8.0,41.0,Southern,Mid disk (30-60°),29.0
2024-08-03T16:49:00-FLR-001,Solar Flare,2024-08-03 16:49:00,2024-08-03 16:54:00,2024-08-03 16:58:00,2024-08-03,2024,8,Aug,16,M2.8,M,2.8,10.0,65.0,13770.0,,GOES-P: EXIS 1.0-8.0,65.0,Northern,Near limb (>60°),9.0
2024-08-03T17:13:00-FLR-001,Solar Flare,2024-08-03 17:13:00,2024-08-03 17:26:00,2024-08-03 17:34:00,2024-08-03,2024,8,Aug,17,M1.9,M,1.9,-6.0,79.0,13766.0,,GOES-P: EXIS 1.0-8.0,79.0,Southern,Near limb (>60°),21.0
2024-08-03T18:29:00-FLR-001,Solar Flare,2024-08-03 18:29:00,2024-08-03 18:39:00,2024-08-03 18:44:00,2024-08-03,2024,8,Aug,18,M7.3,M,7.3,17.0,-26.0,13775.0,,GOES-P: EXIS 1.0-8.0,26.0,Northern,Near centre (<30°),15.0
2024-08-03T19:17:00-FLR-001,Solar Flare,2024-08-03 19:17:00,2024-08-03 19:30:00,2024-08-03 19:43:00,2024-08-03,2024,8,Aug,19,M5.4,M,5.4,14.0,-90.0,13781.0,,GOES-P: EXIS 1.0-8.0,90.0,Northern,Near limb (>60°),26.0
2024-08-04T01:45:00-FLR-001,Solar Flare,2024-08-04 01:45:00,2024-08-04 01:59:00,2024-08-04 02:17:00,2024-08-04,2024,8,Aug,1,M1.4,M,1.4,12.0,-90.0,13781.0,,GOES-P: EXIS 1.0-8.0,90.0,Northern,Near limb (>60°),32.0
2024-08-04T09:35:00-FLR-001,Solar Flare,2024-08-04 09:35:00,2024-08-04 09:44:00,2024-08-04 09:48:00,2024-08-04,2024,8,Aug,9,M1.2,M,1.2,14.0,-90.0,13781.0,,GOES-P: EXIS 1.0-8.0,90.0,Northern,Near limb (>60°),13.0
2024-08-04T09:48:00-FLR-001,Solar Flare,2024-08-04 09:48:00,2024-08-04 10:01:00,2024-08-04 10:03:00,2024-08-04,2024,8,Aug,9,M1.1,M,1.1,-7.0,88.0,13766.0,,GOES-P: EXIS 1.0-8.0,88.0,Southern,Near limb (>60°),15.0
2024-08-04T10:03:00-FLR-001,Solar Flare,2024-08-04 10:03:00,2024-08-04 10:08:00,2024-08-04 10:12:00,2024-08-04,2024,8,Aug,10,M1.4,M,1.4,13.0,-90.0,13781.0,,GOES-P: EXIS 1.0-8.0,90.0,Northern,Near limb (>60°),9.0
2024-08-04T10:27:00-FLR-001,Solar Flare,2024-08-04 10:27:00,2024-08-04 10:50:00,2024-08-04 11:24:00,2024-08-04,2024,8,Aug,10,M1.9,M,1.9,12.0,-90.0,13781.0,,GOES-P: EXIS 1.0-8.0,90.0,Northern,Near limb (>60°),57.0
2024-08-04T12:00:00-GST-001,Geomagnetic Storm,2024-08-04 12:00:00,,,2024-08-04,2024,8,Aug,12,G0,G,0.0,,,,6.67,,,,,
2024-08-04T15:11:00-FLR-001,Solar Flare,2024-08-04 15:11:00,2024-08-04 15:15:00,2024-08-04 15:19:00,2024-08-04,2024,8,Aug,15,M2.2,M,2.2,-10.0,-69.0,13780.0,,GOES-P: EXIS 1.0-8.0,69.0,Southern,Near limb (>60°),8.0
2024-08-04T22:04:00-FLR-001,Solar Flare,2024-08-04 22:04:00,2024-08-04 22:11:00,2024-08-04 22:15:00,2024-08-04,2024,8,Aug,22,M1.0,M,1.0,-10.0,-64.0,13780.0,,GOES-P: EXIS 1.0-8.0,64.0,Southern,Near limb (>60°),11.0
2024-08-05T02:22:00-FLR-001,Solar Flare,2024-08-05 02:22:00,2024-08-05 02:31:00,2024-08-05 02:35:00,2024-08-05,2024,8,Aug,2,M1.1,M,1.1,-10.0,-61.0,13780.0,,GOES-P: EXIS 1.0-8.0,61.0,Southern,Near limb (>60°),13.0
2024-08-05T05:13:00-FLR-001,Solar Flare,2024-08-05 05:13:00,2024-08-05 05:23:00,2024-08-05 05:27:00,2024-08-05,2024,8,Aug,5,M6.1,M,6.1,-10.0,-60.0,13780.0,,GOES-P: EXIS 1.0-8.0,60.0,Southern,Mid disk (30-60°),14.0
2024-08-05T09:49:00-FLR-001,Solar Flare,2024-08-05 09:49:00,2024-08-05 10:01:00,2024-08-05 10:09:00,2024-08-05,2024,8,Aug,9,M1.7,M,1.7,-9.0,90.0,13767.0,,GOES-P: EXIS 1.0-8.0,90.0,Southern,Near limb (>60°),20.0
2024-08-05T13:24:00-FLR-001,Solar Flare,2024-08-05 13:24:00,2024-08-05 13:40:00,2024-08-05 13:54:00,2024-08-05,2024,8,Aug,13,X1.7,X,1.7,-12.0,95.0,13765.0,,GOES-P: EXIS 1.0-8.0,95.0,Southern,Near limb (>60°),30.0
2024-08-05T15:18:00-FLR-001,Solar Flare,2024-08-05 15:18:00,2024-08-05 15:27:00,2024-08-05 15:32:00,2024-08-05,2024,8,Aug,15,X1.1,X,1.1,-10.0,-55.0,13780.0,,GOES-P: EXIS 1.0-8.0,55.0,Southern,Mid disk (30-60°),14.0
2024-08-05T17:56:00-FLR-001,Solar Flare,2024-08-05 17:56:00,2024-08-05 18:02:00,2024-08-05 18:09:00,2024-08-05,2024,8,Aug,17,M1.0,M,1.0,-12.0,98.0,13765.0,,GOES-P: EXIS 1.0-8.0,98.0,Southern,Near limb (>60°),13.0
2024-08-05T18:20:00-FLR-001,Solar Flare,2024-08-05 18:20:00,2024-08-05 18:37:00,2024-08-05 18:42:00,2024-08-05,2024,8,Aug,18,M1.2,M,1.2,-10.0,-60.0,13780.0,,GOES-P: EXIS 1.0-8.0,60.0,Southern,Mid disk (30-60°),22.0
2024-08-06T02:50:00-FLR-001,Solar Flare,2024-08-06 02:50:00,2024-08-06 03:03:00,2024-08-06 03:08:00,2024-08-06,2024,8,Aug,2,M1.1,M,1.1,12.0,-65.0,13781.0,,GOES-P: EXIS 1.0-8.0,65.0,Northern,Near limb (>60°),18.0
2024-08-07T01:55:00-FLR-001,Solar Flare,2024-08-07 01:55:00,2024-08-07 02:01:00,2024-08-07 02:06:00,2024-08-07,2024,8,Aug,1,C8.5,C,8.5,5.0,85.0,,,GOES-P: EXIS 1.0-8.0,85.0,Northern,Near limb (>60°),11.0
2024-08-07T02:21:00-FLR-001,Solar Flare,2024-08-07 02:21:00,2024-08-07 02:30:00,2024-08-07 02:38:00,2024-08-07,2024,8,Aug,2,M1.8,M,1.8,-8.0,18.0,13774.0,,GOES-P: EXIS 1.0-8.0,18.0,Southern,Near centre (<30°),17.0
2024-08-07T04:52:00-FLR-001,Solar Flare,2024-08-07 04:52:00,2024-08-07 04:57:00,2024-08-07 05:01:00,2024-08-07,2024,8,Aug,4,M1.1,M,1.1,13.0,-53.0,13781.0,,GOES-P: EXIS 1.0-8.0,53.0,Northern,Mid disk (30-60°),9.0
2024-08-07T13:30:00-FLR-001,Solar Flare,2024-08-07 13:30:00,2024-08-07 13:50:00,2024-08-07 13:58:00,2024-08-07,2024,8,Aug,13,M4.5,M,4.5,-10.0,22.0,13774.0,,GOES-P: EXIS 1.0-8.0,22.0,Southern,Near centre (<30°),28.0
2024-08-07T18:31:00-FLR-001,Solar Flare,2024-08-07 18:31:00,2024-08-07 18:54:00,2024-08-07 19:08:00,2024-08-07,2024,8,Aug,18,M5.0,M,5.0,-9.0,5.0,13777.0,,GOES-P: EXIS 1.0-8.0,5.0,Southern,Near centre (<30°),37.0
2024-08-08T00:49:00-FLR-001,Solar Flare,2024-08-08 00:49:00,2024-08-08 01:06:00,2024-08-08 01:15:00,2024-08-08,2024,8,Aug,0,M2.1,M,2.1,-12.0,5.0,13777.0,,GOES-P: EXIS 1.0-8.0,5.0,Southern,Near centre (<30°),26.0
2024-08-08T03:27:00-FLR-001,Solar Flare,2024-08-08 03:27:00,2024-08-08 04:41:00,2024-08-08 05:09:00,2024-08-08,2024,8,Aug,3,M1.3,M,1.3,-5.0,15.0,13777.0,,GOES-P: EXIS 1.0-8.0,15.0,Southern,Near centre (<30°),102.0
2024-08-08T11:24:00-FLR-001,Solar Flare,2024-08-08 11:24:00,2024-08-08 11:42:00,2024-08-08 11:52:00,2024-08-08,2024,8,Aug,11,M1.6,M,1.6,-7.0,20.0,13777.0,,GOES-P: EXIS 1.0-8.0,20.0,Southern,Near centre (<30°),28.0
2024-08-08T12:05:00-FLR-001,Solar Flare,2024-08-08 12:05:00,2024-08-08 12:13:00,2024-08-08 12:20:00,2024-08-08,2024,8,Aug,12,M1.0,M,1.0,14.0,-34.0,13781.0,,GOES-P: EXIS 1.0-8.0,34.0,Northern,Mid disk (30-60°),15.0
2024-08-08T12:56:00-FLR-001,Solar Flare,2024-08-08 12:56:00,2024-08-08 13:00:00,2024-08-08 13:04:00,2024-08-08,2024,8,Aug,12,M1.0,M,1.0,14.0,-34.0,13781.0,,GOES-P: EXIS 1.0-8.0,34.0,Northern,Mid disk (30-60°),8.0
2024-08-08T13:36:00-FLR-001,Solar Flare,2024-08-08 13:36:00,2024-08-08 13:43:00,2024-08-08 13:52:00,2024-08-08,2024,8,Aug,13,M1.5,M,1.5,-10.0,-90.0,13788.0,,GOES-P: EXIS 1.0-8.0,90.0,Southern,Near limb (>60°),16.0
2024-08-08T19:01:00-FLR-001,Solar Flare,2024-08-08 19:01:00,2024-08-08 19:35:00,2024-08-08 19:57:00,2024-08-08,2024,8,Aug,19,X1.3,X,1.3,-4.0,23.0,13777.0,,GOES-P: EXIS 1.0-8.0,23.0,Southern,Near centre (<30°),56.0
2024-08-08T22:46:00-FLR-001,Solar Flare,2024-08-08 22:46:00,2024-08-08 22:51:00,2024-08-08 22:56:00,2024-08-08,2024,8,Aug,22,M1.2,M,1.2,-14.0,-18.0,13780.0,,GOES-P: EXIS 1.0-8.0,18.0,Southern,Near centre (<30°),10.0
2024-08-09T10:41:00-FLR-001,Solar Flare,2024-08-09 10:41:00,2024-08-09 11:17:00,2024-08-09 11:24:00,2024-08-09,2024,8,Aug,10,M1.2,M,1.2,-9.0,28.0,13777.0,,GOES-P: EXIS 1.0-8.0,28.0,Southern,Near centre (<30°),43.0
2024-08-09T11:56:00-FLR-001,Solar Flare,2024-08-09 11:56:00,2024-08-09 12:06:00,2024-08-09 12:13:00,2024-08-09,2024,8,Aug,11,M1.4,M,1.4,-9.0,8.0,13780.0,,GOES-P: EXIS 1.0-8.0,8.0,Southern,Near centre (<30°),17.0
2024-08-09T12:38:00-FLR-001,Solar Flare,2024-08-09 12:38:00,2024-08-09 12:43:00,2024-08-09 12:51:00,2024-08-09,2024,8,Aug,12,M1.0,M,1.0,15.0,-22.0,13781.0,,GOES-P: EXIS 1.0-8.0,22.0,Northern,Near centre (<30°),13.0
2024-08-09T12:51:00-FLR-001,Solar Flare,2024-08-09 12:51:00,2024-08-09 12:59:00,2024-08-09 13:03:00,2024-08-09,2024,8,Aug,12,M1.0,M,1.0,-12.0,-8.0,13780.0,,GOES-P: EXIS 1.0-8.0,8.0,Southern,Near centre (<30°),12.0
2024-08-09T20:27:00-FLR-001,Solar Flare,2024-08-09 20:27:00,2024-08-09 20:37:00,2024-08-09 21:00:00,2024-08-09,2024,8,Aug,20,M1.0,M,1.0,-7.0,39.0,13777.0,,GOES-P: EXIS 1.0-8.0,39.0,Southern,Mid disk (30-60°),33.0
2024-08-09T21:10:00-FLR-001,Solar Flare,2024-08-09 21:10:00,2024-08-09 21:23:00,2024-08-09 21:50:00,2024-08-09,2024,8,Aug,21,M4.5,M,4.5,-5.0,40.0,13774.0,,GOES-P: EXIS 1.0-8.0,40.0,Southern,Mid disk (30-60°),40.0
2024-08-09T21:50:00-FLR-001,Solar Flare,2024-08-09 21:50:00,2024-08-09 22:03:00,2024-08-09 23:21:00,2024-08-09,2024,8,Aug,21,M2.9,M,2.9,15.0,-65.0,13784.0,,GOES-P: EXIS 1.0-8.0,65.0,Northern,Near limb (>60°),91.0
2024-08-09T23:43:00-FLR-001,Solar Flare,2024-08-09 23:43:00,2024-08-09 23:50:00,2024-08-09 23:55:00,2024-08-09,2024,8,Aug,23,M1.1,M,1.1,-12.0,3.0,13780.0,,GOES-P: EXIS 1.0-8.0,3.0,Southern,Near centre (<30°),12.0
2024-08-10T00:52:00-FLR-001,Solar Flare,2024-08-10 00:52:00,2024-08-10 01:02:00,2024-08-10 01:07:00,2024-08-10,2024,8,Aug,0,M1.3,M,1.3,-10.0,0.0,13780.0,,GOES-P: EXIS 1.0-8.0,0.0,Southern,Near centre (<30°),15.0
2024-08-10T02:14:00-FLR-001,Solar Flare,2024-08-10 02:14:00,2024-08-10 02:37:00,2024-08-10 02:52:00,2024-08-10,2024,8,Aug,2,M5.3,M,5.3,-8.0,2.0,13780.0,,GOES-P: EXIS 1.0-8.0,2.0,Southern,Near centre (<30°),38.0
2024-08-10T04:03:00-FLR-001,Solar Flare,2024-08-10 04:03:00,2024-08-10 04:11:00,2024-08-10 04:21:00,2024-08-10,2024,8,Aug,4,M1.6,M,1.6,-14.0,1.0,13780.0,,GOES-P: EXIS 1.0-8.0,1.0,Southern,Near centre (<30°),18.0
2024-08-10T14:09:00-FLR-001,Solar Flare,2024-08-10 14:09:00,2024-08-10 14:44:00,2024-08-10 15:03:00,2024-08-10,2024,8,Aug,14,M1.3,M,1.3,-12.0,2.0,13780.0,,GOES-P: EXIS 1.0-8.0,2.0,Southern,Near centre (<30°),54.0
2024-08-10T15:11:00-FLR-001,Solar Flare,2024-08-10 15:11:00,2024-08-10 15:16:00,2024-08-10 15:20:00,2024-08-10,2024,8,Aug,15,M1.2,M,1.2,3.0,-33.0,13782.0,,GOES-P: EXIS 1.0-8.0,33.0,Northern,Mid disk (30-60°),9.0
2024-08-11T00:22:00-FLR-001,Solar Flare,2024-08-11 00:22:00,2024-08-11 00:31:00,2024-08-11 00:46:00,2024-08-11,2024,8,Aug,0,M1.0,M,1.0,-15.0,10.0,13780.0,,GOES-P: EXIS 1.0-8.0,10.0,Southern,Near centre (<30°),24.0
2024-08-11T01:09:00-FLR-001,Solar Flare,2024-08-11 01:09:00,2024-08-11 01:11:00,2024-08-11 01:12:00,2024-08-11,2024,8,Aug,1,M1.0,M,1.0,-10.0,60.0,13774.0,,GOES-P: EXIS 1.0-8.0,60.0,Southern,Mid disk (30-60°),3.0
2024-08-11T05:23:00-FLR-001,Solar Flare,2024-08-11 05:23:00,2024-08-11 05:28:00,2024-08-11 05:37:00,2024-08-11,2024,8,Aug,5,M1.6,M,1.6,-15.0,15.0,13780.0,,GOES-P: EXIS 1.0-8.0,15.0,Southern,Near centre (<30°),14.0
2024-08-11T19:57:00-FLR-001,Solar Flare,2024-08-11 19:57:00,2024-08-11 20:18:00,2024-08-11 20:36:00,2024-08-11,2024,8,Aug,19,M1.6,M,1.6,-10.0,57.0,13777.0,,GOES-P: EXIS 1.0-8.0,57.0,Southern,Mid disk (30-60°),39.0
2024-08-11T23:40:00-FLR-001,Solar Flare,2024-08-11 23:40:00,2024-08-11 23:58:00,2024-08-12 00:26:00,2024-08-11,2024,8,Aug,23,M1.2,M,1.2,-14.0,22.0,13780.0,,GOES-P: EXIS 1.0-8.0,22.0,Southern,Near centre (<30°),46.0
2024-08-12T00:00:00-GST-001,Geomagnetic Storm,2024-08-12 00:00:00,,,2024-08-12,2024,8,Aug,0,G0,G,0.0,,,,6.33,,,,,
2024-08-12T22:47:00-FLR-001,Solar Flare,2024-08-12 22:47:00,2024-08-12 22:57:00,2024-08-12 23:04:00,2024-08-12,2024,8,Aug,22,M1.2,M,1.2,12.0,-20.0,13784.0,,GOES-P: EXIS 1.0-8.0,20.0,Northern,Near centre (<30°),17.0
2024-08-13T07:30:00-FLR-001,Solar Flare,2024-08-13 07:30:00,2024-08-13 07:37:00,2024-08-13 07:50:00,2024-08-13,2024,8,Aug,7,C6.6,C,6.6,-10.0,38.0,13780.0,,GOES-P: EXIS 1.0-8.0,38.0,Southern,Mid disk (30-60°),20.0
2024-08-13T17:25:00-FLR-001,Solar Flare,2024-08-13 17:25:00,2024-08-13 17:29:00,2024-08-13 17:34:00,2024-08-13,2024,8,Aug,17,M1.0,M,1.0,15.0,-11.0,13784.0,,GOES-P: EXIS 1.0-8.0,11.0,Northern,Near centre (<30°),9.0
2024-08-13T22:38:00-FLR-001,Solar Flare,2024-08-13 22:38:00,2024-08-13 22:45:00,2024-08-13 22:57:00,2024-08-13,2024,8,Aug,22,M1.3,M,1.3,15.0,-8.0,13784.0,,GOES-P: EXIS 1.0-8.0,8.0,Northern,Near centre (<30°),19.0
2024-08-13T23:26:00-FLR-001,Solar Flare,2024-08-13 23:26:00,2024-08-13 23:44:00,2024-08-14 00:06:00,2024-08-13,2024,8,Aug,23,M4.2,M,4.2,15.0,-8.0,13784.0,,GOES-P: EXIS 1.0-8.0,8.0,Northern,Near centre (<30°),40.0
2024-08-14T03:33:00-FLR-001,Solar Flare,2024-08-14 03:33:00,2024-08-14 04:02:00,2024-08-14 04:27:00,2024-08-14,2024,8,Aug,3,M4.4,M,4.4,-4.0,89.0,13777.0,,GOES-P: EXIS 1.0-8.0,89.0,Southern,Near limb (>60°),54.0
2024-08-14T06:00:00-FLR-001,Solar Flare,2024-08-14 06:00:00,2024-08-14 06:40:00,2024-08-14 07:08:00,2024-08-14,2024,8,Aug,6,X1.1,X,1.1,14.0,-3.0,13784.0,,GOES-P: EXIS 1.0-8.0,3.0,Northern,Near centre (<30°),68.0
2024-08-14T13:16:00-FLR-001,Solar Flare,2024-08-14 13:16:00,2024-08-14 13:24:00,2024-08-14 13:38:00,2024-08-14,2024,8,Aug,13,M1.0,M,1.0,-9.0,-90.0,13790.0,,GOES-P: EXIS 1.0-8.0,90.0,Southern,Near limb (>60°),22.0
2024-08-14T15:44:00-FLR-001,Solar Flare,2024-08-14 15:44:00,2024-08-14 15:49:00,2024-08-14 15:57:00,2024-08-14,2024,8,Aug,15,M5.3,M,5.3,-9.0,-90.0,13790.0,,GOES-P: EXIS 1.0-8.0,90.0,Southern,Near limb (>60°),13.0
2024-08-15T03:35:00-FLR-001,Solar Flare,2024-08-15 03:35:00,2024-08-15 03:48:00,2024-08-15 03:56:00,2024-08-15,2024,8,Aug,3,M1.1,M,1.1,-10.0,65.0,13780.0,,GOES-P: EXIS 1.0-8.0,65.0,Southern,Near limb (>60°),21.0
2024-08-16T13:13:00-FLR-001,Solar Flare,2024-08-16 13:13:00,2024-08-16 13:24:00,2024-08-16 13:35:00,2024-08-16,2024,8,Aug,13,M1.3,M,1.3,-4.0,90.0,13780.0,,GOES-P: EXIS 1.0-8.0,90.0,Southern,Near limb (>60°),22.0
2024-08-16T14:00:00-FLR-001,Solar Flare,2024-08-16 14:00:00,2024-08-16 14:09:00,2024-08-16 14:18:00,2024-08-16,2024,8,Aug,14,C5.9,C,5.9,28.0,-4.0,13789.0,,GOES-P: EXIS 1.0-8.0,4.0,Northern,Near centre (<30°),18.0
2024-08-17T10:24:00-FLR-001,Solar Flare,2024-08-17 10:24:00,2024-08-17 10:33:00,2024-08-17 10:42:00,2024-08-17,2024,8,Aug,10,M1.6,M,1.6,17.0,41.0,13784.0,,GOES-P: EXIS 1.0-8.0,41.0,Northern,Mid disk (30-60°),18.0
2024-08-17T11:22:00-FLR-001,Solar Flare,2024-08-17 11:22:00,2024-08-17 11:44:00,2024-08-17 11:56:00,2024-08-17,2024,8,Aug,11,M1.1,M,1.1,-15.0,27.0,13785.0,,GOES-P: EXIS 1.0-8.0,27.0,Southern,Near centre (<30°),34.0
2024-08-17T15:00:00-GST-001,Geomagnetic Storm,2024-08-17 15:00:00,,,2024-08-17,2024,8,Aug,15,G0,G,0.0,,,,6.67,,,,,
2024-08-17T21:37:00-FLR-001,Solar Flare,2024-08-17 21:37:00,2024-08-17 21:48:00,2024-08-17 21:57:00,2024-08-17,2024,8,Aug,21,M1.1,M,1.1,-12.0,-48.0,13790.0,,GOES-P: EXIS 1.0-8.0,48.0,Southern,Mid disk (30-60°),20.0
2024-08-17T21:57:00-FLR-001,Solar Flare,2024-08-17 21:57:00,2024-08-17 22:06:00,2024-08-17 22:14:00,2024-08-17,2024,8,Aug,21,M1.4,M,1.4,-11.0,-48.0,13790.0,,GOES-P: EXIS 1.0-8.0,48.0,Southern,Mid disk (30-60°),17.0
2024-08-18T01:50:00-FLR-001,Solar Flare,2024-08-18 01:50:00,2024-08-18 02:04:00,2024-08-18 02:12:00,2024-08-18,2024,8,Aug,1,M2.4,M,2.4,17.0,50.0,13784.0,,GOES-P: EXIS 1.0-8.0,50.0,Northern,Mid disk (30-60°),22.0
2024-08-18T04:07:00-FLR-001,Solar Flare,2024-08-18 04:07:00,2024-08-18 04:16:00,2024-08-18 04:31:00,2024-08-18,2024,8,Aug,4,M1.1,M,1.1,17.0,49.0,13784.0,,GOES-P: EXIS 1.0-8.0,49.0,Northern,Mid disk (30-60°),24.0
2024-08-18T07:15:00-FLR-001,Solar Flare,2024-08-18 07:15:00,2024-08-18 07:30:00,2024-08-18 07:44:00,2024-08-18,2024,8,Aug,7,M1.2,M,1.2,17.0,51.0,13784.0,,GOES-P: EXIS 1.0-8.0,51.0,Northern,Mid disk (30-60°),29.0
2024-08-18T20:52:00-FLR-001,Solar Flare,2024-08-18 20:52:00,2024-08-18 21:07:00,2024-08-18 21:22:00,2024-08-18,2024,8,Aug,20,M1.3,M,1.3,-7.0,-80.0,13796.0,,GOES-P: EXIS 1.0-8.0,80.0,Southern,Near limb (>60°),30.0
2024-08-18T23:46:00-FLR-001,Solar Flare,2024-08-18 23:46:00,2024-08-19 00:00:00,2024-08-19 00:13:00,2024-08-18,2024,8,Aug,23,M1.4,M,1.4,-3.0,-70.0,13796.0,,GOES-P: EXIS 1.0-8.0,70.0,Southern,Near limb (>60°),27.0
2024-08-19T09:28:00-FLR-001,Solar Flare,2024-08-19 09:28:00,2024-08-19 09:36:00,2024-08-19 09:40:00,2024-08-19,2024,8,Aug,9,M1.3,M,1.3,-17.0,57.0,13785.0,,GOES-P: EXIS 1.0-8.0,57.0,Southern,Mid disk (30-60°),12.0
2024-08-19T21:41:00-FLR-001,Solar Flare,2024-08-19 21:41:00,2024-08-19 21:52:00,2024-08-19 22:02:00,2024-08-19,2024,8,Aug,21,M3.7,M,3.7,-3.0,-57.0,13796.0,,GOES-P: EXIS 1.0-8.0,57.0,Southern,Mid disk (30-60°),21.0
2024-08-19T22:55:00-FLR-001,Solar Flare,2024-08-19 22:55:00,2024-08-19 23:11:00,2024-08-19 23:20:00,2024-08-19,2024,8,Aug,22,M1.0,M,1.0,-7.0,-65.0,13796.0,,GOES-P: EXIS 1.0-8.0,65.0,Southern,Near limb (>60°),25.0
2024-08-20T04:37:00-FLR-001,Solar Flare,2024-08-20 04:37:00,2024-08-20 04:48:00,2024-08-20 04:54:00,2024-08-20,2024,8,Aug,4,M1.2,M,1.2,-7.0,-60.0,13796.0,,GOES-P: EXIS 1.0-8.0,60.0,Southern,Mid disk (30-60°),17.0
2024-08-20T17:06:00-FLR-001,Solar Flare,2024-08-20 17:06:00,2024-08-20 17:08:00,2024-08-20 17:12:00,2024-08-20,2024,8,Aug,17,M1.3,M,1.3,-13.0,81.0,13785.0,,GOES-P: EXIS 1.0-8.0,81.0,Southern,Near limb (>60°),6.0
2024-08-21T05:53:00-FLR-001,Solar Flare,2024-08-21 05:53:00,2024-08-21 06:02:00,2024-08-21 06:11:00,2024-08-21,2024,8,Aug,5,M1.1,M,1.1,-4.0,-40.0,13796.0,,GOES-P: EXIS 1.0-8.0,40.0,Southern,Mid disk (30-60°),18.0
2024-08-21T21:59:00-FLR-001,Solar Flare,2024-08-21 21:59:00,2024-08-21 22:08:00,2024-08-21 22:17:00,2024-08-21,2024,8,Aug,21,M5.1,M,5.1,-4.0,-28.0,13796.0,,GOES-P: EXIS 1.0-8.0,28.0,Southern,Near centre (<30°),18.0
2024-08-22T08:04:00-FLR-001,Solar Flare,2024-08-22 08:04:00,2024-08-22 08:08:00,2024-08-22 08:12:00,2024-08-22,2024,8,Aug,8,C5.6,C,5.6,9.0,-75.0,13801.0,,GOES-P: EXIS 1.0-8.0,75.0,Northern,Near limb (>60°),8.0
2024-08-22T10:32:00-FLR-001,Solar Flare,2024-08-22 10:32:00,2024-08-22 10:39:00,2024-08-22 10:47:00,2024-08-22,2024,8,Aug,10,M1.5,M,1.5,-3.0,-23.0,13796.0,,GOES-P: EXIS 1.0-8.0,23.0,Southern,Near centre (<30°),15.0
2024-08-22T20:26:00-HSS-001,High Speed Stream,2024-08-22 20:26:00,,,2024-08-22,2024,8,Aug,20,,,,,,,,"ACE: SWEPAM, ACE: MAG, DSCOVR: PLASMAG",,,,
2024-08-23T01:05:00-FLR-001,Solar Flare,2024-08-23 01:05:00,2024-08-23 01:26:00,2024-08-23 02:03:00,2024-08-23,2024,8,Aug,1,C5.6,C,5.6,20.0,31.0,13794.0,,GOES-P: EXIS 1.0-8.0,31.0,Northern,Mid disk (30-60°),58.0
2024-08-23T03:31:00-FLR-001,Solar Flare,2024-08-23 03:31:00,2024-08-23 03:41:00,2024-08-23 03:45:00,2024-08-23,2024,8,Aug,3,M3.4,M,3.4,9.0,-63.0,13801.0,,GOES-P: EXIS 1.0-8.0,63.0,Northern,Near limb (>60°),14.0
2024-08-23T04:12:00-FLR-001,Solar Flare,2024-08-23 04:12:00,2024-08-23 04:18:00,2024-08-23 04:24:00,2024-08-23,2024,8,Aug,4,M1.0,M,1.0,-28.0,-32.0,13800.0,,GOES-P: EXIS 1.0-8.0,32.0,Southern,Mid disk (30-60°),12.0
2024-08-23T13:50:00-FLR-001,Solar Flare,2024-08-23 13:50:00,2024-08-23 13:57:00,2024-08-23 14:10:00,2024-08-23,2024,8,Aug,13,M1.7,M,1.7,-28.0,-25.0,13800.0,,GOES-P: EXIS 1.0-8.0,25.0,Southern,Near centre (<30°),20.0
2024-08-23T14:52:00-FLR-001,Solar Flare,2024-08-23 14:52:00,2024-08-23 15:05:00,2024-08-23 15:13:00,2024-08-23,2024,8,Aug,14,M1.7,M,1.7,9.0,-59.0,13801.0,,GOES-P: EXIS 1.0-8.0,59.0,Northern,Mid disk (30-60°),21.0
2024-08-23T16:33:00-FLR-001,Solar Flare,2024-08-23 16:33:00,2024-08-23 16:45:00,2024-08-23 17:00:00,2024-08-23,2024,8,Aug,16,M1.1,M,1.1,-28.0,-23.0,13800.0,,GOES-P: EXIS 1.0-8.0,23.0,Southern,Near centre (<30°),27.0
2024-08-23T19:23:00-FLR-001,Solar Flare,2024-08-23 19:23:00,2024-08-23 19:33:00,2024-08-23 19:39:00,2024-08-23,2024,8,Aug,19,M1.1,M,1.1,9.0,-57.0,13801.0,,GOES-P: EXIS 1.0-8.0,57.0,Northern,Mid disk (30-60°),16.0
2024-08-23T19:39:00-FLR-001,Solar Flare,2024-08-23 19:39:00,2024-08-23 19:44:00,2024-08-23 19:49:00,2024-08-23,2024,8,Aug,19,M3.4,M,3.4,-27.0,-21.0,13800.0,,GOES-P: EXIS 1.0-8.0,21.0,Southern,Near centre (<30°),10.0
2024-08-23T20:08:00-FLR-001,Solar Flare,2024-08-23 20:08:00,2024-08-23 20:12:00,2024-08-23 20:18:00,2024-08-23,2024,8,Aug,20,M5.1,M,5.1,-27.0,-21.0,13800.0,,GOES-P: EXIS 1.0-8.0,21.0,Southern,Near centre (<30°),10.0
2024-08-24T00:02:00-FLR-001,Solar Flare,2024-08-24 00:02:00,2024-08-24 00:14:00,2024-08-24 00:20:00,2024-08-24,2024,8,Aug,0,M1.6,M,1.6,-4.0,0.0,13796.0,,GOES-P: EXIS 1.0-8.0,0.0,Southern,Near centre (<30°),18.0
2024-08-24T18:46:00-FLR-001,Solar Flare,2024-08-24 18:46:00,2024-08-24 18:58:00,2024-08-24 19:17:00,2024-08-24,2024,8,Aug,18,M1.0,M,1.0,-3.0,10.0,13796.0,,GOES-P: EXIS 1.0-8.0,10.0,Southern,Near centre (<30°),31.0
2024-08-24T19:17:00-FLR-001,Solar Flare,2024-08-24 19:17:00,2024-08-24 19:30:00,2024-08-24 19:35:00,2024-08-24,2024,8,Aug,19,M1.4,M,1.4,-5.0,10.0,13796.0,,GOES-P: EXIS 1.0-8.0,10.0,Southern,Near centre (<30°),18.0
2024-08-24T21:28:00-FLR-001,Solar Flare,2024-08-24 21:28:00,2024-08-24 21:46:00,2024-08-24 21:55:00,2024-08-24,2024,8,Aug,21,M1.3,M,1.3,-26.0,-8.0,13800.0,,GOES-P: EXIS 1.0-8.0,8.0,Southern,Near centre (<30°),27.0
2024-08-24T23:18:00-FLR-001,Solar Flare,2024-08-24 23:18:00,2024-08-24 23:24:00,2024-08-24 23:32:00,2024-08-24,2024,8,Aug,23,M1.7,M,1.7,-26.0,-6.0,13800.0,,GOES-P: EXIS 1.0-8.0,6.0,Southern,Near centre (<30°),14.0
2024-08-26T11:28:00-FLR-001,Solar Flare,2024-08-26 11:28:00,2024-08-26 11:41:00,2024-08-26 11:52:00,2024-08-26,2024,8,Aug,11,M1.4,M,1.4,-5.0,33.0,13796.0,,GOES-P: EXIS 1.0-8.0,33.0,Southern,Mid disk (30-60°),24.0
2024-08-27T09:30:00-FLR-001,Solar Flare,2024-08-27 09:30:00,2024-08-27 09:43:00,2024-08-27 09:56:00,2024-08-27,2024,8,Aug,9,M1.1,M,1.1,-5.0,41.0,13796.0,,GOES-P: EXIS 1.0-8.0,41.0,Southern,Mid disk (30-60°),26.0
2024-08-28T00:00:00-GST-001,Geomagnetic Storm,2024-08-28 00:00:00,,,2024-08-28,2024,8,Aug,0,G0,G,0.0,,,,5.67,,,,,
2024-08-29T19:00:00-HSS-001,High Speed Stream,2024-08-29 19:00:00,,,2024-08-29,2024,8,Aug,19,,,,,,,,"ACE: SWEPAM, ACE: MAG, DSCOVR: PLASMAG",,,,
2024-08-30T02:00:00-FLR-001,Solar Flare,2024-08-30 02:00:00,2024-08-30 02:06:00,2024-08-30 02:14:00,2024-08-30,2024,8,Aug,2,M1.2,M,1.2,-9.0,-70.0,13808.0,,GOES-P: EXIS 1.0-8.0,70.0,Southern,Near limb (>60°),14.0
2024-08-30T12:13:00-FLR-001,Solar Flare,2024-08-30 12:13:00,2024-08-30 12:20:00,2024-08-30 12:25:00,2024-08-30,2024,8,Aug,12,M3.8,M,3.8,-12.0,-55.0,13806.0,,GOES-P: EXIS 1.0-8.0,55.0,Southern,Mid disk (30-60°),12.0
2024-08-31T00:38:00-FLR-001,Solar Flare,2024-08-31 00:38:00,2024-08-31 00:49:00,2024-08-31 00:54:00,2024-08-31,2024,8,Aug,0,M1.1,M,1.1,-12.0,-48.0,13806.0,,GOES-P: EXIS 1.0-8.0,48.0,Southern,Mid disk (30-60°),16.0
2024-08-31T02:26:00-FLR-001,Solar Flare,2024-08-31 02:26:00,2024-08-31 02:38:00,2024-08-31 02:48:00,2024-08-31,2024,8,Aug,2,M1.2,M,1.2,-9.0,-46.0,13806.0,,GOES-P: EXIS 1.0-8.0,46.0,Southern,Mid disk (30-60°),22.0
2024-08-31T08:52:00-FLR-001,Solar Flare,2024-08-31 08:52:00,2024-08-31 08:59:00,2024-08-31 09:09:00,2024-08-31,2024,8,Aug,8,M1.2,M,1.2,-18.0,-90.0,13813.0,,GOES-P: EXIS 1.0-8.0,90.0,Southern,Near limb (>60°),17.0
2024-08-31T12:50:00-FLR-001,Solar Flare,2024-08-31 12:50:00,2024-08-31 13:02:00,2024-08-31 13:11:00,2024-08-31,2024,8,Aug,12,M1.8,M,1.8,-10.0,-39.0,13806.0,,GOES-P: EXIS 1.0-8.0,39.0,Southern,Mid disk (30-60°),21.0
2024-09-01T07:47:00-FLR-001,Solar Flare,2024-09-01 07:47:00,2024-09-01 07:57:00,2024-09-01 08:06:00,2024-09-01,2024,9,Sep,7,M1.4,M,1.4,-16.0,24.0,13807.0,,GOES-P: EXIS 1.0-8.0,24.0,Southern,Near centre (<30°),19.0
2024-09-01T11:45:00-FLR-001,Solar Flare,2024-09-01 11:45:00,2024-09-01 13:22:00,2024-09-01 13:35:00,2024-09-01,2024,9,Sep,11,M5.5,M,5.5,-25.0,-90.0,,,GOES-P: EXIS 1.0-8.0,90.0,Southern,Near limb (>60°),110.0
2024-09-01T16:14:00-FLR-001,Solar Flare,2024-09-01 16:14:00,2024-09-01 16:20:00,2024-09-01 16:26:00,2024-09-01,2024,9,Sep,16,M1.9,M,1.9,-11.0,-24.0,13806.0,,GOES-P: EXIS 1.0-8.0,24.0,Southern,Near centre (<30°),12.0
2024-09-01T18:00:00-FLR-001,Solar Flare,2024-09-01 18:00:00,2024-09-01 18:03:00,2024-09-01 18:06:00,2024-09-01,2024,9,Sep,18,M1.1,M,1.1,-16.0,28.0,13807.0,,GOES-P: EXIS 1.0-8.0,28.0,Southern,Near centre (<30°),6.0
2024-09-01T19:55:00-FLR-001,Solar Flare,2024-09-01 19:55:00,2024-09-01 20:00:00,2024-09-01 20:11:00,2024-09-01,2024,9,Sep,19,M1.1,M,1.1,-19.0,-78.0,13813.0,,GOES-P: EXIS 1.0-8.0,78.0,Southern,Near limb (>60°),16.0
2024-09-01T20:13:00-FLR-001,Solar Flare,2024-09-01 20:13:00,2024-09-01 20:20:00,2024-09-01 20:24:00,2024-09-01,2024,9,Sep,20,M1.0,M,1.0,-20.0,-90.0,13813.0,,GOES-P: EXIS 1.0-8.0,90.0,Southern,Near limb (>60°),11.0
2024-09-01T22:37:00-FLR-001,Solar Flare,2024-09-01 22:37:00,2024-09-01 22:48:00,2024-09-01 22:57:00,2024-09-01,2024,9,Sep,22,M1.5,M,1.5,-19.0,22.0,13807.0,,GOES-P: EXIS 1.0-8.0,22.0,Southern,Near centre (<30°),20.0
2024-09-02T05:21:00-FLR-001,Solar Flare,2024-09-02 05:21:00,2024-09-02 05:29:00,2024-09-02 05:47:00,2024-09-02,2024,9,Sep,5,M1.9,M,1.9,-20.0,-72.0,13813.0,,GOES-S: EXIS 1.0-8.0,72.0,Southern,Near limb (>60°),26.0
2024-09-02T13:13:00-FLR-001,Solar Flare,2024-09-02 13:13:00,2024-09-02 13:27:00,2024-09-02 13:33:00,2024-09-02,2024,9,Sep,13,M1.8,M,1.8,-17.0,-62.0,13813.0,,GOES-P: EXIS 1.0-8.0,62.0,Southern,Near limb (>60°),20.0
2024-09-02T13:34:00-FLR-001,Solar Flare,2024-09-02 13:34:00,2024-09-02 13:43:00,2024-09-02 13:53:00,2024-09-02,2024,9,Sep,13,M2.9,M,2.9,-18.0,40.0,13807.0,,GOES-P: EXIS 1.0-8.0,40.0,Southern,Mid disk (30-60°),19.0
2024-09-02T19:57:00-FLR-001,Solar Flare,2024-09-02 19:57:00,2024-09-02 20:11:00,2024-09-02 20:28:00,2024-09-02,2024,9,Sep,19,M1.4,M,1.4,-16.0,39.0,13807.0,,GOES-P: EXIS 1.0-8.0,39.0,Southern,Mid disk (30-60°),31.0
2024-09-02T20:56:00-FLR-001,Solar Flare,2024-09-02 20:56:00,2024-09-02 21:02:00,2024-09-02 21:10:00,2024-09-02,2024,9,Sep,20,M1.8,M,1.8,-20.0,-62.0,13813.0,,GOES-P: EXIS 1.0-8.0,62.0,Southern,Near limb (>60°),14.0
2024-09-02T22:35:00-FLR-001,Solar Flare,2024-09-02 22:35:00,2024-09-02 23:01:00,2024-09-02 23:30:00,2024-09-02,2024,9,Sep,22,M1.5,M,1.5,-15.0,50.0,13807.0,,GOES-P: EXIS 1.0-8.0,50.0,Southern,Mid disk (30-60°),55.0
2024-09-03T07:12:00-FLR-001,Solar Flare,2024-09-03 07:12:00,2024-09-03 07:22:00,2024-09-03 07:39:00,2024-09-03,2024,9,Sep,7,M1.4,M,1.4,-22.0,-54.0,13813.0,,GOES-P: EXIS 1.0-8.0,54.0,Southern,Mid disk (30-60°),27.0
2024-09-03T15:51:00-FLR-001,Solar Flare,2024-09-03 15:51:00,2024-09-03 16:02:00,2024-09-03 16:08:00,2024-09-03,2024,9,Sep,15,M3.3,M,3.3,-19.0,-51.0,13813.0,,GOES-P: EXIS 1.0-8.0,51.0,Southern,Mid disk (30-60°),17.0
2024-09-03T16:08:00-FLR-001,Solar Flare,2024-09-03 16:08:00,2024-09-03 16:13:00,2024-09-03 16:19:00,2024-09-03,2024,9,Sep,16,M2.9,M,2.9,-19.0,-51.0,13813.0,,GOES-P: EXIS 1.0-8.0,51.0,Southern,Mid disk (30-60°),11.0
2024-09-04T02:43:00-FLR-001,Solar Flare,2024-09-04 02:43:00,2024-09-04 02:55:00,2024-09-04 03:11:00,2024-09-04,2024,9,Sep,2,M1.4,M,1.4,-22.0,-49.0,13813.0,,GOES-P: EXIS 1.0-8.0,49.0,Southern,Mid disk (30-60°),28.0
2024-09-04T04:49:00-FLR-001,Solar Flare,2024-09-04 04:49:00,2024-09-04 04:56:00,2024-09-04 05:05:00,2024-09-04,2024,9,Sep,4,M1.2,M,1.2,-18.0,-44.0,13807.0,,GOES-S: EXIS 1.0-8.0,44.0,Southern,Mid disk (30-60°),16.0
2024-09-04T05:55:00-FLR-001,Solar Flare,2024-09-04 05:55:00,2024-09-04 06:01:00,2024-09-04 06:07:00,2024-09-04,2024,9,Sep,5,M1.0,M,1.0,-12.0,13.0,13806.0,,GOES-P: EXIS 1.0-8.0,13.0,Southern,Near centre (<30°),12.0
2024-09-04T06:07:00-FLR-001,Solar Flare,2024-09-04 06:07:00,2024-09-04 06:11:00,2024-09-04 06:16:00,2024-09-04,2024,9,Sep,6,M1.0,M,1.0,-12.0,12.0,13806.0,,GOES-P: EXIS 1.0-8.0,12.0,Southern,Near centre (<30°),9.0
2024-09-04T13:08:00-FLR-001,Solar Flare,2024-09-04 13:08:00,2024-09-04 13:21:00,2024-09-04 13:27:00,2024-09-04,2024,9,Sep,13,M1.0,M,1.0,-22.0,-44.0,13813.0,,GOES-P: EXIS 1.0-8.0,44.0,Southern,Mid disk (30-60°),19.0
2024-09-04T19:41:00-FLR-001,Solar Flare,2024-09-04 19:41:00,2024-09-04 20:00:00,2024-09-04 20:16:00,2024-09-04,2024,9,Sep,19,M1.2,M,1.2,-13.0,-20.0,13811.0,,GOES-P: EXIS 1.0-8.0,20.0,Southern,Near centre (<30°),35.0
2024-09-05T00:17:00-FLR-001,Solar Flare,2024-09-05 00:17:00,2024-09-05 00:20:00,2024-09-05 00:24:00,2024-09-05,2024,9,Sep,0,M1.0,M,1.0,-15.0,73.0,13807.0,,GOES-P: EXIS 1.0-8.0,73.0,Southern,Near limb (>60°),7.0
2024-09-05T03:12:00-FLR-001,Solar Flare,2024-09-05 03:12:00,2024-09-05 03:25:00,2024-09-05 03:37:00,2024-09-05,2024,9,Sep,3,M1.1,M,1.1,-12.0,24.0,13806.0,,GOES-P: EXIS 1.0-8.0,24.0,Southern,Near centre (<30°),25.0
2024-09-05T03:37:00-FLR-001,Solar Flare,2024-09-05 03:37:00,2024-09-05 03:44:00,2024-09-05 03:49:00,2024-09-05,2024,9,Sep,3,M1.0,M,1.0,-23.0,-33.0,13813.0,,GOES-P: EXIS 1.0-8.0,33.0,Southern,Mid disk (30-60°),12.0
2024-09-05T08:47:00-FLR-001,Solar Flare,2024-09-05 08:47:00,2024-09-05 08:56:00,2024-09-05 09:01:00,2024-09-05,2024,9,Sep,8,M2.8,M,2.8,-18.0,72.0,13807.0,,GOES-S: EXIS 1.0-8.0,72.0,Southern,Near limb (>60°),14.0
2024-09-05T09:02:00-FLR-001,Solar Flare,2024-09-05 09:02:00,2024-09-05 09:04:00,2024-09-05 09:10:00,2024-09-05,2024,9,Sep,9,M1.4,M,1.4,-15.0,77.0,13807.0,,GOES-S: EXIS 1.0-8.0,77.0,Southern,Near limb (>60°),8.0
2024-09-05T09:26:00-FLR-001,Solar Flare,2024-09-05 09:26:00,2024-09-05 09:42:00,2024-09-05 09:52:00,2024-09-05,2024,9,Sep,9,M1.6,M,1.6,-15.0,77.0,13807.0,,GOES-P: EXIS 1.0-8.0,77.0,Southern,Near limb (>60°),26.0
2024-09-05T13:20:00-FLR-001,Solar Flare,2024-09-05 13:20:00,2024-09-05 13:25:00,2024-09-05 13:35:00,2024-09-05,2024,9,Sep,13,M1.3,M,1.3,-15.0,80.0,13807.0,,GOES-P: EXIS 1.0-8.0,80.0,Southern,Near limb (>60°),15.0
2024-09-07T06:17:00-FLR-001,Solar Flare,2024-09-07 06:17:00,2024-09-07 07:49:00,2024-09-07 09:17:00,2024-09-07,2024,9,Sep,6,M1.6,M,1.6,-30.0,-15.0,13815.0,,GOES-P: EXIS 1.0-8.0,15.0,Southern,Near centre (<30°),180.0
2024-09-08T15:07:00-FLR-001,Solar Flare,2024-09-08 15:07:00,2024-09-08 15:30:00,2024-09-08 15:56:00,2024-09-08,2024,9,Sep,15,M1.5,M,1.5,-15.0,30.0,13811.0,,GOES-P: EXIS 1.0-8.0,30.0,Southern,Near centre (<30°),49.0
2024-09-09T00:57:00-FLR-001,Solar Flare,2024-09-09 00:57:00,2024-09-09 03:32:00,2024-09-09 05:02:00,2024-09-09,2024,9,Sep,0,M1.0,M,1.0,-5.0,89.0,13806.0,,GOES-P: EXIS 1.0-8.0,89.0,Southern,Near limb (>60°),245.0
2024-09-09T05:18:00-FLR-001,Solar Flare,2024-09-09 05:18:00,2024-09-09 05:30:00,2024-09-09 05:39:00,2024-09-09,2024,9,Sep,5,M1.2,M,1.2,-30.0,-3.0,13819.0,,GOES-P: EXIS 1.0-8.0,3.0,Southern,Near centre (<30°),21.0
2024-09-09T05:40:00-FLR-001,Solar Flare,2024-09-09 05:40:00,2024-09-09 05:45:00,2024-09-09 05:58:00,2024-09-09,2024,9,Sep,5,M1.8,M,1.8,-12.0,76.0,13808.0,,GOES-P: EXIS 1.0-8.0,76.0,Southern,Near limb (>60°),18.0
2024-09-09T08:41:00-FLR-001,Solar Flare,2024-09-09 08:41:00,2024-09-09 08:50:00,2024-09-09 09:02:00,2024-09-09,2024,9,Sep,8,M1.5,M,1.5,-12.0,86.0,13806.0,,GOES-P: EXIS 1.0-8.0,86.0,Southern,Near limb (>60°),21.0
2024-09-09T09:18:00-FLR-001,Solar Flare,2024-09-09 09:18:00,2024-09-09 09:27:00,2024-09-09 09:40:00,2024-09-09,2024,9,Sep,9,M1.1,M,1.1,20.0,-30.0,13814.0,,GOES-S: EXIS 1.0-8.0,30.0,Northern,Near centre (<30°),22.0
2024-09-09T09:57:00-FLR-001,Solar Flare,2024-09-09 09:57:00,2024-09-09 10:27:00,2024-09-09 10:48:00,2024-09-09,2024,9,Sep,9,M1.7,M,1.7,-12.0,87.0,13806.0,,GOES-P: EXIS 1.0-8.0,87.0,Southern,Near limb (>60°),51.0
2024-09-09T12:11:00-FLR-001,Solar Flare,2024-09-09 12:11:00,2024-09-09 12:17:00,2024-09-09 12:24:00,2024-09-09,2024,9,Sep,12,M1.0,M,1.0,-14.0,45.0,13811.0,,GOES-P: EXIS 1.0-8.0,45.0,Southern,Mid disk (30-60°),13.0
2024-09-09T12:27:00-HSS-001,High Speed Stream,2024-09-09 12:27:00,,,2024-09-09,2024,9,Sep,12,,,,,,,,"DSCOVR: PLASMAG, ACE: SWEPAM, ACE: MAG",,,,
2024-09-09T16:58:00-FLR-001,Solar Flare,2024-09-09 16:58:00,2024-09-09 17:08:00,2024-09-09 17:16:00,2024-09-09,2024,9,Sep,16,M3.4,M,3.4,15.0,-15.0,13814.0,,GOES-P: EXIS 1.0-8.0,15.0,Northern,Near centre (<30°),18.0
2024-09-09T23:47:00-FLR-001,Solar Flare,2024-09-09 23:47:00,2024-09-10 00:28:00,2024-09-10 01:03:00,2024-09-09,2024,9,Sep,23,M1.2,M,1.2,15.0,-10.0,13814.0,,GOES-P: EXIS 1.0-8.0,10.0,Northern,Near centre (<30°),76.0
2024-09-10T15:34:00-FLR-001,Solar Flare,2024-09-10 15:34:00,2024-09-10 15:47:00,2024-09-10 16:02:00,2024-09-10,2024,9,Sep,15,M1.6,M,1.6,-12.0,90.0,,,GOES-P: EXIS 1.0-8.0,90.0,Southern,Near limb (>60°),28.0
2024-09-10T23:38:00-FLR-001,Solar Flare,2024-09-10 23:38:00,2024-09-10 23:50:00,2024-09-10 23:57:00,2024-09-10,2024,9,Sep,23,M1.0,M,1.0,15.0,2.0,13814.0,,GOES-P: EXIS 1.0-8.0,2.0,Northern,Near centre (<30°),19.0
2024-09-11T12:27:00-FLR-001,Solar Flare,2024-09-11 12:27:00,2024-09-11 12:36:00,2024-09-11 12:47:00,2024-09-11,2024,9,Sep,12,M1.8,M,1.8,15.0,10.0,13814.0,,GOES-P: EXIS 1.0-8.0,10.0,Northern,Near centre (<30°),20.0
2024-09-11T15:09:00-FLR-001,Solar Flare,2024-09-11 15:09:00,2024-09-11 15:18:00,2024-09-11 15:24:00,2024-09-11,2024,9,Sep,15,M1.4,M,1.4,-15.0,80.0,13818.0,,GOES-P: EXIS 1.0-8.0,80.0,Southern,Near limb (>60°),15.0
2024-09-11T15:24:00-FLR-001,Solar Flare,2024-09-11 15:24:00,2024-09-11 15:30:00,2024-09-11 17:16:00,2024-09-11,2024,9,Sep,15,M1.8,M,1.8,-12.0,-90.0,13825.0,,GOES-P: EXIS 1.0-8.0,90.0,Southern,Near limb (>60°),112.0
2024-09-11T17:16:00-FLR-001,Solar Flare,2024-09-11 17:16:00,2024-09-11 17:26:00,2024-09-11 17:32:00,2024-09-11,2024,9,Sep,17,M1.6,M,1.6,-15.0,80.0,13811.0,,GOES-P: EXIS 1.0-8.0,80.0,Southern,Near limb (>60°),16.0
2024-09-11T17:44:00-FLR-001,Solar Flare,2024-09-11 17:44:00,2024-09-11 17:52:00,2024-09-11 18:00:00,2024-09-11,2024,9,Sep,17,M2.0,M,2.0,15.0,12.0,13814.0,,GOES-P: EXIS 1.0-8.0,12.0,Northern,Near centre (<30°),16.0
2024-09-11T23:49:00-FLR-001,Solar Flare,2024-09-11 23:49:00,2024-09-12 00:12:00,2024-09-12 00:32:00,2024-09-11,2024,9,Sep,23,M5.0,M,5.0,-15.0,80.0,13811.0,,GOES-P: EXIS 1.0-8.0,80.0,Southern,Near limb (>60°),43.0
2024-09-12T03:55:00-FLR-001,Solar Flare,2024-09-12 03:55:00,2024-09-12 04:04:00,2024-09-12 04:11:00,2024-09-12,2024,9,Sep,3,M1.0,M,1.0,-15.0,80.0,13811.0,,GOES-P: EXIS 1.0-8.0,80.0,Southern,Near limb (>60°),16.0
2024-09-12T04:26:00-FLR-001,Solar Flare,2024-09-12 04:26:00,2024-09-12 04:32:00,2024-09-12 04:39:00,2024-09-12,2024,9,Sep,4,M1.2,M,1.2,15.0,19.0,13814.0,,GOES-S: EXIS 1.0-8.0,19.0,Northern,Near centre (<30°),13.0
2024-09-12T06:04:00-FLR-001,Solar Flare,2024-09-12 06:04:00,2024-09-12 06:18:00,2024-09-12 06:29:00,2024-09-12,2024,9,Sep,6,M2.7,M,2.7,-15.0,82.0,13811.0,,GOES-P: EXIS 1.0-8.0,82.0,Southern,Near limb (>60°),25.0
2024-09-12T09:00:00-GST-001,Geomagnetic Storm,2024-09-12 09:00:00,,,2024-09-12,2024,9,Sep,9,G0,G,0.0,,,,5.67,,,,,
2024-09-12T09:31:00-FLR-001,Solar Flare,2024-09-12 09:31:00,2024-09-12 09:43:00,2024-09-12 09:51:00,2024-09-12,2024,9,Sep,9,X1.3,X,1.3,-15.0,-80.0,13825.0,,GOES-P: EXIS 1.0-8.0,80.0,Southern,Near limb (>60°),20.0
2024-09-12T13:13:00-FLR-001,Solar Flare,2024-09-12 13:13:00,2024-09-12 13:21:00,2024-09-12 13:32:00,2024-09-12,2024,9,Sep,13,M1.2,M,1.2,-15.0,83.0,13811.0,,GOES-P: EXIS 1.0-8.0,83.0,Southern,Near limb (>60°),19.0
2024-09-12T14:31:00-FLR-001,Solar Flare,2024-09-12 14:31:00,2024-09-12 14:43:00,2024-09-12 14:47:00,2024-09-12,2024,9,Sep,14,M6.8,M,6.8,-15.0,85.0,13811.0,,GOES-P: EXIS 1.0-8.0,85.0,Southern,Near limb (>60°),16.0
2024-09-12T14:56:00-FLR-001,Solar Flare,2024-09-12 14:56:00,2024-09-12 15:06:00,2024-09-12 15:20:00,2024-09-12,2024,9,Sep,14,M1.6,M,1.6,-15.0,-80.0,13825.0,,GOES-P: EXIS 1.0-8.0,80.0,Southern,Near limb (>60°),24.0
2024-09-12T18:46:00-FLR-001,Solar Flare,2024-09-12 18:46:00,2024-09-12 18:59:00,2024-09-12 19:16:00,2024-09-12,2024,9,Sep,18,C9.7,C,9.7,-18.0,-80.0,13825.0,,GOES-P: EXIS 1.0-8.0,80.0,Southern,Near limb (>60°),30.0
2024-09-12T21:36:00-FLR-001,Solar Flare,2024-09-12 21:36:00,2024-09-12 22:27:00,2024-09-12 23:00:00,2024-09-12,2024,9,Sep,21,M2.0,M,2.0,-15.0,-85.0,13825.0,,GOES-P: EXIS 1.0-8.0,85.0,Southern,Near limb (>60°),84.0
2024-09-12T23:57:00-FLR-001,Solar Flare,2024-09-12 23:57:00,2024-09-13 00:00:00,2024-09-13 00:06:00,2024-09-12,2024,9,Sep,23,M1.2,M,1.2,-13.0,91.0,13811.0,,GOES-P: EXIS 1.0-8.0,91.0,Southern,Near limb (>60°),9.0
2024-09-13T00:46:00-FLR-001,Solar Flare,2024-09-13 00:46:00,2024-09-13 00:56:00,2024-09-13 01:05:00,2024-09-13,2024,9,Sep,0,M1.5,M,1.5,-19.0,80.0,13811.0,,GOES-P: EXIS 1.0-8.0,80.0,Southern,Near limb (>60°),19.0
2024-09-13T01:29:00-FLR-001,Solar Flare,2024-09-13 01:29:00,2024-09-13 01:37:00,2024-09-13 01:53:00,2024-09-13,2024,9,Sep,1,M1.6,M,1.6,-13.0,93.0,13811.0,,GOES-P: EXIS 1.0-8.0,93.0,Southern,Near limb (>60°),24.0
2024-09-13T02:33:00-FLR-001,Solar Flare,2024-09-13 02:33:00,2024-09-13 02:39:00,2024-09-13 02:44:00,2024-09-13,2024,9,Sep,2,M1.3,M,1.3,-18.0,80.0,13823.0,,GOES-P: EXIS 1.0-8.0,80.0,Southern,Near limb (>60°),11.0
2024-09-13T04:37:00-FLR-001,Solar Flare,2024-09-13 04:37:00,2024-09-13 04:40:00,2024-09-13 04:46:00,2024-09-13,2024,9,Sep,4,M2.1,M,2.1,-25.0,54.0,13815.0,,GOES-S: EXIS 1.0-8.0,54.0,Southern,Mid disk (30-60°),9.0
2024-09-13T04:58:00-FLR-001,Solar Flare,2024-09-13 04:58:00,2024-09-13 05:00:00,2024-09-13 05:07:00,2024-09-13,2024,9,Sep,4,M2.3,M,2.3,-14.0,90.0,13811.0,,GOES-S: EXIS 1.0-8.0,90.0,Southern,Near limb (>60°),9.0
2024-09-13T06:38:00-FLR-001,Solar Flare,2024-09-13 06:38:00,2024-09-13 06:56:00,2024-09-13 07:03:00,2024-09-13,2024,9,Sep,6,M5.4,M,5.4,-13.0,96.0,13811.0,,GOES-P: EXIS 1.0-8.0,96.0,Southern,Near limb (>60°),25.0
2024-09-13T07:03:00-FLR-001,Solar Flare,2024-09-13 07:03:00,2024-09-13 07:08:00,2024-09-13 07:12:00,2024-09-13,2024,9,Sep,7,M5.2,M,5.2,-13.0,96.0,13811.0,,GOES-P: EXIS 1.0-8.0,96.0,Southern,Near limb (>60°),9.0
2024-09-13T08:14:00-FLR-001,Solar Flare,2024-09-13 08:14:00,2024-09-13 08:37:00,2024-09-13 08:50:00,2024-09-13,2024,9,Sep,8,M2.9,M,2.9,-19.0,84.0,13823.0,,GOES-P: EXIS 1.0-8.0,84.0,Southern,Near limb (>60°),36.0
2024-09-13T14:56:00-FLR-001,Solar Flare,2024-09-13 14:56:00,2024-09-13 15:08:00,2024-09-13 15:33:00,2024-09-13,2024,9,Sep,14,M1.2,M,1.2,-12.0,-90.0,13811.0,,GOES-P: EXIS 1.0-8.0,90.0,Southern,Near limb (>60°),37.0
2024-09-13T17:49:00-FLR-001,Solar Flare,2024-09-13 17:49:00,2024-09-13 17:56:00,2024-09-13 18:03:00,2024-09-13,2024,9,Sep,17,M1.4,M,1.4,-16.0,-63.0,13825.0,,GOES-P: EXIS 1.0-8.0,63.0,Southern,Near limb (>60°),14.0
2024-09-13T20:41:00-FLR-001,Solar Flare,2024-09-13 20:41:00,2024-09-13 20:49:00,2024-09-13 20:55:00,2024-09-13,2024,9,Sep,20,M1.1,M,1.1,-15.0,-65.0,13825.0,,GOES-P: EXIS 1.0-8.0,65.0,Southern,Near limb (>60°),14.0
2024-09-13T21:00:00-GST-001,Geomagnetic Storm,2024-09-13 21:00:00,,,2024-09-13,2024,9,Sep,21,G0,G,0.0,,,,6.0,,,,,
2024-09-14T03:10:00-FLR-001,Solar Flare,2024-09-14 03:10:00,2024-09-14 04:31:00,2024-09-14 07:22:00,2024-09-14,2024,9,Sep,3,M1.0,M,1.0,-21.0,95.0,13823.0,,GOES-S: EXIS 1.0-8.0,95.0,Southern,Near limb (>60°),252.0
2024-09-14T07:26:00-FLR-001,Solar Flare,2024-09-14 07:26:00,2024-09-14 07:41:00,2024-09-14 07:53:00,2024-09-14,2024,9,Sep,7,M3.0,M,3.0,-18.0,-55.0,13825.0,,GOES-P: EXIS 1.0-8.0,55.0,Southern,Mid disk (30-60°),27.0
2024-09-14T15:13:00-FLR-001,Solar Flare,2024-09-14 15:13:00,2024-09-14 15:29:00,2024-09-14 15:47:00,2024-09-14,2024,9,Sep,15,X4.5,X,4.5,-18.0,-55.0,13825.0,,GOES-P: EXIS 1.0-8.0,55.0,Southern,Mid disk (30-60°),34.0
2024-09-14T17:00:00-HSS-001,High Speed Stream,2024-09-14 17:00:00,,,2024-09-14,2024,9,Sep,17,,,,,,,,"ACE: SWEPAM, ACE: MAG, DSCOVR: PLASMAG",,,,
2024-09-16T23:29:00-FLR-001,Solar Flare,2024-09-16 23:29:00,2024-09-16 23:57:00,2024-09-17 00:20:00,2024-09-16,2024,9,Sep,23,C9.6,C,9.6,-15.0,-18.0,13825.0,,GOES-P: EXIS 1.0-8.0,18.0,Southern,Near centre (<30°),51.0
2024-09-17T00:00:00-GST-001,Geomagnetic Storm,2024-09-17 00:00:00,,,2024-09-17,2024,9,Sep,0,G0,G,0.0,,,,7.67,,,,,
2024-09-22T21:12:00-FLR-001,Solar Flare,2024-09-22 21:12:00,2024-09-22 21:39:00,2024-09-22 22:05:00,2024-09-22,2024,9,Sep,21,M3.7,M,3.7,-23.0,-65.0,13835.0,,GOES-P: EXIS 1.0-8.0,65.0,Southern,Near limb (>60°),53.0
2024-09-23T14:23:00-FLR-001,Solar Flare,2024-09-23 14:23:00,2024-09-23 14:56:00,2024-09-23 15:34:00,2024-09-23,2024,9,Sep,14,M1.3,M,1.3,-12.0,-90.0,13836.0,,GOES-P: EXIS 1.0-8.0,90.0,Southern,Near limb (>60°),71.0
2024-09-24T21:50:00-HSS-001,High Speed Stream,2024-09-24 21:50:00,,,2024-09-24,2024,9,Sep,21,,,,,,,,"DSCOVR: PLASMAG, ACE: SWEPAM, ACE: MAG",,,,
2024-09-25T22:57:00-FLR-001,Solar Flare,2024-09-25 22:57:00,2024-09-25 23:12:00,2024-09-25 23:23:00,2024-09-25,2024,9,Sep,22,M1.3,M,1.3,-13.0,45.0,13828.0,,GOES-P: EXIS 1.0-8.0,45.0,Southern,Mid disk (30-60°),26.0
2024-09-26T19:41:00-FLR-001,Solar Flare,2024-09-26 19:41:00,2024-09-26 19:49:00,2024-09-26 19:54:00,2024-09-26,2024,9,Sep,19,C5.0,C,5.0,-12.0,-75.0,13839.0,,GOES-P: EXIS 1.0-8.0,75.0,Southern,Near limb (>60°),13.0
2024-09-26T22:58:00-FLR-001,Solar Flare,2024-09-26 22:58:00,2024-09-26 23:12:00,2024-09-26 23:20:00,2024-09-26,2024,9,Sep,22,M1.4,M,1.4,-16.0,-87.0,13839.0,,GOES-P: EXIS 1.0-8.0,87.0,Southern,Near limb (>60°),22.0
2024-09-29T05:26:00-FLR-001,Solar Flare,2024-09-29 05:26:00,2024-09-29 06:11:00,2024-09-29 06:48:00,2024-09-29,2024,9,Sep,5,C5.0,C,5.0,-25.0,35.0,13834.0,,GOES-P: EXIS 1.0-8.0,35.0,Southern,Mid disk (30-60°),82.0
2024-09-29T12:49:00-FLR-001,Solar Flare,2024-09-29 12:49:00,2024-09-29 12:53:00,2024-09-29 12:58:00,2024-09-29,2024,9,Sep,12,M1.0,M,1.0,-11.0,-25.0,13843.0,,GOES-P: EXIS 1.0-8.0,25.0,Southern,Near centre (<30°),9.0
2024-09-29T14:03:00-HSS-001,High Speed Stream,2024-09-29 14:03:00,,,2024-09-29,2024,9,Sep,14,,,,,,,,"DSCOVR: PLASMAG, ACE: SWEPAM, ACE: MAG",,,,
2024-09-29T14:09:00-FLR-001,Solar Flare,2024-09-29 14:09:00,2024-09-29 14:24:00,2024-09-29 14:31:00,2024-09-29,2024,9,Sep,14,M1.7,M,1.7,-15.0,-51.0,13842.0,,GOES-P: EXIS 1.0-8.0,51.0,Southern,Mid disk (30-60°),22.0
2024-09-29T14:31:00-FLR-001,Solar Flare,2024-09-29 14:31:00,2024-09-29 14:41:00,2024-09-29 14:46:00,2024-09-29,2024,9,Sep,14,M1.7,M,1.7,-15.0,-51.0,13842.0,,GOES-P: EXIS 1.0-8.0,51.0,Southern,Mid disk (30-60°),15.0
2024-09-30T23:37:00-FLR-001,Solar Flare,2024-09-30 23:37:00,2024-09-30 23:59:00,2024-10-01 00:23:00,2024-09-30,2024,9,Sep,23,M7.6,M,7.6,-18.0,-30.0,13842.0,,GOES-P: EXIS 1.0-8.0,30.0,Southern,Near centre (<30°),46.0
2024-10-01T14:41:00-FLR-001,Solar Flare,2024-10-01 14:41:00,2024-10-01 14:52:00,2024-10-01 14:56:00,2024-10-01,2024,10,Oct,14,M1.0,M,1.0,-12.0,10.0,13843.0,,GOES-P: EXIS 1.0-8.0,10.0,Southern,Near centre (<30°),15.0
2024-10-01T18:52:00-FLR-001,Solar Flare,2024-10-01 18:52:00,2024-10-01 19:17:00,2024-10-01 19:37:00,2024-10-01,2024,10,Oct,18,M1.5,M,1.5,-17.0,-18.0,13842.0,,GOES-P: EXIS 1.0-8.0,18.0,Southern,Near centre (<30°),45.0
2024-10-01T20:00:00-HSS-001,High Speed Stream,2024-10-01 20:00:00,,,2024-10-01,2024,10,Oct,20,,,,,,,,"STEREO A: IMPACT, STEREO A: PLASTIC",,,,
2024-10-01T21:58:00-FLR-001,Solar Flare,2024-10-01 21:58:00,2024-10-01 22:20:00,2024-10-01 22:29:00,2024-10-01,2024,10,Oct,21,X7.1,X,7.1,-17.0,-18.0,13842.0,,GOES-P: EXIS 1.0-8.0,18.0,Southern,Near centre (<30°),31.0
2024-10-02T01:43:00-FLR-001,Solar Flare,2024-10-02 01:43:00,2024-10-02 01:52:00,2024-10-02 01:56:00,2024-10-02,2024,10,Oct,1,M1.1,M,1.1,-20.0,-15.0,13842.0,,GOES-P: EXIS 1.0-8.0,15.0,Southern,Near centre (<30°),13.0
2024-10-02T02:31:00-FLR-001,Solar Flare,2024-10-02 02:31:00,2024-10-02 02:39:00,2024-10-02 02:43:00,2024-10-02,2024,10,Oct,2,M1.2,M,1.2,12.0,-7.0,13841.0,,GOES-P: EXIS 1.0-8.0,7.0,Northern,Near centre (<30°),12.0
2024-10-02T05:30:00-FLR-001,Solar Flare,2024-10-02 05:30:00,2024-10-02 05:38:00,2024-10-02 05:46:00,2024-10-02,2024,10,Oct,5,M3.6,M,3.6,-18.0,-12.0,13842.0,,GOES-P: EXIS 1.0-8.0,12.0,Southern,Near centre (<30°),16.0
2024-10-02T06:19:00-FLR-001,Solar Flare,2024-10-02 06:19:00,2024-10-02 06:24:00,2024-10-02 06:28:00,2024-10-02,2024,10,Oct,6,M1.1,M,1.1,10.0,-78.0,13848.0,,GOES-P: EXIS 1.0-8.0,78.0,Northern,Near limb (>60°),9.0
2024-10-02T13:22:00-FLR-001,Solar Flare,2024-10-02 13:22:00,2024-10-02 13:38:00,2024-10-02 13:58:00,2024-10-02,2024,10,Oct,13,M3.2,M,3.2,-18.0,-9.0,13842.0,,GOES-P: EXIS 1.0-8.0,9.0,Southern,Near centre (<30°),36.0
2024-10-02T19:58:00-FLR-001,Solar Flare,2024-10-02 19:58:00,2024-10-02 20:15:00,2024-10-02 20:27:00,2024-10-02,2024,10,Oct,19,M1.4,M,1.4,-19.0,-4.0,13842.0,,GOES-P: EXIS 1.0-8.0,4.0,Southern,Near centre (<30°),29.0
2024-10-02T20:27:00-FLR-001,Solar Flare,2024-10-02 20:27:00,2024-10-02 20:51:00,2024-10-02 21:06:00,2024-10-02,2024,10,Oct,20,M3.3,M,3.3,-15.0,-3.0,13842.0,,GOES-P: EXIS 1.0-8.0,3.0,Southern,Near centre (<30°),39.0
2024-10-03T02:23:00-FLR-001,Solar Flare,2024-10-03 02:23:00,2024-10-03 02:34:00,2024-10-03 02:48:00,2024-10-03,2024,10,Oct,2,M1.1,M,1.1,13.0,9.0,13841.0,,GOES-P: EXIS 1.0-8.0,9.0,Northern,Near centre (<30°),25.0
2024-10-03T03:22:00-FLR-001,Solar Flare,2024-10-03 03:22:00,2024-10-03 03:41:00,2024-10-03 03:59:00,2024-10-03,2024,10,Oct,3,M1.5,M,1.5,-15.0,-4.0,13842.0,,GOES-P: EXIS 1.0-8.0,4.0,Southern,Near centre (<30°),37.0
2024-10-03T08:10:00-FLR-001,Solar Flare,2024-10-03 08:10:00,2024-10-03 08:28:00,2024-10-03 08:30:00,2024-10-03,2024,10,Oct,8,M1.5,M,1.5,-15.0,-1.0,13842.0,,GOES-P: EXIS 1.0-8.0,1.0,Southern,Near centre (<30°),20.0
2024-10-03T08:30:00-FLR-001,Solar Flare,2024-10-03 08:30:00,2024-10-03 08:36:00,2024-10-03 08:41:00,2024-10-03,2024,10,Oct,8,M1.5,M,1.5,-9.0,29.0,13843.0,,GOES-P: EXIS 1.0-8.0,29.0,Southern,Near centre (<30°),11.0
2024-10-03T09:19:00-FLR-001,Solar Flare,2024-10-03 09:19:00,2024-10-03 09:21:00,2024-10-03 09:23:00,2024-10-03,2024,10,Oct,9,M1.1,M,1.1,13.0,13.0,13841.0,,GOES-P: EXIS 1.0-8.0,13.0,Northern,Near centre (<30°),4.0
2024-10-03T12:00:00-FLR-001,Solar Flare,2024-10-03 12:00:00,2024-10-03 12:03:00,2024-10-03 12:05:00,2024-10-03,2024,10,Oct,12,M1.0,M,1.0,-15.0,22.0,13844.0,,GOES-P: EXIS 1.0-8.0,22.0,Southern,Near centre (<30°),5.0
2024-10-03T12:08:00-FLR-001,Solar Flare,2024-10-03 12:08:00,2024-10-03 12:18:00,2024-10-03 12:27:00,2024-10-03,2024,10,Oct,12,X9.0,X,9.0,-15.0,5.0,13842.0,,GOES-P: EXIS 1.0-8.0,5.0,Southern,Near centre (<30°),19.0
2024-10-03T17:18:00-FLR-001,Solar Flare,2024-10-03 17:18:00,2024-10-03 17:21:00,2024-10-03 17:27:00,2024-10-03,2024,10,Oct,17,M1.5,M,1.5,-15.0,27.0,13844.0,,GOES-P: EXIS 1.0-8.0,27.0,Southern,Near centre (<30°),9.0
2024-10-03T19:18:00-FLR-001,Solar Flare,2024-10-03 19:18:00,2024-10-03 19:21:00,2024-10-03 19:24:00,2024-10-03,2024,10,Oct,19,M1.1,M,1.1,-15.0,27.0,13844.0,,GOES-P: EXIS 1.0-8.0,27.0,Southern,Near centre (<30°),6.0
2024-10-03T20:09:00-FLR-001,Solar Flare,2024-10-03 20:09:00,2024-10-03 20:28:00,2024-10-03 20:40:00,2024-10-03,2024,10,Oct,20,M6.7,M,6.7,-10.0,47.0,13843.0,,GOES-P: EXIS 1.0-8.0,47.0,Southern,Mid disk (30-60°),31.0
2024-10-03T21:39:00-FLR-001,Solar Flare,2024-10-03 21:39:00,2024-10-03 21:41:00,2024-10-03 21:48:00,2024-10-03,2024,10,Oct,21,M2.3,M,2.3,-15.0,28.0,13844.0,,GOES-P: EXIS 1.0-8.0,28.0,Southern,Near centre (<30°),9.0
2024-10-03T23:26:00-FLR-001,Solar Flare,2024-10-03 23:26:00,2024-10-03 23:28:00,2024-10-03 23:30:00,2024-10-03,2024,10,Oct,23,M1.1,M,1.1,-10.0,1.0,13842.0,,GOES-P: EXIS 1.0-8.0,1.0,Southern,Near centre (<30°),4.0
2024-10-04T00:09:00-FLR-001,Solar Flare,2024-10-04 00:09:00,2024-10-04 00:17:00,2024-10-04 00:25:00,2024-10-04,2024,10,Oct,0,M1.2,M,1.2,13.0,22.0,13841.0,,GOES-P: EXIS 1.0-8.0,22.0,Northern,Near centre (<30°),16.0
2024-10-04T04:36:00-FLR-001,Solar Flare,2024-10-04 04:36:00,2024-10-04 04:55:00,2024-10-04 05:07:00,2024-10-04,2024,10,Oct,4,M4.0,M,4.0,-16.0,17.0,13842.0,,GOES-S: EXIS 1.0-8.0,17.0,Southern,Near centre (<30°),31.0
2024-10-04T05:30:00-FLR-001,Solar Flare,2024-10-04 05:30:00,2024-10-04 05:34:00,2024-10-04 05:41:00,2024-10-04,2024,10,Oct,5,M1.1,M,1.1,17.0,-49.0,13848.0,,GOES-P: EXIS 1.0-8.0,49.0,Northern,Mid disk (30-60°),11.0
2024-10-04T10:58:00-FLR-001,Solar Flare,2024-10-04 10:58:00,2024-10-04 11:03:00,2024-10-04 11:16:00,2024-10-04,2024,10,Oct,10,M1.2,M,1.2,-12.0,67.0,13836.0,,GOES-P: EXIS 1.0-8.0,67.0,Southern,Near limb (>60°),18.0
2024-10-04T20:55:00-FLR-001,Solar Flare,2024-10-04 20:55:00,2024-10-04 21:04:00,2024-10-04 21:13:00,2024-10-04,2024,10,Oct,20,M1.1,M,1.1,-15.0,42.0,13844.0,,GOES-P: EXIS 1.0-8.0,42.0,Southern,Mid disk (30-60°),18.0
2024-10-04T22:04:00-FLR-001,Solar Flare,2024-10-04 22:04:00,2024-10-04 22:11:00,2024-10-04 22:18:00,2024-10-04,2024,10,Oct,22,M1.2,M,1.2,17.0,86.0,13845.0,,GOES-P: EXIS 1.0-8.0,86.0,Northern,Near limb (>60°),14.0
2024-10-05T00:07:00-FLR-001,Solar Flare,2024-10-05 00:07:00,2024-10-05 00:12:00,2024-10-05 00:19:00,2024-10-05,2024,10,Oct,0,M1.0,M,1.0,-15.0,21.0,13842.0,,GOES-P: EXIS 1.0-8.0,21.0,Southern,Near centre (<30°),12.0
2024-10-05T08:18:00-FLR-001,Solar Flare,2024-10-05 08:18:00,2024-10-05 08:27:00,2024-10-05 08:37:00,2024-10-05,2024,10,Oct,8,M1.4,M,1.4,-16.0,29.0,13842.0,,GOES-P: EXIS 1.0-8.0,29.0,Southern,Near centre (<30°),19.0
2024-10-05T08:37:00-FLR-001,Solar Flare,2024-10-05 08:37:00,2024-10-05 08:44:00,2024-10-05 08:50:00,2024-10-05,2024,10,Oct,8,M1.6,M,1.6,-16.0,25.0,13842.0,,GOES-P: EXIS 1.0-8.0,25.0,Southern,Near centre (<30°),13.0
2024-10-05T20:33:00-FLR-001,Solar Flare,2024-10-05 20:33:00,2024-10-05 20:40:00,2024-10-05 20:46:00,2024-10-05,2024,10,Oct,20,M1.1,M,1.1,-20.0,40.0,13842.0,,GOES-P: EXIS 1.0-8.0,40.0,Southern,Mid disk (30-60°),13.0
2024-10-05T23:10:00-FLR-001,Solar Flare,2024-10-05 23:10:00,2024-10-05 23:20:00,2024-10-05 23:28:00,2024-10-05,2024,10,Oct,23,M2.4,M,2.4,-16.0,37.0,13842.0,,GOES-P: EXIS 1.0-8.0,37.0,Southern,Mid disk (30-60°),18.0
2024-10-06T00:09:00-FLR-001,Solar Flare,2024-10-06 00:09:00,2024-10-06 00:18:00,2024-10-06 00:29:00,2024-10-06,2024,10,Oct,0,M1.0,M,1.0,-23.0,35.0,13842.0,,GOES-P: EXIS 1.0-8.0,35.0,Southern,Mid disk (30-60°),20.0
2024-10-06T01:30:00-FLR-001,Solar Flare,2024-10-06 01:30:00,2024-10-06 01:47:00,2024-10-06 02:04:00,2024-10-06,2024,10,Oct,1,M1.0,M,1.0,-15.0,58.0,13844.0,,GOES-P: EXIS 1.0-8.0,58.0,Southern,Mid disk (30-60°),34.0
2024-10-06T15:14:00-FLR-001,Solar Flare,2024-10-06 15:14:00,2024-10-06 15:21:00,2024-10-06 15:25:00,2024-10-06,2024,10,Oct,15,M1.3,M,1.3,-15.0,65.0,13844.0,,GOES-P: EXIS 1.0-8.0,65.0,Southern,Near limb (>60°),11.0
2024-10-06T16:41:00-FLR-001,Solar Flare,2024-10-06 16:41:00,2024-10-06 16:45:00,2024-10-06 16:51:00,2024-10-06,2024,10,Oct,16,M1.0,M,1.0,-14.0,44.0,13842.0,,GOES-P: EXIS 1.0-8.0,44.0,Southern,Mid disk (30-60°),10.0
2024-10-06T18:52:00-FLR-001,Solar Flare,2024-10-06 18:52:00,2024-10-06 18:59:00,2024-10-06 19:04:00,2024-10-06,2024,10,Oct,18,M1.4,M,1.4,-17.0,50.0,13842.0,,GOES-P: EXIS 1.0-8.0,50.0,Southern,Mid disk (30-60°),12.0
2024-10-06T20:52:00-FLR-001,Solar Flare,2024-10-06 20:52:00,2024-10-06 21:19:00,2024-10-06 21:47:00,2024-10-06,2024,10,Oct,20,M1.5,M,1.5,-14.0,57.0,13842.0,,GOES-P: EXIS 1.0-8.0,57.0,Southern,Mid disk (30-60°),55.0
2024-10-07T12:00:00-GST-001,Geomagnetic Storm,2024-10-07 12:00:00,,,2024-10-07,2024,10,Oct,12,G0,G,0.0,,,,6.33,,,,,
2024-10-07T18:03:00-FLR-001,Solar Flare,2024-10-07 18:03:00,2024-10-07 18:38:00,2024-10-07 19:02:00,2024-10-07,2024,10,Oct,18,M1.3,M,1.3,-16.0,82.0,13844.0,,GOES-P: EXIS 1.0-8.0,82.0,Southern,Near limb (>60°),59.0
2024-10-07T19:02:00-FLR-001,Solar Flare,2024-10-07 19:02:00,2024-10-07 19:13:00,2024-10-07 19:31:00,2024-10-07,2024,10,Oct,19,X2.1,X,2.1,-16.0,61.0,13842.0,,GOES-P: EXIS 1.0-8.0,61.0,Southern,Near limb (>60°),29.0
2024-10-07T19:31:00-FLR-001,Solar Flare,2024-10-07 19:31:00,2024-10-07 20:59:00,2024-10-07 21:33:00,2024-10-07,2024,10,Oct,19,X1.0,X,1.0,-16.0,60.0,13842.0,,GOES-P: EXIS 1.0-8.0,60.0,Southern,Mid disk (30-60°),122.0
2024-10-08T01:01:00-FLR-001,Solar Flare,2024-10-08 01:01:00,2024-10-08 01:03:00,2024-10-08 01:05:00,2024-10-08,2024,10,Oct,1,M1.8,M,1.8,-9.0,-30.0,13849.0,,GOES-P: EXIS 1.0-8.0,30.0,Southern,Near centre (<30°),4.0
2024-10-08T08:43:00-FLR-001,Solar Flare,2024-10-08 08:43:00,2024-10-08 08:51:00,2024-10-08 08:57:00,2024-10-08,2024,10,Oct,8,M1.2,M,1.2,-13.0,66.0,13842.0,,GOES-P: EXIS 1.0-8.0,66.0,Southern,Near limb (>60°),14.0
2024-10-09T01:25:00-FLR-001,Solar Flare,2024-10-09 01:25:00,2024-10-09 01:56:00,2024-10-09 02:43:00,2024-10-09,2024,10,Oct,1,X1.8,X,1.8,13.0,8.0,13848.0,,GOES-P: EXIS 1.0-8.0,8.0,Northern,Near centre (<30°),78.0
2024-10-09T05:41:00-FLR-001,Solar Flare,2024-10-09 05:41:00,2024-10-09 05:46:00,2024-10-09 06:02:00,2024-10-09,2024,10,Oct,5,M1.6,M,1.6,-8.0,-9.0,13849.0,,GOES-P: EXIS 1.0-8.0,9.0,Southern,Near centre (<30°),21.0
2024-10-09T15:44:00-FLR-001,Solar Flare,2024-10-09 15:44:00,2024-10-09 15:47:00,2024-10-09 15:53:00,2024-10-09,2024,10,Oct,15,X1.4,X,1.4,-11.0,85.0,13842.0,,GOES-P: EXIS 1.0-8.0,85.0,Southern,Near limb (>60°),9.0
2024-10-09T22:59:00-FLR-001,Solar Flare,2024-10-09 22:59:00,2024-10-09 23:12:00,2024-10-09 23:21:00,2024-10-09,2024,10,Oct,22,M7.7,M,7.7,-16.0,90.0,13842.0,,GOES-P: EXIS 1.0-8.0,90.0,Southern,Near limb (>60°),22.0
2024-10-10T11:47:00-FLR-001,Solar Flare,2024-10-10 11:47:00,2024-10-10 12:01:00,2024-10-10 12:10:00,2024-10-10,2024,10,Oct,11,M1.3,M,1.3,-11.0,90.0,13842.0,,GOES-P: EXIS 1.0-8.0,90.0,Southern,Near limb (>60°),23.0
2024-10-10T12:10:00-FLR-001,Solar Flare,2024-10-10 12:10:00,2024-10-10 12:19:00,2024-10-10 12:22:00,2024-10-10,2024,10,Oct,12,M1.1,M,1.1,-13.0,-33.0,13852.0,,GOES-P: EXIS 1.0-8.0,33.0,Southern,Mid disk (30-60°),12.0
2024-10-10T12:22:00-FLR-001,Solar Flare,2024-10-10 12:22:00,2024-10-10 12:25:00,2024-10-10 12:28:00,2024-10-10,2024,10,Oct,12,M1.2,M,1.2,-13.0,-33.0,13852.0,,GOES-P: EXIS 1.0-8.0,33.0,Southern,Mid disk (30-60°),6.0
2024-10-10T15:00:00-GST-001,Geomagnetic Storm,2024-10-10 15:00:00,,,2024-10-10,2024,10,Oct,15,G0,G,0.0,,,,7.67,,,,,
2024-10-10T16:51:00-FLR-001,Solar Flare,2024-10-10 16:51:00,2024-10-10 17:00:00,2024-10-10 17:12:00,2024-10-10,2024,10,Oct,16,M1.0,M,1.0,-8.0,90.0,13842.0,,GOES-P: EXIS 1.0-8.0,90.0,Southern,Near limb (>60°),21.0
2024-10-10T21:54:00-FLR-001,Solar Flare,2024-10-10 21:54:00,2024-10-10 22:30:00,2024-10-10 23:10:00,2024-10-10,2024,10,Oct,21,M3.0,M,3.0,-15.0,99.0,13842.0,,GOES-P: EXIS 1.0-8.0,99.0,Southern,Near limb (>60°),76.0
2024-10-11T15:48:00-FLR-001,Solar Flare,2024-10-11 15:48:00,2024-10-11 16:04:00,2024-10-11 16:07:00,2024-10-11,2024,10,Oct,15,M1.4,M,1.4,-8.0,-23.0,13852.0,,GOES-P: EXIS 1.0-8.0,23.0,Southern,Near centre (<30°),19.0
2024-10-11T16:07:00-FLR-001,Solar Flare,2024-10-11 16:07:00,2024-10-11 16:33:00,2024-10-11 16:46:00,2024-10-11,2024,10,Oct,16,M2.1,M,2.1,-9.0,-23.0,13852.0,,GOES-P: EXIS 1.0-8.0,23.0,Southern,Near centre (<30°),39.0
2024-10-11T22:50:00-FLR-001,Solar Flare,2024-10-11 22:50:00,2024-10-11 23:25:00,2024-10-11 23:34:00,2024-10-11,2024,10,Oct,22,M1.0,M,1.0,-13.0,90.0,13842.0,,GOES-P: EXIS 1.0-8.0,90.0,Southern,Near limb (>60°),44.0
2024-10-14T00:04:00-FLR-001,Solar Flare,2024-10-14 00:04:00,2024-10-14 00:17:00,2024-10-14 00:31:00,2024-10-14,2024,10,Oct,0,M3.4,M,3.4,17.0,78.0,13848.0,,GOES-P: EXIS 1.0-8.0,78.0,Northern,Near limb (>60°),27.0
2024-10-14T13:22:00-FLR-001,Solar Flare,2024-10-14 13:22:00,2024-10-14 13:37:00,2024-10-14 13:50:00,2024-10-14,2024,10,Oct,13,M1.8,M,1.8,17.0,86.0,13848.0,,GOES-P: EXIS 1.0-8.0,86.0,Northern,Near limb (>60°),28.0
2024-10-15T02:02:00-FLR-001,Solar Flare,2024-10-15 02:02:00,2024-10-15 02:13:00,2024-10-15 02:23:00,2024-10-15,2024,10,Oct,2,M1.9,M,1.9,-7.0,25.0,13852.0,,GOES-P: EXIS 1.0-8.0,25.0,Southern,Near centre (<30°),21.0
2024-10-15T02:23:00-FLR-001,Solar Flare,2024-10-15 02:23:00,2024-10-15 02:27:00,2024-10-15 02:31:00,2024-10-15,2024,10,Oct,2,M1.1,M,1.1,-9.0,25.0,13852.0,,GOES-P: EXIS 1.0-8.0,25.0,Southern,Near centre (<30°),8.0
2024-10-15T10:00:00-FLR-001,Solar Flare,2024-10-15 10:00:00,2024-10-15 10:06:00,2024-10-15 10:10:00,2024-10-15,2024,10,Oct,10,M1.3,M,1.3,-9.0,30.0,13852.0,,GOES-P: EXIS 1.0-8.0,30.0,Southern,Near centre (<30°),10.0
2024-10-15T18:00:00-FLR-001,Solar Flare,2024-10-15 18:00:00,2024-10-15 18:18:00,2024-10-15 18:28:00,2024-10-15,2024,10,Oct,18,M1.7,M,1.7,19.0,90.0,13848.0,,GOES-P: EXIS 1.0-8.0,90.0,Northern,Near limb (>60°),28.0
2024-10-15T18:28:00-FLR-001,Solar Flare,2024-10-15 18:28:00,2024-10-15 18:33:00,2024-10-15 18:38:00,2024-10-15,2024,10,Oct,18,M2.1,M,2.1,-5.0,35.0,13854.0,,GOES-P: EXIS 1.0-8.0,35.0,Southern,Mid disk (30-60°),10.0
2024-10-16T03:12:00-FLR-001,Solar Flare,2024-10-16 03:12:00,2024-10-16 03:19:00,2024-10-16 03:21:00,2024-10-16,2024,10,Oct,3,M3.0,M,3.0,-5.0,38.0,13854.0,,GOES-P: EXIS 1.0-8.0,38.0,Southern,Mid disk (30-60°),9.0
2024-10-16T03:21:00-FLR-001,Solar Flare,2024-10-16 03:21:00,2024-10-16 03:23:00,2024-10-16 03:26:00,2024-10-16,2024,10,Oct,3,M3.7,M,3.7,-8.0,38.0,13852.0,,GOES-P: EXIS 1.0-8.0,38.0,Southern,Mid disk (30-60°),5.0
2024-10-16T03:28:00-FLR-001,Solar Flare,2024-10-16 03:28:00,2024-10-16 03:31:00,2024-10-16 03:35:00,2024-10-16,2024,10,Oct,3,M2.2,M,2.2,-10.0,40.0,13852.0,,GOES-P: EXIS 1.0-8.0,40.0,Southern,Mid disk (30-60°),7.0
2024-10-16T03:38:00-FLR-001,Solar Flare,2024-10-16 03:38:00,2024-10-16 03:46:00,2024-10-16 03:59:00,2024-10-16,2024,10,Oct,3,M3.7,M,3.7,-6.0,37.0,13854.0,,GOES-P: EXIS 1.0-8.0,37.0,Southern,Mid disk (30-60°),21.0
2024-10-16T04:57:00-FLR-001,Solar Flare,2024-10-16 04:57:00,2024-10-16 05:15:00,2024-10-16 05:29:00,2024-10-16,2024,10,Oct,4,M2.8,M,2.8,-8.0,37.0,13852.0,,GOES-P: EXIS 1.0-8.0,37.0,Southern,Mid disk (30-60°),32.0
2024-10-16T06:53:00-HSS-001,High Speed Stream,2024-10-16 06:53:00,,,2024-10-16,2024,10,Oct,6,,,,,,,,"DSCOVR: PLASMAG, ACE: SWEPAM, ACE: MAG",,,,
2024-10-16T13:12:00-FLR-001,Solar Flare,2024-10-16 13:12:00,2024-10-16 13:27:00,2024-10-16 13:38:00,2024-10-16,2024,10,Oct,13,M1.5,M,1.5,-10.0,45.0,13852.0,,GOES-P: EXIS 1.0-8.0,45.0,Southern,Mid disk (30-60°),26.0
2024-10-16T14:29:00-FLR-001,Solar Flare,2024-10-16 14:29:00,2024-10-16 14:42:00,2024-10-16 14:51:00,2024-10-16,2024,10,Oct,14,M1.3,M,1.3,-9.0,44.0,13852.0,,GOES-P: EXIS 1.0-8.0,44.0,Southern,Mid disk (30-60°),22.0
2024-10-16T14:51:00-FLR-001,Solar Flare,2024-10-16 14:51:00,2024-10-16 15:00:00,2024-10-16 15:04:00,2024-10-16,2024,10,Oct,14,M1.3,M,1.3,-7.0,43.0,13852.0,,GOES-P: EXIS 1.0-8.0,43.0,Southern,Mid disk (30-60°),13.0
2024-10-17T02:12:00-FLR-001,Solar Flare,2024-10-17 02:12:00,2024-10-17 02:22:00,2024-10-17 02:38:00,2024-10-17,2024,10,Oct,2,M1.0,M,1.0,10.0,9.0,13856.0,,GOES-P: EXIS 1.0-8.0,9.0,Northern,Near centre (<30°),26.0
2024-10-17T04:53:00-FLR-001,Solar Flare,2024-10-17 04:53:00,2024-10-17 05:05:00,2024-10-17 05:13:00,2024-10-17,2024,10,Oct,4,M2.4,M,2.4,-4.0,55.0,13854.0,,GOES-P: EXIS 1.0-8.0,55.0,Southern,Mid disk (30-60°),20.0
2024-10-18T17:28:00-FLR-001,Solar Flare,2024-10-18 17:28:00,2024-10-18 17:36:00,2024-10-18 17:41:00,2024-10-18,2024,10,Oct,17,M1.1,M,1.1,-3.0,76.0,13854.0,,GOES-P: EXIS 1.0-8.0,76.0,Southern,Near limb (>60°),13.0
2024-10-18T19:27:00-FLR-001,Solar Flare,2024-10-18 19:27:00,2024-10-18 19:38:00,2024-10-18 19:43:00,2024-10-18,2024,10,Oct,19,M4.8,M,4.8,-4.0,80.0,13854.0,,GOES-P: EXIS 1.0-8.0,80.0,Southern,Near limb (>60°),16.0
2024-10-18T23:13:00-FLR-001,Solar Flare,2024-10-18 23:13:00,2024-10-18 23:28:00,2024-10-18 23:38:00,2024-10-18,2024,10,Oct,23,M4.7,M,4.7,-4.0,80.0,13854.0,,GOES-P: EXIS 1.0-8.0,80.0,Southern,Near limb (>60°),25.0
2024-10-19T06:48:00-FLR-001,Solar Flare,2024-10-19 06:48:00,2024-10-19 06:56:00,2024-10-19 07:03:00,2024-10-19,2024,10,Oct,6,M6.5,M,6.5,-3.0,82.0,13854.0,,GOES-P: EXIS 1.0-8.0,82.0,Southern,Near limb (>60°),15.0
2024-10-19T14:27:00-FLR-001,Solar Flare,2024-10-19 14:27:00,2024-10-19 14:34:00,2024-10-19 14:40:00,2024-10-19,2024,10,Oct,14,M1.7,M,1.7,-4.0,85.0,13854.0,,GOES-P: EXIS 1.0-8.0,85.0,Southern,Near limb (>60°),13.0
2024-10-21T09:01:00-FLR-001,Solar Flare,2024-10-21 09:01:00,2024-10-21 10:00:00,2024-10-21 11:12:00,2024-10-21,2024,10,Oct,9,C6.2,C,6.2,-20.0,-90.0,,,GOES-P: EXIS 1.0-8.0,90.0,Southern,Near limb (>60°),131.0
2024-10-22T19:25:00-HSS-001,High Speed Stream,2024-10-22 19:25:00,,,2024-10-22,2024,10,Oct,19,,,,,,,,"ACE: SWEPAM, ACE: MAG, DSCOVR: PLASMAG",,,,
2024-10-24T03:30:00-FLR-001,Solar Flare,2024-10-24 03:30:00,2024-10-24 03:57:00,2024-10-24 04:28:00,2024-10-24,2024,10,Oct,3,X3.3,X,3.3,-17.0,-68.0,13869.0,,GOES-P: EXIS 1.0-8.0,68.0,Southern,Near limb (>60°),58.0
2024-10-24T10:22:00-FLR-001,Solar Flare,2024-10-24 10:22:00,2024-10-24 10:29:00,2024-10-24 10:34:00,2024-10-24,2024,10,Oct,10,M1.2,M,1.2,-17.0,-90.0,13869.0,,GOES-P: EXIS 1.0-8.0,90.0,Southern,Near limb (>60°),12.0
2024-10-25T07:23:00-FLR-001,Solar Flare,2024-10-25 07:23:00,2024-10-25 07:33:00,2024-10-25 07:38:00,2024-10-25,2024,10,Oct,7,M1.1,M,1.1,-10.0,-72.0,13873.0,,GOES-P: EXIS 1.0-8.0,72.0,Southern,Near limb (>60°),15.0
2024-10-26T05:57:00-FLR-001,Solar Flare,2024-10-26 05:57:00,2024-10-26 06:23:00,2024-10-26 06:32:00,2024-10-26,2024,10,Oct,5,M9.5,M,9.5,-14.0,-56.0,13873.0,,GOES-P: EXIS 1.0-8.0,56.0,Southern,Mid disk (30-60°),35.0
2024-10-26T06:32:00-FLR-001,Solar Flare,2024-10-26 06:32:00,2024-10-26 07:19:00,2024-10-26 07:56:00,2024-10-26,2024,10,Oct,6,X1.8,X,1.8,-16.0,-60.0,13873.0,,GOES-P: EXIS 1.0-8.0,60.0,Southern,Mid disk (30-60°),84.0
2024-10-26T11:36:00-FLR-001,Solar Flare,2024-10-26 11:36:00,2024-10-26 11:50:00,2024-10-26 11:57:00,2024-10-26,2024,10,Oct,11,M2.2,M,2.2,18.0,-90.0,13878.0,,GOES-P: EXIS 1.0-8.0,90.0,Northern,Near limb (>60°),21.0
2024-10-26T11:58:00-FLR-001,Solar Flare,2024-10-26 11:58:00,2024-10-26 12:05:00,2024-10-26 12:13:00,2024-10-26,2024,10,Oct,11,M2.8,M,2.8,17.0,-90.0,13878.0,,GOES-P: EXIS 1.0-8.0,90.0,Northern,Near limb (>60°),15.0
2024-10-26T13:00:00-HSS-001,High Speed Stream,2024-10-26 13:00:00,,,2024-10-26,2024,10,Oct,13,,,,,,,,"DSCOVR: PLASMAG, ACE: SWEPAM, ACE: MAG",,,,
2024-10-26T14:04:00-FLR-001,Solar Flare,2024-10-26 14:04:00,2024-10-26 14:16:00,2024-10-26 14:30:00,2024-10-26,2024,10,Oct,14,M1.6,M,1.6,17.0,-90.0,13878.0,,GOES-P: EXIS 1.0-8.0,90.0,Northern,Near limb (>60°),26.0
2024-10-27T23:05:00-FLR-001,Solar Flare,2024-10-27 23:05:00,2024-10-27 23:24:00,2024-10-27 23:44:00,2024-10-27,2024,10,Oct,23,M2.8,M,2.8,14.0,-78.0,13878.0,,GOES-P: EXIS 1.0-8.0,78.0,Northern,Near limb (>60°),39.0
2024-10-28T03:59:00-FLR-001,Solar Flare,2024-10-28 03:59:00,2024-10-28 04:09:00,2024-10-28 04:16:00,2024-10-28,2024,10,Oct,3,M1.3,M,1.3,18.0,-75.0,13878.0,,GOES-P: EXIS 1.0-8.0,75.0,Northern,Near limb (>60°),17.0
2024-10-28T14:41:00-FLR-001,Solar Flare,2024-10-28 14:41:00,2024-10-28 14:44:00,2024-10-28 14:48:00,2024-10-28,2024,10,Oct,14,M1.2,M,1.2,-16.0,-11.0,13869.0,,GOES-P: EXIS 1.0-8.0,11.0,Southern,Near centre (<30°),7.0
2024-10-28T16:13:00-FLR-001,Solar Flare,2024-10-28 16:13:00,2024-10-28 16:28:00,2024-10-28 16:44:00,2024-10-28,2024,10,Oct,16,M4.2,M,4.2,15.0,-65.0,13878.0,,GOES-P: EXIS 1.0-8.0,65.0,Northern,Near limb (>60°),31.0
2024-10-29T16:21:00-FLR-001,Solar Flare,2024-10-29 16:21:00,2024-10-29 16:33:00,2024-10-29 16:41:00,2024-10-29,2024,10,Oct,16,M1.1,M,1.1,-12.0,-10.0,13873.0,,GOES-P: EXIS 1.0-8.0,10.0,Southern,Near centre (<30°),20.0
2024-10-30T20:29:00-FLR-001,Solar Flare,2024-10-30 20:29:00,2024-10-30 20:53:00,2024-10-30 21:14:00,2024-10-30,2024,10,Oct,20,M7.2,M,7.2,16.0,-40.0,13878.0,,GOES-P: EXIS 1.0-8.0,40.0,Northern,Mid disk (30-60°),45.0
2024-10-31T02:16:00-FLR-001,Solar Flare,2024-10-31 02:16:00,2024-10-31 02:52:00,2024-10-31 03:23:00,2024-10-31,2024,10,Oct,2,M1.0,M,1.0,15.0,-35.0,13878.0,,GOES-P: EXIS 1.0-8.0,35.0,Northern,Mid disk (30-60°),67.0
2024-10-31T03:23:00-FLR-001,Solar Flare,2024-10-31 03:23:00,2024-10-31 03:30:00,2024-10-31 03:37:00,2024-10-31,2024,10,Oct,3,M1.0,M,1.0,16.0,-40.0,13878.0,,GOES-P: EXIS 1.0-8.0,40.0,Northern,Mid disk (30-60°),14.0
2024-10-31T09:22:00-FLR-001,Solar Flare,2024-10-31 09:22:00,2024-10-31 09:37:00,2024-10-31 09:56:00,2024-10-31,2024,10,Oct,9,M1.3,M,1.3,16.0,-36.0,13878.0,,GOES-P: EXIS 1.0-8.0,36.0,Northern,Mid disk (30-60°),34.0
2024-10-31T12:41:00-FLR-001,Solar Flare,2024-10-31 12:41:00,2024-10-31 12:54:00,2024-10-31 13:03:00,2024-10-31,2024,10,Oct,12,M2.4,M,2.4,26.0,35.0,13875.0,,GOES-P: EXIS 1.0-8.0,35.0,Northern,Mid disk (30-60°),22.0
2024-10-31T13:46:00-FLR-001,Solar Flare,2024-10-31 13:46:00,2024-10-31 13:59:00,2024-10-31 14:11:00,2024-10-31,2024,10,Oct,13,M1.2,M,1.2,-9.0,40.0,13876.0,,GOES-P: EXIS 1.0-8.0,40.0,Southern,Mid disk (30-60°),25.0
2024-10-31T18:57:00-FLR-001,Solar Flare,2024-10-31 18:57:00,2024-10-31 19:07:00,2024-10-31 19:18:00,2024-10-31,2024,10,Oct,18,M1.0,M,1.0,-11.0,43.0,13876.0,,GOES-P: EXIS 1.0-8.0,43.0,Southern,Mid disk (30-60°),21.0
2024-10-31T21:03:00-FLR-001,Solar Flare,2024-10-31 21:03:00,2024-10-31 21:10:00,2024-10-31 21:12:00,2024-10-31,2024,10,Oct,21,M4.6,M,4.6,16.0,-28.0,13878.0,,GOES-P: EXIS 1.0-8.0,28.0,Northern,Near centre (<30°),9.0
2024-10-31T21:12:00-FLR-001,Solar Flare,2024-10-31 21:12:00,2024-10-31 21:20:00,2024-10-31 21:27:00,2024-10-31,2024,10,Oct,21,X2.0,X,2.0,16.0,-28.0,13878.0,,GOES-P: EXIS 1.0-8.0,28.0,Northern,Near centre (<30°),15.0
2024-10-31T21:43:00-FLR-001,Solar Flare,2024-10-31 21:43:00,2024-10-31 21:54:00,2024-10-31 22:40:00,2024-10-31,2024,10,Oct,21,M9.4,M,9.4,16.0,-28.0,13878.0,,GOES-P: EXIS 1.0-8.0,28.0,Northern,Near centre (<30°),57.0
2024-10-31T22:41:00-FLR-001,Solar Flare,2024-10-31 22:41:00,2024-10-31 22:49:00,2024-10-31 22:55:00,2024-10-31,2024,10,Oct,22,M2.7,M,2.7,-10.0,48.0,13876.0,,GOES-P: EXIS 1.0-8.0,48.0,Southern,Mid disk (30-60°),14.0
2024-11-01T02:05:00-FLR-001,Solar Flare,2024-11-01 02:05:00,2024-11-01 02:16:00,2024-11-01 02:20:00,2024-11-01,2024,11,Nov,2,M1.3,M,1.3,17.0,-27.0,13878.0,,GOES-P: EXIS 1.0-8.0,27.0,Northern,Near centre (<30°),15.0
2024-11-01T09:46:00-FLR-001,Solar Flare,2024-11-01 09:46:00,2024-11-01 10:14:00,2024-11-01 11:08:00,2024-11-01,2024,11,Nov,9,M1.0,M,1.0,-10.0,50.0,13876.0,,GOES-P: EXIS 1.0-8.0,50.0,Southern,Mid disk (30-60°),82.0
2024-11-01T12:39:00-FLR-001,Solar Flare,2024-11-01 12:39:00,2024-11-01 12:52:00,2024-11-01 13:00:00,2024-11-01,2024,11,Nov,12,M1.3,M,1.3,-10.0,55.0,13876.0,,GOES-P: EXIS 1.0-8.0,55.0,Southern,Mid disk (30-60°),21.0
2024-11-01T14:18:00-FLR-001,Solar Flare,2024-11-01 14:18:00,2024-11-01 14:31:00,2024-11-01 14:42:00,2024-11-01,2024,11,Nov,14,M2.0,M,2.0,16.0,-15.0,13878.0,,GOES-P: EXIS 1.0-8.0,15.0,Northern,Near centre (<30°),24.0
2024-11-02T07:27:00-FLR-001,Solar Flare,2024-11-02 07:27:00,2024-11-02 07:38:00,2024-11-02 07:53:00,2024-11-02,2024,11,Nov,7,M1.0,M,1.0,-15.0,50.0,13869.0,,GOES-P: EXIS 1.0-8.0,50.0,Southern,Mid disk (30-60°),26.0
2024-11-02T08:13:00-FLR-001,Solar Flare,2024-11-02 08:13:00,2024-11-02 08:31:00,2024-11-02 08:45:00,2024-11-02,2024,11,Nov,8,M1.2,M,1.2,-10.0,64.0,13876.0,,GOES-P: EXIS 1.0-8.0,64.0,Southern,Near limb (>60°),32.0
2024-11-03T03:02:00-FLR-001,Solar Flare,2024-11-03 03:02:00,2024-11-03 03:11:00,2024-11-03 03:16:00,2024-11-03,2024,11,Nov,3,M1.1,M,1.1,-15.0,61.0,13869.0,,GOES-P: EXIS 1.0-8.0,61.0,Southern,Near limb (>60°),14.0
2024-11-03T08:39:00-FLR-001,Solar Flare,2024-11-03 08:39:00,2024-11-03 08:49:00,2024-11-03 09:11:00,2024-11-03,2024,11,Nov,8,M1.1,M,1.1,15.0,6.0,13878.0,,GOES-P: EXIS 1.0-8.0,6.0,Northern,Near centre (<30°),32.0
2024-11-03T15:13:00-FLR-001,Solar Flare,2024-11-03 15:13:00,2024-11-03 15:18:00,2024-11-03 15:19:00,2024-11-03,2024,11,Nov,15,M1.1,M,1.1,-10.0,-53.0,13883.0,,GOES-P: EXIS 1.0-8.0,53.0,Southern,Mid disk (30-60°),6.0
2024-11-03T15:19:00-FLR-001,Solar Flare,2024-11-03 15:19:00,2024-11-03 15:24:00,2024-11-03 15:29:00,2024-11-03,2024,11,Nov,15,M1.4,M,1.4,-15.0,-75.0,13869.0,,GOES-P: EXIS 1.0-8.0,75.0,Southern,Near limb (>60°),10.0
2024-11-03T17:38:00-FLR-001,Solar Flare,2024-11-03 17:38:00,2024-11-03 17:53:00,2024-11-03 17:58:00,2024-11-03,2024,11,Nov,17,M1.3,M,1.3,-8.0,-48.0,13883.0,,GOES-P: EXIS 1.0-8.0,48.0,Southern,Mid disk (30-60°),20.0
2024-11-04T00:52:00-FLR-001,Solar Flare,2024-11-04 00:52:00,2024-11-04 00:57:00,2024-11-04 01:02:00,2024-11-04,2024,11,Nov,0,M1.5,M,1.5,-8.0,-44.0,13883.0,,GOES-P: EXIS 1.0-8.0,44.0,Southern,Mid disk (30-60°),10.0
2024-11-04T01:05:00-FLR-001,Solar Flare,2024-11-04 01:05:00,2024-11-04 01:40:00,2024-11-04 02:03:00,2024-11-04,2024,11,Nov,1,M3.8,M,3.8,-4.0,-42.0,13883.0,,GOES-P: EXIS 1.0-8.0,42.0,Southern,Mid disk (30-60°),58.0
2024-11-04T03:38:00-FLR-001,Solar Flare,2024-11-04 03:38:00,2024-11-04 03:45:00,2024-11-04 03:53:00,2024-11-04,2024,11,Nov,3,M1.1,M,1.1,-5.0,-73.0,13886.0,,GOES-P: EXIS 1.0-8.0,73.0,Southern,Near limb (>60°),15.0
2024-11-04T04:06:00-FLR-001,Solar Flare,2024-11-04 04:06:00,2024-11-04 04:15:00,2024-11-04 04:23:00,2024-11-04,2024,11,Nov,4,M1.0,M,1.0,-8.0,-45.0,13883.0,,GOES-P: EXIS 1.0-8.0,45.0,Southern,Mid disk (30-60°),17.0
2024-11-04T04:31:00-FLR-001,Solar Flare,2024-11-04 04:31:00,2024-11-04 04:34:00,2024-11-04 04:38:00,2024-11-04,2024,11,Nov,4,M1.4,M,1.4,17.0,11.0,13878.0,,GOES-P: EXIS 1.0-8.0,11.0,Northern,Near centre (<30°),7.0
2024-11-04T07:02:00-FLR-001,Solar Flare,2024-11-04 07:02:00,2024-11-04 07:08:00,2024-11-04 07:21:00,2024-11-04,2024,11,Nov,7,M1.3,M,1.3,-8.0,-45.0,13883.0,,GOES-P: EXIS 1.0-8.0,45.0,Southern,Mid disk (30-60°),19.0
2024-11-04T08:29:00-FLR-001,Solar Flare,2024-11-04 08:29:00,2024-11-04 08:40:00,2024-11-04 08:47:00,2024-11-04,2024,11,Nov,8,M1.2,M,1.2,-8.0,-43.0,13883.0,,GOES-P: EXIS 1.0-8.0,43.0,Southern,Mid disk (30-60°),18.0
2024-11-04T10:07:00-FLR-001,Solar Flare,2024-11-04 10:07:00,2024-11-04 10:17:00,2024-11-04 10:25:00,2024-11-04,2024,11,Nov,10,M1.6,M,1.6,-8.0,-43.0,13883.0,,GOES-P: EXIS 1.0-8.0,43.0,Southern,Mid disk (30-60°),18.0
2024-11-04T11:46:00-FLR-001,Solar Flare,2024-11-04 11:46:00,2024-11-04 11:55:00,2024-11-04 12:04:00,2024-11-04,2024,11,Nov,11,C6.6,C,6.6,-8.0,55.0,13885.0,,GOES-P: EXIS 1.0-8.0,55.0,Southern,Mid disk (30-60°),18.0
2024-11-04T14:05:00-FLR-001,Solar Flare,2024-11-04 14:05:00,2024-11-04 14:28:00,2024-11-04 14:50:00,2024-11-04,2024,11,Nov,14,M1.1,M,1.1,-7.0,-40.0,13883.0,,GOES-P: EXIS 1.0-8.0,40.0,Southern,Mid disk (30-60°),45.0
2024-11-04T15:00:00-FLR-001,Solar Flare,2024-11-04 15:00:00,2024-11-04 15:08:00,2024-11-04 15:12:00,2024-11-04,2024,11,Nov,15,M1.3,M,1.3,-7.0,-38.0,13883.0,,GOES-P: EXIS 1.0-8.0,38.0,Southern,Mid disk (30-60°),12.0
2024-11-04T15:26:00-FLR-001,Solar Flare,2024-11-04 15:26:00,2024-11-04 15:33:00,2024-11-04 15:36:00,2024-11-04,2024,11,Nov,15,M3.7,M,3.7,-7.0,-39.0,13883.0,,GOES-P: EXIS 1.0-8.0,39.0,Southern,Mid disk (30-60°),10.0
2024-11-04T15:36:00-FLR-001,Solar Flare,2024-11-04 15:36:00,2024-11-04 15:38:00,2024-11-04 15:41:00,2024-11-04,2024,11,Nov,15,M5.5,M,5.5,-7.0,-38.0,13883.0,,GOES-P: EXIS 1.0-8.0,38.0,Southern,Mid disk (30-60°),5.0
2024-11-05T06:35:00-FLR-001,Solar Flare,2024-11-05 06:35:00,2024-11-05 06:54:00,2024-11-05 07:08:00,2024-11-05,2024,11,Nov,6,M2.6,M,2.6,-7.0,-85.0,13889.0,,GOES-P: EXIS 1.0-8.0,85.0,Southern,Near limb (>60°),33.0
2024-11-05T09:11:00-FLR-001,Solar Flare,2024-11-05 09:11:00,2024-11-05 09:23:00,2024-11-05 09:49:00,2024-11-05,2024,11,Nov,9,M1.0,M,1.0,-7.0,-28.0,13883.0,,GOES-P: EXIS 1.0-8.0,28.0,Southern,Near centre (<30°),38.0
2024-11-05T13:28:00-FLR-001,Solar Flare,2024-11-05 13:28:00,2024-11-05 13:39:00,2024-11-05 13:54:00,2024-11-05,2024,11,Nov,13,M1.2,M,1.2,-8.0,-28.0,13883.0,,GOES-P: EXIS 1.0-8.0,28.0,Southern,Near centre (<30°),26.0
2024-11-05T13:58:00-FLR-001,Solar Flare,2024-11-05 13:58:00,2024-11-05 14:19:00,2024-11-05 14:27:00,2024-11-05,2024,11,Nov,13,M2.9,M,2.9,-8.0,-28.0,13883.0,,GOES-P: EXIS 1.0-8.0,28.0,Southern,Near centre (<30°),29.0
2024-11-05T15:05:00-FLR-001,Solar Flare,2024-11-05 15:05:00,2024-11-05 15:26:00,2024-11-05 15:43:00,2024-11-05,2024,11,Nov,15,M4.1,M,4.1,-15.0,88.0,13872.0,,GOES-P: EXIS 1.0-8.0,88.0,Southern,Near limb (>60°),38.0
2024-11-06T02:28:00-FLR-001,Solar Flare,2024-11-06 02:28:00,2024-11-06 02:38:00,2024-11-06 02:46:00,2024-11-06,2024,11,Nov,2,M1.1,M,1.1,-6.0,-15.0,13883.0,,GOES-P: EXIS 1.0-8.0,15.0,Southern,Near centre (<30°),18.0
2024-11-06T03:02:00-FLR-001,Solar Flare,2024-11-06 03:02:00,2024-11-06 03:09:00,2024-11-06 03:14:00,2024-11-06,2024,11,Nov,3,M1.2,M,1.2,-6.0,-15.0,13883.0,,GOES-P: EXIS 1.0-8.0,15.0,Southern,Near centre (<30°),12.0
2024-11-06T07:36:00-FLR-001,Solar Flare,2024-11-06 07:36:00,2024-11-06 08:04:00,2024-11-06 08:23:00,2024-11-06,2024,11,Nov,7,M2.9,M,2.9,-6.0,-15.0,13883.0,,GOES-P: EXIS 1.0-8.0,15.0,Southern,Near centre (<30°),47.0
2024-11-06T08:48:00-FLR-001,Solar Flare,2024-11-06 08:48:00,2024-11-06 08:50:00,2024-11-06 08:54:00,2024-11-06,2024,11,Nov,8,M5.8,M,5.8,16.0,60.0,13887.0,,GOES-P: EXIS 1.0-8.0,60.0,Northern,Mid disk (30-60°),6.0
2024-11-06T11:56:00-FLR-001,Solar Flare,2024-11-06 11:56:00,2024-11-06 12:04:00,2024-11-06 12:10:00,2024-11-06,2024,11,Nov,11,M1.5,M,1.5,-6.0,-15.0,13883.0,,GOES-P: EXIS 1.0-8.0,15.0,Southern,Near centre (<30°),14.0
2024-11-06T12:56:00-FLR-001,Solar Flare,2024-11-06 12:56:00,2024-11-06 13:02:00,2024-11-06 13:11:00,2024-11-06,2024,11,Nov,12,M1.2,M,1.2,-10.0,-90.0,13889.0,,GOES-P: EXIS 1.0-8.0,90.0,Southern,Near limb (>60°),15.0
2024-11-06T13:36:00-FLR-001,Solar Flare,2024-11-06 13:36:00,2024-11-06 13:40:00,2024-11-06 13:46:00,2024-11-06,2024,11,Nov,13,X2.3,X,2.3,-6.0,-13.0,13883.0,,GOES-P: EXIS 1.0-8.0,13.0,Southern,Near centre (<30°),10.0
2024-11-06T14:27:00-FLR-001,Solar Flare,2024-11-06 14:27:00,2024-11-06 14:38:00,2024-11-06 14:45:00,2024-11-06,2024,11,Nov,14,M5.3,M,5.3,-10.0,-90.0,13889.0,,GOES-P: EXIS 1.0-8.0,90.0,Southern,Near limb (>60°),18.0
2024-11-06T15:50:00-FLR-001,Solar Flare,2024-11-06 15:50:00,2024-11-06 15:57:00,2024-11-06 16:03:00,2024-11-06,2024,11,Nov,15,M1.6,M,1.6,-10.0,-90.0,13889.0,,GOES-P: EXIS 1.0-8.0,90.0,Southern,Near limb (>60°),13.0
2024-11-06T17:10:00-FLR-001,Solar Flare,2024-11-06 17:10:00,2024-11-06 17:18:00,2024-11-06 17:23:00,2024-11-06,2024,11,Nov,17,M1.2,M,1.2,-10.0,-90.0,13889.0,,GOES-P: EXIS 1.0-8.0,90.0,Southern,Near limb (>60°),13.0
2024-11-06T18:53:00-FLR-001,Solar Flare,2024-11-06 18:53:00,2024-11-06 18:59:00,2024-11-06 19:13:00,2024-11-06,2024,11,Nov,18,M1.1,M,1.1,-10.0,-90.0,13889.0,,GOES-P: EXIS 1.0-8.0,90.0,Southern,Near limb (>60°),20.0
2024-11-06T20:35:00-FLR-001,Solar Flare,2024-11-06 20:35:00,2024-11-06 20:42:00,2024-11-06 20:52:00,2024-11-06,2024,11,Nov,20,M1.3,M,1.3,-10.0,-90.0,13889.0,,GOES-P: EXIS 1.0-8.0,90.0,Southern,Near limb (>60°),17.0
2024-11-06T22:43:00-FLR-001,Solar Flare,2024-11-06 22:43:00,2024-11-06 23:05:00,2024-11-06 23:10:00,2024-11-06,2024,11,Nov,22,M1.1,M,1.1,-10.0,-90.0,13889.0,,GOES-P: EXIS 1.0-8.0,90.0,Southern,Near limb (>60°),27.0
2024-11-06T23:10:00-FLR-001,Solar Flare,2024-11-06 23:10:00,2024-11-06 23:16:00,2024-11-06 23:21:00,2024-11-06,2024,11,Nov,23,M1.1,M,1.1,-10.0,-90.0,13889.0,,GOES-P: EXIS 1.0-8.0,90.0,Southern,Near limb (>60°),11.0
2024-11-06T23:24:00-FLR-001,Solar Flare,2024-11-06 23:24:00,2024-11-06 23:28:00,2024-11-06 23:31:00,2024-11-06,2024,11,Nov,23,M1.2,M,1.2,-10.0,-90.0,13889.0,,GOES-P: EXIS 1.0-8.0,90.0,Southern,Near limb (>60°),7.0
2024-11-06T23:42:00-FLR-001,Solar Flare,2024-11-06 23:42:00,2024-11-07 00:04:00,2024-11-07 00:16:00,2024-11-06,2024,11,Nov,23,M1.6,M,1.6,-6.0,-8.0,13883.0,,GOES-P: EXIS 1.0-8.0,8.0,Southern,Near centre (<30°),34.0
2024-11-07T01:15:00-FLR-001,Solar Flare,2024-11-07 01:15:00,2024-11-07 01:27:00,2024-11-07 01:39:00,2024-11-07,2024,11,Nov,1,M2.5,M,2.5,-10.0,-90.0,13889.0,,GOES-P: EXIS 1.0-8.0,90.0,Southern,Near limb (>60°),24.0
2024-11-07T03:52:00-FLR-001,Solar Flare,2024-11-07 03:52:00,2024-11-07 04:20:00,2024-11-07 04:32:00,2024-11-07,2024,11,Nov,3,M2.5,M,2.5,-7.0,-4.0,13883.0,,GOES-P: EXIS 1.0-8.0,4.0,Southern,Near centre (<30°),40.0
2024-11-07T07:20:00-FLR-001,Solar Flare,2024-11-07 07:20:00,2024-11-07 07:26:00,2024-11-07 07:36:00,2024-11-07,2024,11,Nov,7,M1.3,M,1.3,-9.0,-5.0,13883.0,,GOES-P: EXIS 1.0-8.0,5.0,Southern,Near centre (<30°),16.0
2024-11-07T07:36:00-FLR-001,Solar Flare,2024-11-07 07:36:00,2024-11-07 07:43:00,2024-11-07 07:46:00,2024-11-07,2024,11,Nov,7,M1.6,M,1.6,-11.0,-85.0,13889.0,,GOES-P: EXIS 1.0-8.0,85.0,Southern,Near limb (>60°),10.0
2024-11-07T07:46:00-FLR-001,Solar Flare,2024-11-07 07:46:00,2024-11-07 07:54:00,2024-11-07 08:01:00,2024-11-07,2024,11,Nov,7,M2.7,M,2.7,-11.0,-85.0,13889.0,,GOES-P: EXIS 1.0-8.0,85.0,Southern,Near limb (>60°),15.0
2024-11-07T11:53:00-FLR-001,Solar Flare,2024-11-07 11:53:00,2024-11-07 12:02:00,2024-11-07 12:11:00,2024-11-07,2024,11,Nov,11,M1.4,M,1.4,-8.0,-78.0,13889.0,,GOES-P: EXIS 1.0-8.0,78.0,Southern,Near limb (>60°),18.0
2024-11-07T14:49:00-FLR-001,Solar Flare,2024-11-07 14:49:00,2024-11-07 15:06:00,2024-11-07 15:20:00,2024-11-07,2024,11,Nov,14,M2.3,M,2.3,-8.0,3.0,13883.0,,GOES-P: EXIS 1.0-8.0,3.0,Southern,Near centre (<30°),31.0
2024-11-08T02:53:00-FLR-001,Solar Flare,2024-11-08 02:53:00,2024-11-08 03:01:00,2024-11-08 03:12:00,2024-11-08,2024,11,Nov,2,M1.5,M,1.5,-6.0,7.0,13883.0,,GOES-P: EXIS 1.0-8.0,7.0,Southern,Near centre (<30°),19.0
2024-11-09T20:44:00-FLR-001,Solar Flare,2024-11-09 20:44:00,2024-11-09 20:50:00,2024-11-09 20:54:00,2024-11-09,2024,11,Nov,20,M1.2,M,1.2,-10.0,-37.0,13889.0,,GOES-P: EXIS 1.0-8.0,37.0,Southern,Mid disk (30-60°),10.0
2024-11-10T00:04:00-FLR-001,Solar Flare,2024-11-10 00:04:00,2024-11-10 00:15:00,2024-11-10 00:23:00,2024-11-10,2024,11,Nov,0,M4.2,M,4.2,-7.0,-34.0,13889.0,,GOES-P: EXIS 1.0-8.0,34.0,Southern,Mid disk (30-60°),19.0
2024-11-10T11:51:00-FLR-001,Solar Flare,2024-11-10 11:51:00,2024-11-10 12:06:00,2024-11-10 12:14:00,2024-11-10,2024,11,Nov,11,M9.4,M,9.4,-10.0,-27.0,13889.0,,GOES-P: EXIS 1.0-8.0,27.0,Southern,Near centre (<30°),23.0
2024-11-10T15:51:00-FLR-001,Solar Flare,2024-11-10 15:51:00,2024-11-10 15:58:00,2024-11-10 16:06:00,2024-11-10,2024,11,Nov,15,C6.7,C,6.7,-10.0,-30.0,13889.0,,GOES-P: EXIS 1.0-8.0,30.0,Southern,Near centre (<30°),15.0
2024-11-10T20:09:00-FLR-001,Solar Flare,2024-11-10 20:09:00,2024-11-10 20:21:00,2024-11-10 20:34:00,2024-11-10,2024,11,Nov,20,M4.9,M,4.9,-12.0,-35.0,13889.0,,GOES-P: EXIS 1.0-8.0,35.0,Southern,Mid disk (30-60°),25.0
2024-11-10T22:31:00-FLR-001,Solar Flare,2024-11-10 22:31:00,2024-11-10 22:53:00,2024-11-10 23:25:00,2024-11-10,2024,11,Nov,22,C8.4,C,8.4,-9.0,98.0,13881.0,,GOES-P: EXIS 1.0-8.0,98.0,Southern,Near limb (>60°),54.0
2024-11-11T05:07:00-FLR-001,Solar Flare,2024-11-11 05:07:00,2024-11-11 05:26:00,2024-11-11 05:36:00,2024-11-11,2024,11,Nov,5,M1.1,M,1.1,-8.0,-19.0,13889.0,,GOES-P: EXIS 1.0-8.0,19.0,Southern,Near centre (<30°),29.0
2024-11-11T05:36:00-FLR-001,Solar Flare,2024-11-11 05:36:00,2024-11-11 05:43:00,2024-11-11 05:52:00,2024-11-11,2024,11,Nov,5,M1.4,M,1.4,-8.0,-17.0,13889.0,,GOES-P: EXIS 1.0-8.0,17.0,Southern,Near centre (<30°),16.0
2024-11-12T12:47:00-FLR-001,Solar Flare,2024-11-12 12:47:00,2024-11-12 14:01:00,2024-11-12 14:39:00,2024-11-12,2024,11,Nov,12,C8.2,C,8.2,15.0,90.0,,,GOES-P: EXIS 1.0-8.0,90.0,Northern,Near limb (>60°),112.0
2024-11-13T00:11:00-FLR-001,Solar Flare,2024-11-13 00:11:00,2024-11-13 00:22:00,2024-11-13 00:32:00,2024-11-13,2024,11,Nov,0,M1.0,M,1.0,-12.0,-2.0,13889.0,,GOES-P: EXIS 1.0-8.0,2.0,Southern,Near centre (<30°),21.0
2024-11-13T16:57:00-FLR-001,Solar Flare,2024-11-13 16:57:00,2024-11-13 17:08:00,2024-11-13 17:17:00,2024-11-13,2024,11,Nov,16,M1.7,M,1.7,-9.0,10.0,13889.0,,GOES-P: EXIS 1.0-8.0,10.0,Southern,Near centre (<30°),20.0
2024-11-14T03:42:00-HSS-001,High Speed Stream,2024-11-14 03:42:00,,,2024-11-14,2024,11,Nov,3,,,,,,,,"DSCOVR: PLASMAG, ACE: SWEPAM, ACE: MAG",,,,
2024-11-15T01:38:00-FLR-001,Solar Flare,2024-11-15 01:38:00,2024-11-15 01:47:00,2024-11-15 02:08:00,2024-11-15,2024,11,Nov,1,M1.1,M,1.1,-19.0,-47.0,13893.0,,GOES-P: EXIS 1.0-8.0,47.0,Southern,Mid disk (30-60°),30.0
2024-11-15T12:05:00-FLR-001,Solar Flare,2024-11-15 12:05:00,2024-11-15 12:18:00,2024-11-15 12:26:00,2024-11-15,2024,11,Nov,12,M1.0,M,1.0,-20.0,-43.0,13893.0,,GOES-P: EXIS 1.0-8.0,43.0,Southern,Mid disk (30-60°),21.0
2024-11-16T01:26:00-FLR-001,Solar Flare,2024-11-16 01:26:00,2024-11-16 01:37:00,2024-11-16 01:41:00,2024-11-16,2024,11,Nov,1,M1.6,M,1.6,-10.0,35.0,13892.0,,GOES-P: EXIS 1.0-8.0,35.0,Southern,Mid disk (30-60°),15.0
2024-11-17T10:38:00-FLR-001,Solar Flare,2024-11-17 10:38:00,2024-11-17 10:59:00,2024-11-17 11:32:00,2024-11-17,2024,11,Nov,10,C5.3,C,5.3,-10.0,-95.0,,,GOES-P: EXIS 1.0-8.0,95.0,Southern,Near limb (>60°),54.0
2024-11-18T05:13:00-FLR-001,Solar Flare,2024-11-18 05:13:00,2024-11-18 05:22:00,2024-11-18 05:27:00,2024-11-18,2024,11,Nov,5,M1.0,M,1.0,-8.0,-80.0,13901.0,,GOES-P: EXIS 1.0-8.0,80.0,Southern,Near limb (>60°),14.0
2024-11-18T07:25:00-FLR-001,Solar Flare,2024-11-18 07:25:00,2024-11-18 07:32:00,2024-11-18 07:36:00,2024-11-18,2024,11,Nov,7,M1.7,M,1.7,-8.0,-79.0,13901.0,,GOES-P: EXIS 1.0-8.0,79.0,Southern,Near limb (>60°),11.0
2024-11-18T07:54:00-FLR-001,Solar Flare,2024-11-18 07:54:00,2024-11-18 07:57:00,2024-11-18 08:01:00,2024-11-18,2024,11,Nov,7,M1.2,M,1.2,-8.0,-79.0,13901.0,,GOES-P: EXIS 1.0-8.0,79.0,Southern,Near limb (>60°),7.0
2024-11-18T10:41:00-FLR-001,Solar Flare,2024-11-18 10:41:00,2024-11-18 10:58:00,2024-11-18 11:02:00,2024-11-18,2024,11,Nov,10,M2.5,M,2.5,-8.0,-78.0,13901.0,,GOES-P: EXIS 1.0-8.0,78.0,Southern,Near limb (>60°),21.0
2024-11-18T11:06:00-FLR-001,Solar Flare,2024-11-18 11:06:00,2024-11-18 11:12:00,2024-11-18 11:19:00,2024-11-18,2024,11,Nov,11,M1.6,M,1.6,-12.0,55.0,13897.0,,GOES-P: EXIS 1.0-8.0,55.0,Southern,Mid disk (30-60°),13.0
2024-11-18T11:19:00-FLR-001,Solar Flare,2024-11-18 11:19:00,2024-11-18 11:27:00,2024-11-18 11:44:00,2024-11-18,2024,11,Nov,11,M1.5,M,1.5,-11.0,56.0,13897.0,,GOES-P: EXIS 1.0-8.0,56.0,Southern,Mid disk (30-60°),25.0
2024-11-18T12:42:00-FLR-001,Solar Flare,2024-11-18 12:42:00,2024-11-18 12:53:00,2024-11-18 12:57:00,2024-11-18,2024,11,Nov,12,M3.7,M,3.7,-8.0,-73.0,13901.0,,GOES-P: EXIS 1.0-8.0,73.0,Southern,Near limb (>60°),15.0
2024-11-18T17:43:00-FLR-001,Solar Flare,2024-11-18 17:43:00,2024-11-18 17:49:00,2024-11-18 17:54:00,2024-11-18,2024,11,Nov,17,M1.8,M,1.8,-8.0,-71.0,13901.0,,GOES-P: EXIS 1.0-8.0,71.0,Southern,Near limb (>60°),11.0
2024-11-18T18:45:00-FLR-001,Solar Flare,2024-11-18 18:45:00,2024-11-18 19:15:00,2024-11-18 19:48:00,2024-11-18,2024,11,Nov,18,M2.0,M,2.0,-10.0,-74.0,13901.0,,GOES-P: EXIS 1.0-8.0,74.0,Southern,Near limb (>60°),63.0
2024-11-18T20:48:00-FLR-001,Solar Flare,2024-11-18 20:48:00,2024-11-18 20:51:00,2024-11-18 20:54:00,2024-11-18,2024,11,Nov,20,M1.1,M,1.1,-11.0,88.0,13889.0,,GOES-P: EXIS 1.0-8.0,88.0,Southern,Near limb (>60°),6.0
2024-11-18T23:50:00-FLR-001,Solar Flare,2024-11-18 23:50:00,2024-11-19 00:00:00,2024-11-19 00:04:00,2024-11-18,2024,11,Nov,23,M1.1,M,1.1,-11.0,88.0,13889.0,,GOES-P: EXIS 1.0-8.0,88.0,Southern,Near limb (>60°),14.0
2024-11-20T19:11:00-FLR-001,Solar Flare,2024-11-20 19:11:00,2024-11-20 19:48:00,2024-11-20 20:44:00,2024-11-20,2024,11,Nov,19,M1.1,M,1.1,-8.0,89.0,13897.0,,GOES-P: EXIS 1.0-8.0,89.0,Southern,Near limb (>60°),93.0
2024-11-22T15:42:00-FLR-001,Solar Flare,2024-11-22 15:42:00,2024-11-22 15:46:00,2024-11-22 15:51:00,2024-11-22,2024,11,Nov,15,M1.6,M,1.6,-8.0,-73.0,13905.0,,GOES-P: EXIS 1.0-8.0,73.0,Southern,Near limb (>60°),9.0
2024-11-22T21:26:00-FLR-001,Solar Flare,2024-11-22 21:26:00,2024-11-22 22:15:00,2024-11-22 22:33:00,2024-11-22,2024,11,Nov,21,M1.0,M,1.0,-18.0,-74.0,13906.0,,GOES-P: EXIS 1.0-8.0,74.0,Southern,Near limb (>60°),67.0
2024-11-23T15:54:00-FLR-001,Solar Flare,2024-11-23 15:54:00,2024-11-23 16:07:00,2024-11-23 16:21:00,2024-11-23,2024,11,Nov,15,M1.1,M,1.1,-8.0,-2.0,13901.0,,GOES-P: EXIS 1.0-8.0,2.0,Southern,Near centre (<30°),27.0
2024-11-23T17:49:00-FLR-001,Solar Flare,2024-11-23 17:49:00,2024-11-23 18:10:00,2024-11-23 18:34:00,2024-11-23,2024,11,Nov,17,M1.1,M,1.1,15.0,-80.0,13908.0,,GOES-P: EXIS 1.0-8.0,80.0,Northern,Near limb (>60°),45.0
2024-11-23T19:01:00-FLR-001,Solar Flare,2024-11-23 19:01:00,2024-11-23 19:20:00,2024-11-23 20:19:00,2024-11-23,2024,11,Nov,19,C5.4,C,5.4,-18.0,63.0,13893.0,,GOES-P: EXIS 1.0-8.0,63.0,Southern,Near limb (>60°),78.0
2024-11-24T20:11:00-FLR-001,Solar Flare,2024-11-24 20:11:00,2024-11-24 20:22:00,2024-11-24 20:31:00,2024-11-24,2024,11,Nov,20,M1.1,M,1.1,21.0,-90.0,13910.0,,GOES-P: EXIS 1.0-8.0,90.0,Northern,Near limb (>60°),20.0
2024-11-25T01:39:00-FLR-001,Solar Flare,2024-11-25 01:39:00,2024-11-25 01:59:00,2024-11-25 02:11:00,2024-11-25,2024,11,Nov,1,M1.1,M,1.1,-13.0,-46.0,13906.0,,GOES-P: EXIS 1.0-8.0,46.0,Southern,Mid disk (30-60°),32.0
2024-11-25T04:39:00-FLR-001,Solar Flare,2024-11-25 04:39:00,2024-11-25 04:53:00,2024-11-25 04:59:00,2024-11-25,2024,11,Nov,4,M1.8,M,1.8,-16.0,-45.0,13906.0,,GOES-P: EXIS 1.0-8.0,45.0,Southern,Mid disk (30-60°),20.0
2024-11-25T07:24:00-FLR-001,Solar Flare,2024-11-25 07:24:00,2024-11-25 07:42:00,2024-11-25 08:03:00,2024-11-25,2024,11,Nov,7,M9.4,M,9.4,20.0,-90.0,13910.0,,GOES-P: EXIS 1.0-8.0,90.0,Northern,Near limb (>60°),39.0
2024-11-25T12:01:00-FLR-001,Solar Flare,2024-11-25 12:01:00,2024-11-25 12:12:00,2024-11-25 12:17:00,2024-11-25,2024,11,Nov,12,M2.0,M,2.0,-16.0,-40.0,13906.0,,GOES-P: EXIS 1.0-8.0,40.0,Southern,Mid disk (30-60°),16.0
2024-11-25T16:07:00-FLR-001,Solar Flare,2024-11-25 16:07:00,2024-11-25 16:36:00,2024-11-25 16:58:00,2024-11-25,2024,11,Nov,16,M1.0,M,1.0,-14.0,-32.0,13906.0,,GOES-P: EXIS 1.0-8.0,32.0,Southern,Mid disk (30-60°),51.0
2024-11-25T16:58:00-FLR-001,Solar Flare,2024-11-25 16:58:00,2024-11-25 17:07:00,2024-11-25 17:16:00,2024-11-25,2024,11,Nov,16,M1.5,M,1.5,20.0,-90.0,13910.0,,GOES-P: EXIS 1.0-8.0,90.0,Northern,Near limb (>60°),18.0
2024-11-25T20:24:00-FLR-001,Solar Flare,2024-11-25 20:24:00,2024-11-25 20:54:00,2024-11-25 21:23:00,2024-11-25,2024,11,Nov,20,M1.9,M,1.9,-12.0,25.0,13901.0,,GOES-P: EXIS 1.0-8.0,25.0,Southern,Near centre (<30°),59.0
2024-11-25T21:33:00-FLR-001,Solar Flare,2024-11-25 21:33:00,2024-11-25 21:43:00,2024-11-25 21:55:00,2024-11-25,2024,11,Nov,21,M1.1,M,1.1,-18.0,-36.0,13906.0,,GOES-P: EXIS 1.0-8.0,36.0,Southern,Mid disk (30-60°),22.0
2024-11-27T02:21:00-FLR-001,Solar Flare,2024-11-27 02:21:00,2024-11-27 02:28:00,2024-11-27 02:38:00,2024-11-27,2024,11,Nov,2,C3.5,C,3.5,-20.0,75.0,,,GOES-P: EXIS 1.0-8.0,75.0,Southern,Near limb (>60°),17.0
2024-11-27T12:27:00-FLR-001,Solar Flare,2024-11-27 12:27:00,2024-11-27 12:46:00,2024-11-27 12:49:00,2024-11-27,2024,11,Nov,12,M1.0,M,1.0,-5.0,50.0,13901.0,,GOES-P: EXIS 1.0-8.0,50.0,Southern,Mid disk (30-60°),22.0
2024-12-04T09:52:00-FLR-001,Solar Flare,2024-12-04 09:52:00,2024-12-04 10:00:00,2024-12-04 10:08:00,2024-12-04,2024,12,Dec,9,M2.3,M,2.3,-9.0,-90.0,13917.0,,GOES-P: EXIS 1.0-8.0,90.0,Southern,Near limb (>60°),16.0
2024-12-04T20:31:00-FLR-001,Solar Flare,2024-12-04 20:31:00,2024-12-04 20:46:00,2024-12-04 20:57:00,2024-12-04,2024,12,Dec,20,M1.3,M,1.3,-16.0,-56.0,13916.0,,GOES-P: EXIS 1.0-8.0,56.0,Southern,Mid disk (30-60°),26.0
2024-12-04T20:57:00-FLR-001,Solar Flare,2024-12-04 20:57:00,2024-12-04 21:05:00,2024-12-04 21:12:00,2024-12-04,2024,12,Dec,20,M1.4,M,1.4,-6.0,-71.0,13917.0,,GOES-P: EXIS 1.0-8.0,71.0,Southern,Near limb (>60°),15.0
2024-12-05T06:56:00-FLR-001,Solar Flare,2024-12-05 06:56:00,2024-12-05 07:09:00,2024-12-05 07:33:00,2024-12-05,2024,12,Dec,6,M1.0,M,1.0,-9.0,-57.0,13917.0,,GOES-P: EXIS 1.0-8.0,57.0,Southern,Mid disk (30-60°),37.0
2024-12-05T08:12:00-FLR-001,Solar Flare,2024-12-05 08:12:00,2024-12-05 08:20:00,2024-12-05 08:24:00,2024-12-05,2024,12,Dec,8,M1.1,M,1.1,-17.0,90.0,13906.0,,GOES-P: EXIS 1.0-8.0,90.0,Southern,Near limb (>60°),12.0
2024-12-05T10:32:00-FLR-001,Solar Flare,2024-12-05 10:32:00,2024-12-05 10:40:00,2024-12-05 10:46:00,2024-12-05,2024,12,Dec,10,M2.5,M,2.5,-17.0,90.0,13906.0,,GOES-P: EXIS 1.0-8.0,90.0,Southern,Near limb (>60°),14.0
2024-12-06T09:06:00-FLR-001,Solar Flare,2024-12-06 09:06:00,2024-12-06 09:26:00,2024-12-06 09:42:00,2024-12-06,2024,12,Dec,9,M1.4,M,1.4,-8.0,-47.0,13917.0,,GOES-P: EXIS 1.0-8.0,47.0,Southern,Mid disk (30-60°),36.0
2024-12-07T13:00:00-FLR-001,Solar Flare,2024-12-07 13:00:00,2024-12-07 13:08:00,2024-12-07 13:15:00,2024-12-07,2024,12,Dec,13,M2.3,M,2.3,-7.0,-32.0,13917.0,,GOES-P: EXIS 1.0-8.0,32.0,Southern,Mid disk (30-60°),15.0
2024-12-07T21:53:00-FLR-001,Solar Flare,2024-12-07 21:53:00,2024-12-07 22:15:00,2024-12-07 22:26:00,2024-12-07,2024,12,Dec,21,M3.2,M,3.2,-8.0,-25.0,13917.0,,GOES-P: EXIS 1.0-8.0,25.0,Southern,Near centre (<30°),33.0
2024-12-08T08:50:00-FLR-001,Solar Flare,2024-12-08 08:50:00,2024-12-08 09:06:00,2024-12-08 09:10:00,2024-12-08,2024,12,Dec,8,X2.2,X,2.2,-7.0,52.0,13912.0,,GOES-P: EXIS 1.0-8.0,52.0,Southern,Mid disk (30-60°),20.0
2024-12-08T16:00:00-FLR-001,Solar Flare,2024-12-08 16:00:00,2024-12-08 16:11:00,2024-12-08 16:18:00,2024-12-08,2024,12,Dec,16,M1.5,M,1.5,-7.0,56.0,13912.0,,GOES-P: EXIS 1.0-8.0,56.0,Southern,Mid disk (30-60°),18.0
2024-12-08T18:07:00-HSS-001,High Speed Stream,2024-12-08 18:07:00,,,2024-12-08,2024,12,Dec,18,,,,,,,,"ACE: SWEPAM, ACE: MAG, DSCOVR: PLASMAG",,,,
2024-12-10T03:12:00-FLR-001,Solar Flare,2024-12-10 03:12:00,2024-12-10 03:27:00,2024-12-10 03:36:00,2024-12-10,2024,12,Dec,3,C9.7,C,9.7,-18.0,-77.0,13922.0,,GOES-P: EXIS 1.0-8.0,77.0,Southern,Near limb (>60°),24.0
2024-12-10T06:36:00-FLR-001,Solar Flare,2024-12-10 06:36:00,2024-12-10 06:48:00,2024-12-10 06:55:00,2024-12-10,2024,12,Dec,6,M6.4,M,6.4,-18.0,-72.0,13922.0,,GOES-P: EXIS 1.0-8.0,72.0,Southern,Near limb (>60°),19.0
2024-12-10T07:03:00-FLR-001,Solar Flare,2024-12-10 07:03:00,2024-12-10 07:09:00,2024-12-10 07:14:00,2024-12-10,2024,12,Dec,7,M1.4,M,1.4,-18.0,-72.0,13922.0,,GOES-P: EXIS 1.0-8.0,72.0,Southern,Near limb (>60°),11.0
2024-12-10T10:55:00-FLR-001,Solar Flare,2024-12-10 10:55:00,2024-12-10 11:02:00,2024-12-10 11:09:00,2024-12-10,2024,12,Dec,10,M1.5,M,1.5,-18.0,-72.0,13922.0,,GOES-P: EXIS 1.0-8.0,72.0,Southern,Near limb (>60°),14.0
2024-12-10T14:36:00-FLR-001,Solar Flare,2024-12-10 14:36:00,2024-12-10 14:43:00,2024-12-10 14:47:00,2024-12-10,2024,12,Dec,14,C2.8,C,2.8,22.0,-27.0,13920.0,,GOES-P: EXIS 1.0-8.0,27.0,Northern,Near centre (<30°),11.0
2024-12-10T17:54:00-FLR-001,Solar Flare,2024-12-10 17:54:00,2024-12-10 17:58:00,2024-12-10 18:03:00,2024-12-10,2024,12,Dec,17,M1.6,M,1.6,-18.0,-70.0,13922.0,,GOES-P: EXIS 1.0-8.0,70.0,Southern,Near limb (>60°),9.0
2024-12-11T05:54:00-FLR-001,Solar Flare,2024-12-11 05:54:00,2024-12-11 06:04:00,2024-12-11 06:09:00,2024-12-11,2024,12,Dec,5,M1.9,M,1.9,-17.0,-55.0,13922.0,,GOES-P: EXIS 1.0-8.0,55.0,Southern,Mid disk (30-60°),15.0
2024-12-11T06:55:00-FLR-001,Solar Flare,2024-12-11 06:55:00,2024-12-11 07:04:00,2024-12-11 07:17:00,2024-12-11,2024,12,Dec,6,C2.7,C,2.7,22.0,-21.0,13920.0,,GOES-P: EXIS 1.0-8.0,21.0,Northern,Near centre (<30°),22.0
2024-12-11T10:03:00-FLR-001,Solar Flare,2024-12-11 10:03:00,2024-12-11 10:06:00,2024-12-11 10:10:00,2024-12-11,2024,12,Dec,10,M2.7,M,2.7,19.0,-16.0,13920.0,,GOES-P: EXIS 1.0-8.0,16.0,Northern,Near centre (<30°),7.0
2024-12-11T15:32:00-FLR-001,Solar Flare,2024-12-11 15:32:00,2024-12-11 15:49:00,2024-12-11 15:56:00,2024-12-11,2024,12,Dec,15,M6.7,M,6.7,-10.0,90.0,13912.0,,GOES-P: EXIS 1.0-8.0,90.0,Southern,Near limb (>60°),24.0
2024-12-12T17:31:00-FLR-001,Solar Flare,2024-12-12 17:31:00,2024-12-12 17:43:00,2024-12-12 17:50:00,2024-12-12,2024,12,Dec,17,M2.2,M,2.2,-18.0,-38.0,13922.0,,GOES-P: EXIS 1.0-8.0,38.0,Southern,Mid disk (30-60°),19.0
2024-12-12T20:58:00-FLR-001,Solar Flare,2024-12-12 20:58:00,2024-12-12 21:07:00,2024-12-12 21:12:00,2024-12-12,2024,12,Dec,20,M1.6,M,1.6,-18.0,-35.0,13922.0,,GOES-P: EXIS 1.0-8.0,35.0,Southern,Mid disk (30-60°),14.0
2024-12-13T02:21:00-FLR-001,Solar Flare,2024-12-13 02:21:00,2024-12-13 02:30:00,2024-12-13 02:34:00,2024-12-13,2024,12,Dec,2,C2.1,C,2.1,-15.0,55.0,13916.0,,GOES-P: EXIS 1.0-8.0,55.0,Southern,Mid disk (30-60°),13.0
2024-12-13T03:11:00-FLR-001,Solar Flare,2024-12-13 03:11:00,2024-12-13 03:18:00,2024-12-13 03:22:00,2024-12-13,2024,12,Dec,3,M1.0,M,1.0,-18.0,-37.0,13922.0,,GOES-P: EXIS 1.0-8.0,37.0,Southern,Mid disk (30-60°),11.0
2024-12-13T11:13:00-FLR-001,Solar Flare,2024-12-13 11:13:00,2024-12-13 11:24:00,2024-12-13 11:30:00,2024-12-13,2024,12,Dec,11,M2.0,M,2.0,-8.0,47.0,13917.0,,GOES-P: EXIS 1.0-8.0,47.0,Southern,Mid disk (30-60°),17.0
2024-12-13T14:15:00-FLR-001,Solar Flare,2024-12-13 14:15:00,2024-12-13 14:24:00,2024-12-13 14:31:00,2024-12-13,2024,12,Dec,14,M1.0,M,1.0,-18.0,-27.0,13922.0,,GOES-P: EXIS 1.0-8.0,27.0,Southern,Near centre (<30°),16.0
2024-12-14T06:20:00-FLR-001,Solar Flare,2024-12-14 06:20:00,2024-12-14 06:27:00,2024-12-14 06:32:00,2024-12-14,2024,12,Dec,6,C3.7,C,3.7,-15.0,69.0,13916.0,,GOES-P: EXIS 1.0-8.0,69.0,Southern,Near limb (>60°),12.0
2024-12-15T08:05:00-HSS-001,High Speed Stream,2024-12-15 08:05:00,,,2024-12-15,2024,12,Dec,8,,,,,,,,"DSCOVR: PLASMAG, ACE: SWEPAM, ACE: MAG",,,,
2024-12-15T09:27:00-FLR-001,Solar Flare,2024-12-15 09:27:00,2024-12-15 09:40:00,2024-12-15 09:47:00,2024-12-15,2024,12,Dec,9,C7.2,C,7.2,-15.0,85.0,13916.0,,GOES-P: EXIS 1.0-8.0,85.0,Southern,Near limb (>60°),20.0
2024-12-15T20:15:00-FLR-001,Solar Flare,2024-12-15 20:15:00,2024-12-15 20:24:00,2024-12-15 20:28:00,2024-12-15,2024,12,Dec,20,M3.1,M,3.1,22.0,40.0,13920.0,,GOES-P: EXIS 1.0-8.0,40.0,Northern,Mid disk (30-60°),13.0
2024-12-19T10:21:00-FLR-001,Solar Flare,2024-12-19 10:21:00,2024-12-19 10:38:00,2024-12-19 10:57:00,2024-12-19,2024,12,Dec,10,M1.6,M,1.6,-20.0,75.0,13924.0,,GOES-P: EXIS 1.0-8.0,75.0,Southern,Near limb (>60°),36.0
2024-12-19T15:27:00-FLR-001,Solar Flare,2024-12-19 15:27:00,2024-12-19 15:34:00,2024-12-19 15:39:00,2024-12-19,2024,12,Dec,15,M3.8,M,3.8,-14.0,-68.0,13928.0,,GOES-P: EXIS 1.0-8.0,68.0,Southern,Near limb (>60°),12.0
2024-12-19T18:56:00-FLR-001,Solar Flare,2024-12-19 18:56:00,2024-12-19 19:00:00,2024-12-19 19:04:00,2024-12-19,2024,12,Dec,18,M1.7,M,1.7,-14.0,-75.0,13928.0,,GOES-P: EXIS 1.0-8.0,75.0,Southern,Near limb (>60°),8.0
2024-12-20T07:20:00-FLR-001,Solar Flare,2024-12-20 07:20:00,2024-12-20 07:26:00,2024-12-20 07:35:00,2024-12-20,2024,12,Dec,7,M2.1,M,2.1,-20.0,86.0,13924.0,,GOES-P: EXIS 1.0-8.0,86.0,Southern,Near limb (>60°),15.0
2024-12-20T10:03:00-FLR-001,Solar Flare,2024-12-20 10:03:00,2024-12-20 10:11:00,2024-12-20 10:17:00,2024-12-20,2024,12,Dec,10,C9.4,C,9.4,-18.0,-75.0,13932.0,,GOES-P: EXIS 1.0-8.0,75.0,Southern,Near limb (>60°),14.0
2024-12-20T11:15:00-FLR-001,Solar Flare,2024-12-20 11:15:00,2024-12-20 11:18:00,2024-12-20 11:22:00,2024-12-20,2024,12,Dec,11,M2.5,M,2.5,-14.0,-70.0,13928.0,,GOES-P: EXIS 1.0-8.0,70.0,Southern,Near limb (>60°),7.0
2024-12-21T00:33:00-FLR-001,Solar Flare,2024-12-21 00:33:00,2024-12-21 00:38:00,2024-12-21 00:42:00,2024-12-21,2024,12,Dec,0,M1.9,M,1.9,-15.0,-61.0,13932.0,,GOES-P: EXIS 1.0-8.0,61.0,Southern,Near limb (>60°),9.0
2024-12-21T04:50:00-HSS-001,High Speed Stream,2024-12-21 04:50:00,,,2024-12-21,2024,12,Dec,4,,,,,,,,"STEREO A: PLASTIC, STEREO A: IMPACT",,,,
2024-12-21T06:04:00-HSS-001,High Speed Stream,2024-12-21 06:04:00,,,2024-12-21,2024,12,Dec,6,,,,,,,,"ACE: SWEPAM, ACE: MAG, DSCOVR: PLASMAG",,,,
2024-12-21T22:58:00-FLR-001,Solar Flare,2024-12-21 22:58:00,2024-12-21 23:05:00,2024-12-21 23:10:00,2024-12-21,2024,12,Dec,22,C9.5,C,9.5,-18.0,-49.0,13932.0,,GOES-P: EXIS 1.0-8.0,49.0,Southern,Mid disk (30-60°),12.0
2024-12-22T04:03:00-FLR-001,Solar Flare,2024-12-22 04:03:00,2024-12-22 04:10:00,2024-12-22 04:14:00,2024-12-22,2024,12,Dec,4,M1.0,M,1.0,-17.0,-48.0,13932.0,,GOES-P: EXIS 1.0-8.0,48.0,Southern,Mid disk (30-60°),11.0
2024-12-22T14:06:00-FLR-001,Solar Flare,2024-12-22 14:06:00,2024-12-22 14:14:00,2024-12-22 14:23:00,2024-12-22,2024,12,Dec,14,M1.1,M,1.1,-20.0,60.0,13930.0,,GOES-P: EXIS 1.0-8.0,60.0,Southern,Mid disk (30-60°),17.0
2024-12-22T20:39:00-FLR-001,Solar Flare,2024-12-22 20:39:00,2024-12-22 20:49:00,2024-12-22 20:54:00,2024-12-22,2024,12,Dec,20,M1.1,M,1.1,-16.0,-37.0,13932.0,,GOES-S: EXIS 1.0-8.0,37.0,Southern,Mid disk (30-60°),15.0
2024-12-23T02:10:00-FLR-001,Solar Flare,2024-12-23 02:10:00,2024-12-23 02:31:00,2024-12-23 02:59:00,2024-12-23,2024,12,Dec,2,M1.0,M,1.0,19.0,-90.0,13938.0,,GOES-S: EXIS 1.0-8.0,90.0,Northern,Near limb (>60°),49.0
2024-12-23T06:24:00-FLR-001,Solar Flare,2024-12-23 06:24:00,2024-12-23 06:29:00,2024-12-23 06:34:00,2024-12-23,2024,12,Dec,6,M1.0,M,1.0,-10.0,-14.0,13928.0,,GOES-P: EXIS 1.0-8.0,14.0,Southern,Near centre (<30°),10.0
2024-12-23T11:06:00-FLR-001,Solar Flare,2024-12-23 11:06:00,2024-12-23 11:12:00,2024-12-23 11:16:00,2024-12-23,2024,12,Dec,11,M8.9,M,8.9,-18.0,-30.0,13932.0,,GOES-P: EXIS 1.0-8.0,30.0,Southern,Near centre (<30°),10.0
2024-12-24T00:14:00-FLR-001,Solar Flare,2024-12-24 00:14:00,2024-12-24 00:19:00,2024-12-24 00:24:00,2024-12-24,2024,12,Dec,0,M4.7,M,4.7,-15.0,-20.0,13932.0,,GOES-S: EXIS 1.0-8.0,20.0,Southern,Near centre (<30°),10.0
2024-12-24T01:50:00-FLR-001,Solar Flare,2024-12-24 01:50:00,2024-12-24 02:10:00,2024-12-24 02:37:00,2024-12-24,2024,12,Dec,1,M1.0,M,1.0,-2.0,-5.0,13933.0,,GOES-S: EXIS 1.0-8.0,5.0,Southern,Near centre (<30°),47.0
2024-12-24T08:28:00-FLR-001,Solar Flare,2024-12-24 08:28:00,2024-12-24 08:41:00,2024-12-24 08:45:00,2024-12-24,2024,12,Dec,8,M4.1,M,4.1,-17.0,-17.0,13932.0,,GOES-P: EXIS 1.0-8.0,17.0,Southern,Near centre (<30°),17.0
2024-12-24T14:02:00-FLR-001,Solar Flare,2024-12-24 14:02:00,2024-12-24 14:10:00,2024-12-24 14:14:00,2024-12-24,2024,12,Dec,14,M1.1,M,1.1,-16.0,-14.0,13932.0,,GOES-P: EXIS 1.0-8.0,14.0,Southern,Near centre (<30°),12.0
2024-12-24T16:25:00-FLR-001,Solar Flare,2024-12-24 16:25:00,2024-12-24 16:34:00,2024-12-24 16:41:00,2024-12-24,2024,12,Dec,16,M1.3,M,1.3,-18.0,-21.0,13932.0,,GOES-P: EXIS 1.0-8.0,21.0,Southern,Near centre (<30°),16.0
2024-12-24T18:20:00-FLR-001,Solar Flare,2024-12-24 18:20:00,2024-12-24 18:24:00,2024-12-24 18:30:00,2024-12-24,2024,12,Dec,18,M1.0,M,1.0,-15.0,-20.0,13932.0,,GOES-S: EXIS 1.0-8.0,20.0,Southern,Near centre (<30°),10.0
2024-12-24T20:15:00-FLR-001,Solar Flare,2024-12-24 20:15:00,2024-12-24 20:28:00,2024-12-24 20:41:00,2024-12-24,2024,12,Dec,20,M1.0,M,1.0,-23.0,87.0,13930.0,,GOES-P: EXIS 1.0-8.0,87.0,Southern,Near limb (>60°),26.0
2024-12-24T22:24:00-FLR-001,Solar Flare,2024-12-24 22:24:00,2024-12-24 22:34:00,2024-12-24 22:41:00,2024-12-24,2024,12,Dec,22,M1.2,M,1.2,22.0,-63.0,13938.0,,GOES-P: EXIS 1.0-8.0,63.0,Northern,Near limb (>60°),17.0
2024-12-25T04:14:00-FLR-001,Solar Flare,2024-12-25 04:14:00,2024-12-25 04:30:00,2024-12-25 04:39:00,2024-12-25,2024,12,Dec,4,M2.8,M,2.8,20.0,-63.0,13938.0,,GOES-S: EXIS 1.0-8.0,63.0,Northern,Near limb (>60°),25.0
2024-12-25T04:46:00-FLR-001,Solar Flare,2024-12-25 04:46:00,2024-12-25 04:49:00,2024-12-25 04:53:00,2024-12-25,2024,12,Dec,4,M4.9,M,4.9,-18.0,-10.0,13932.0,,GOES-S: EXIS 1.0-8.0,10.0,Southern,Near centre (<30°),7.0
2024-12-25T23:59:00-FLR-001,Solar Flare,2024-12-25 23:59:00,2024-12-26 00:30:00,2024-12-26 00:53:00,2024-12-25,2024,12,Dec,23,M3.1,M,3.1,20.0,-52.0,13938.0,,GOES-P: EXIS 1.0-8.0,52.0,Northern,Mid disk (30-60°),54.0
2024-12-26T02:52:00-FLR-001,Solar Flare,2024-12-26 02:52:00,2024-12-26 03:15:00,2024-12-26 03:25:00,2024-12-26,2024,12,Dec,2,M7.4,M,7.4,20.0,-51.0,13938.0,,GOES-P: EXIS 1.0-8.0,51.0,Northern,Mid disk (30-60°),33.0
2024-12-26T18:28:00-FLR-001,Solar Flare,2024-12-26 18:28:00,2024-12-26 18:45:00,2024-12-26 19:12:00,2024-12-26,2024,12,Dec,18,C9.6,C,9.6,-5.0,-73.0,,,GOES-P: EXIS 1.0-8.0,73.0,Southern,Near limb (>60°),44.0
2024-12-27T15:27:00-FLR-001,Solar Flare,2024-12-27 15:27:00,2024-12-27 15:38:00,2024-12-27 15:45:00,2024-12-27,2024,12,Dec,15,M1.2,M,1.2,-14.0,43.0,13928.0,,GOES-P: EXIS 1.0-8.0,43.0,Southern,Mid disk (30-60°),18.0
2024-12-27T20:29:00-FLR-001,Solar Flare,2024-12-27 20:29:00,2024-12-27 20:35:00,2024-12-27 20:41:00,2024-12-27,2024,12,Dec,20,M3.3,M,3.3,21.0,-29.0,13938.0,,GOES-P: EXIS 1.0-8.0,29.0,Northern,Near centre (<30°),12.0
2024-12-28T11:12:00-FLR-001,Solar Flare,2024-12-28 11:12:00,2024-12-28 11:21:00,2024-12-28 11:31:00,2024-12-28,2024,12,Dec,11,M4.5,M,4.5,-15.0,27.0,13932.0,,GOES-P: EXIS 1.0-8.0,27.0,Southern,Near centre (<30°),19.0
2024-12-28T15:14:00-FLR-001,Solar Flare,2024-12-28 15:14:00,2024-12-28 15:18:00,2024-12-28 15:23:00,2024-12-28,2024,12,Dec,15,M1.3,M,1.3,-16.0,31.0,13932.0,,GOES-P: EXIS 1.0-8.0,31.0,Southern,Mid disk (30-60°),9.0
2024-12-28T22:04:00-FLR-001,Solar Flare,2024-12-28 22:04:00,2024-12-28 22:14:00,2024-12-28 22:23:00,2024-12-28,2024,12,Dec,22,M1.2,M,1.2,-7.0,60.0,13933.0,,GOES-P: EXIS 1.0-8.0,60.0,Southern,Mid disk (30-60°),19.0
2024-12-29T02:28:00-FLR-001,Solar Flare,2024-12-29 02:28:00,2024-12-29 02:35:00,2024-12-29 02:38:00,2024-12-29,2024,12,Dec,2,M1.0,M,1.0,17.0,81.0,13929.0,,GOES-P: EXIS 1.0-8.0,81.0,Northern,Near limb (>60°),10.0
2024-12-29T02:38:00-FLR-001,Solar Flare,2024-12-29 02:38:00,2024-12-29 02:46:00,2024-12-29 02:53:00,2024-12-29,2024,12,Dec,2,M1.3,M,1.3,15.0,26.0,13936.0,,GOES-P: EXIS 1.0-8.0,26.0,Northern,Near centre (<30°),15.0
2024-12-29T03:56:00-FLR-001,Solar Flare,2024-12-29 03:56:00,2024-12-29 04:05:00,2024-12-29 04:14:00,2024-12-29,2024,12,Dec,3,M1.2,M,1.2,-4.0,-40.0,13940.0,,GOES-P: EXIS 1.0-8.0,40.0,Southern,Mid disk (30-60°),18.0
2024-12-29T04:18:00-FLR-001,Solar Flare,2024-12-29 04:18:00,2024-12-29 04:30:00,2024-12-29 04:45:00,2024-12-29,2024,12,Dec,4,M2.0,M,2.0,-15.0,-30.0,13939.0,,GOES-P: EXIS 1.0-8.0,30.0,Southern,Near centre (<30°),27.0
2024-12-29T05:12:00-FLR-001,Solar Flare,2024-12-29 05:12:00,2024-12-29 05:26:00,2024-12-29 05:32:00,2024-12-29,2024,12,Dec,5,M3.1,M,3.1,-8.0,66.0,13933.0,,GOES-P: EXIS 1.0-8.0,66.0,Southern,Near limb (>60°),20.0
2024-12-29T05:41:00-FLR-001,Solar Flare,2024-12-29 05:41:00,2024-12-29 05:47:00,2024-12-29 05:58:00,2024-12-29,2024,12,Dec,5,M3.5,M,3.5,18.0,88.0,13929.0,,GOES-P: EXIS 1.0-8.0,88.0,Northern,Near limb (>60°),17.0
2024-12-29T06:48:00-FLR-001,Solar Flare,2024-12-29 06:48:00,2024-12-29 06:59:00,2024-12-29 07:08:00,2024-12-29,2024,12,Dec,6,M3.0,M,3.0,13.0,37.0,13936.0,,GOES-P: EXIS 1.0-8.0,37.0,Northern,Mid disk (30-60°),20.0
2024-12-29T07:08:00-FLR-001,Solar Flare,2024-12-29 07:08:00,2024-12-29 07:18:00,2024-12-29 07:34:00,2024-12-29,2024,12,Dec,7,X1.1,X,1.1,13.0,35.0,13936.0,,GOES-P: EXIS 1.0-8.0,35.0,Northern,Mid disk (30-60°),26.0
2024-12-29T07:54:00-FLR-001,Solar Flare,2024-12-29 07:54:00,2024-12-29 07:59:00,2024-12-29 09:00:00,2024-12-29,2024,12,Dec,7,M4.1,M,4.1,13.0,35.0,13936.0,,GOES-P: EXIS 1.0-8.0,35.0,Northern,Mid disk (30-60°),66.0
2024-12-29T09:41:00-FLR-001,Solar Flare,2024-12-29 09:41:00,2024-12-29 09:48:00,2024-12-29 09:55:00,2024-12-29,2024,12,Dec,9,M1.3,M,1.3,13.0,35.0,13936.0,,GOES-P: EXIS 1.0-8.0,35.0,Northern,Mid disk (30-60°),14.0
2024-12-29T10:26:00-FLR-001,Solar Flare,2024-12-29 10:26:00,2024-12-29 10:39:00,2024-12-29 10:54:00,2024-12-29,2024,12,Dec,10,M2.6,M,2.6,-17.0,41.0,13932.0,,GOES-P: EXIS 1.0-8.0,41.0,Southern,Mid disk (30-60°),28.0
2024-12-29T12:15:00-FLR-001,Solar Flare,2024-12-29 12:15:00,2024-12-29 12:24:00,2024-12-29 12:29:00,2024-12-29,2024,12,Dec,12,M1.6,M,1.6,14.0,36.0,13936.0,,GOES-P: EXIS 1.0-8.0,36.0,Northern,Mid disk (30-60°),14.0
2024-12-29T12:50:00-FLR-001,Solar Flare,2024-12-29 12:50:00,2024-12-29 12:56:00,2024-12-29 13:00:00,2024-12-29,2024,12,Dec,12,M1.3,M,1.3,14.0,36.0,13936.0,,GOES-P: EXIS 1.0-8.0,36.0,Northern,Mid disk (30-60°),10.0
2024-12-29T15:02:00-FLR-001,Solar Flare,2024-12-29 15:02:00,2024-12-29 15:09:00,2024-12-29 15:22:00,2024-12-29,2024,12,Dec,15,M7.1,M,7.1,13.0,39.0,13936.0,,GOES-P: EXIS 1.0-8.0,39.0,Northern,Mid disk (30-60°),20.0
2024-12-29T16:56:00-FLR-001,Solar Flare,2024-12-29 16:56:00,2024-12-29 17:08:00,2024-12-29 17:20:00,2024-12-29,2024,12,Dec,16,M3.3,M,3.3,-12.0,-23.0,13939.0,,GOES-P: EXIS 1.0-8.0,23.0,Southern,Near centre (<30°),24.0
2024-12-29T17:46:00-FLR-001,Solar Flare,2024-12-29 17:46:00,2024-12-29 17:52:00,2024-12-29 17:58:00,2024-12-29,2024,12,Dec,17,M1.2,M,1.2,-11.0,48.0,13932.0,,GOES-P: EXIS 1.0-8.0,48.0,Southern,Mid disk (30-60°),12.0
2024-12-29T17:58:00-FLR-001,Solar Flare,2024-12-29 17:58:00,2024-12-29 18:04:00,2024-12-29 18:08:00,2024-12-29,2024,12,Dec,17,M1.4,M,1.4,-2.0,-29.0,13940.0,,GOES-P: EXIS 1.0-8.0,29.0,Southern,Near centre (<30°),10.0
2024-12-29T18:27:00-FLR-001,Solar Flare,2024-12-29 18:27:00,2024-12-29 18:41:00,2024-12-29 18:58:00,2024-12-29,2024,12,Dec,18,M3.3,M,3.3,13.0,40.0,13936.0,,GOES-P: EXIS 1.0-8.0,40.0,Northern,Mid disk (30-60°),31.0
2024-12-29T20:31:00-FLR-001,Solar Flare,2024-12-29 20:31:00,2024-12-29 20:39:00,2024-12-29 20:46:00,2024-12-29,2024,12,Dec,20,M1.1,M,1.1,13.0,42.0,13936.0,,GOES-P: EXIS 1.0-8.0,42.0,Northern,Mid disk (30-60°),15.0
2024-12-29T21:42:00-FLR-001,Solar Flare,2024-12-29 21:42:00,2024-12-29 21:53:00,2024-12-29 21:57:00,2024-12-29,2024,12,Dec,21,M1.5,M,1.5,13.0,43.0,13936.0,,GOES-P: EXIS 1.0-8.0,43.0,Northern,Mid disk (30-60°),15.0
2024-12-29T21:57:00-FLR-001,Solar Flare,2024-12-29 21:57:00,2024-12-29 22:06:00,2024-12-29 22:13:00,2024-12-29,2024,12,Dec,21,M1.8,M,1.8,13.0,43.0,13936.0,,GOES-P: EXIS 1.0-8.0,43.0,Northern,Mid disk (30-60°),16.0
2024-12-29T23:20:00-FLR-001,Solar Flare,2024-12-29 23:20:00,2024-12-29 23:30:00,2024-12-29 23:36:00,2024-12-29,2024,12,Dec,23,M1.9,M,1.9,13.0,43.0,13936.0,,GOES-P: EXIS 1.0-8.0,43.0,Northern,Mid disk (30-60°),16.0
2024-12-30T00:33:00-FLR-001,Solar Flare,2024-12-30 00:33:00,2024-12-30 00:47:00,2024-12-30 00:58:00,2024-12-30,2024,12,Dec,0,M1.7,M,1.7,-17.0,-15.0,13939.0,,GOES-P: EXIS 1.0-8.0,15.0,Southern,Near centre (<30°),25.0
2024-12-30T02:50:00-FLR-001,Solar Flare,2024-12-30 02:50:00,2024-12-30 03:00:00,2024-12-30 03:08:00,2024-12-30,2024,12,Dec,2,M1.7,M,1.7,-6.0,-24.0,13941.0,,GOES-P: EXIS 1.0-8.0,24.0,Southern,Near centre (<30°),18.0
2024-12-30T04:01:00-FLR-001,Solar Flare,2024-12-30 04:01:00,2024-12-30 04:14:00,2024-12-30 04:28:00,2024-12-30,2024,12,Dec,4,X1.5,X,1.5,13.0,46.0,13936.0,,GOES-P: EXIS 1.0-8.0,46.0,Northern,Mid disk (30-60°),27.0
2024-12-30T04:29:00-FLR-001,Solar Flare,2024-12-30 04:29:00,2024-12-30 04:31:00,2024-12-30 04:34:00,2024-12-30,2024,12,Dec,4,X1.1,X,1.1,-17.0,53.0,13932.0,,GOES-P: EXIS 1.0-8.0,53.0,Southern,Mid disk (30-60°),5.0
2024-12-30T06:13:00-FLR-001,Solar Flare,2024-12-30 06:13:00,2024-12-30 06:25:00,2024-12-30 06:40:00,2024-12-30,2024,12,Dec,6,M3.5,M,3.5,-17.0,-15.0,13939.0,,GOES-P: EXIS 1.0-8.0,15.0,Southern,Near centre (<30°),27.0
2024-12-30T08:34:00-FLR-001,Solar Flare,2024-12-30 08:34:00,2024-12-30 08:40:00,2024-12-30 08:44:00,2024-12-30,2024,12,Dec,8,M1.4,M,1.4,-8.0,80.0,13933.0,,GOES-P: EXIS 1.0-8.0,80.0,Southern,Near limb (>60°),10.0
2024-12-30T08:44:00-FLR-001,Solar Flare,2024-12-30 08:44:00,2024-12-30 08:50:00,2024-12-30 08:56:00,2024-12-30,2024,12,Dec,8,M1.7,M,1.7,-8.0,80.0,13933.0,,GOES-P: EXIS 1.0-8.0,80.0,Southern,Near limb (>60°),12.0
2024-12-30T10:00:00-FLR-001,Solar Flare,2024-12-30 10:00:00,2024-12-30 10:11:00,2024-12-30 10:18:00,2024-12-30,2024,12,Dec,10,M1.7,M,1.7,-8.0,81.0,13933.0,,GOES-P: EXIS 1.0-8.0,81.0,Southern,Near limb (>60°),18.0
2024-12-30T14:34:00-FLR-001,Solar Flare,2024-12-30 14:34:00,2024-12-30 14:46:00,2024-12-30 14:53:00,2024-12-30,2024,12,Dec,14,M3.5,M,3.5,13.0,49.0,13936.0,,GOES-P: EXIS 1.0-8.0,49.0,Northern,Mid disk (30-60°),19.0
2024-12-30T16:45:00-FLR-001,Solar Flare,2024-12-30 16:45:00,2024-12-30 16:54:00,2024-12-30 16:56:00,2024-12-30,2024,12,Dec,16,M5.0,M,5.0,13.0,50.0,13936.0,,GOES-P: EXIS 1.0-8.0,50.0,Northern,Mid disk (30-60°),11.0
2024-12-30T16:56:00-FLR-001,Solar Flare,2024-12-30 16:56:00,2024-12-30 16:58:00,2024-12-30 17:01:00,2024-12-30,2024,12,Dec,16,M4.2,M,4.2,-2.0,-15.0,13941.0,,GOES-P: EXIS 1.0-8.0,15.0,Southern,Near centre (<30°),5.0
2024-12-30T17:14:00-FLR-001,Solar Flare,2024-12-30 17:14:00,2024-12-30 17:30:00,2024-12-30 17:36:00,2024-12-30,2024,12,Dec,17,M1.2,M,1.2,13.0,51.0,13936.0,,GOES-P: EXIS 1.0-8.0,51.0,Northern,Mid disk (30-60°),22.0
2024-12-30T17:36:00-FLR-001,Solar Flare,2024-12-30 17:36:00,2024-12-30 17:42:00,2024-12-30 17:48:00,2024-12-30,2024,12,Dec,17,M1.6,M,1.6,13.0,51.0,13936.0,,GOES-P: EXIS 1.0-8.0,51.0,Northern,Mid disk (30-60°),12.0
2024-12-30T18:14:00-FLR-001,Solar Flare,2024-12-30 18:14:00,2024-12-30 18:24:00,2024-12-30 18:27:00,2024-12-30,2024,12,Dec,18,M1.6,M,1.6,13.0,51.0,13936.0,,GOES-P: EXIS 1.0-8.0,51.0,Northern,Mid disk (30-60°),13.0
2024-12-30T18:27:00-FLR-001,Solar Flare,2024-12-30 18:27:00,2024-12-30 18:33:00,2024-12-30 18:43:00,2024-12-30,2024,12,Dec,18,M1.7,M,1.7,13.0,51.0,13936.0,,GOES-P: EXIS 1.0-8.0,51.0,Northern,Mid disk (30-60°),16.0
2024-12-30T22:35:00-FLR-001,Solar Flare,2024-12-30 22:35:00,2024-12-30 22:41:00,2024-12-30 22:48:00,2024-12-30,2024,12,Dec,22,M1.0,M,1.0,-14.0,-6.0,13939.0,,GOES-P: EXIS 1.0-8.0,6.0,Southern,Near centre (<30°),13.0
2024-12-31T04:50:00-FLR-001,Solar Flare,2024-12-31 04:50:00,2024-12-31 05:00:00,2024-12-31 05:06:00,2024-12-31,2024,12,Dec,4,M1.0,M,1.0,-19.0,63.0,13932.0,,GOES-P: EXIS 1.0-8.0,63.0,Southern,Near limb (>60°),16.0
2024-12-31T21:09:00-FLR-001,Solar Flare,2024-12-31 21:09:00,2024-12-31 21:51:00,2024-12-31 22:02:00,2024-12-31,2024,12,Dec,21,M2.0,M,2.0,15.0,74.0,13936.0,,GOES-P: EXIS 1.0-8.0,74.0,Northern,Near limb (>60°),53.0
2024-12-31T22:02:00-FLR-001,Solar Flare,2024-12-31 22:02:00,2024-12-31 22:19:00,2024-12-31 22:38:00,2024-12-31,2024,12,Dec,22,M2.7,M,2.7,15.0,70.0,13936.0,,GOES-P: EXIS 1.0-8.0,70.0,Northern,Near limb (>60°),36.0
2024-12-31T22:46:00-FLR-001,Solar Flare,2024-12-31 22:46:00,2024-12-31 22:50:00,2024-12-31 22:55:00,2024-12-31,2024,12,Dec,22,M2.9,M,2.9,21.0,30.0,13938.0,,GOES-P: EXIS 1.0-8.0,30.0,Northern,Near centre (<30°),9.0
2025-01-01T04:35:00-FLR-001,Solar Flare,2025-01-01 04:35:00,2025-01-01 04:45:00,2025-01-01 05:02:00,2025-01-01,2025,1,Jan,4,M1.1,M,1.1,13.0,72.0,13936.0,,GOES-P: EXIS 1.0-8.0,72.0,Northern,Near limb (>60°),27.0
2025-01-01T09:00:00-GST-001,Geomagnetic Storm,2025-01-01 09:00:00,,,2025-01-01,2025,1,Jan,9,G0,G,0.0,,,,6.33,,,,,
2025-01-01T15:12:00-FLR-001,Solar Flare,2025-01-01 15:12:00,2025-01-01 15:24:00,2025-01-01 15:43:00,2025-01-01,2025,1,Jan,15,M1.0,M,1.0,13.0,78.0,13936.0,,GOES-P: EXIS 1.0-8.0,78.0,Northern,Near limb (>60°),31.0
2025-01-01T18:05:00-FLR-001,Solar Flare,2025-01-01 18:05:00,2025-01-01 18:17:00,2025-01-01 18:28:00,2025-01-01,2025,1,Jan,18,M1.2,M,1.2,13.0,79.0,13936.0,,GOES-P: EXIS 1.0-8.0,79.0,Northern,Near limb (>60°),23.0
2025-01-01T21:32:00-FLR-001,Solar Flare,2025-01-01 21:32:00,2025-01-01 21:41:00,2025-01-01 21:46:00,2025-01-01,2025,1,Jan,21,M1.1,M,1.1,13.0,90.0,13936.0,,GOES-P: EXIS 1.0-8.0,90.0,Northern,Near limb (>60°),14.0
2025-01-02T17:18:00-FLR-001,Solar Flare,2025-01-02 17:18:00,2025-01-02 17:40:00,2025-01-02 17:59:00,2025-01-02,2025,1,Jan,17,M1.1,M,1.1,-11.0,29.0,13939.0,,GOES-P: EXIS 1.0-8.0,29.0,Southern,Near centre (<30°),41.0
2025-01-03T11:29:00-FLR-001,Solar Flare,2025-01-03 11:29:00,2025-01-03 11:39:00,2025-01-03 11:49:00,2025-01-03,2025,1,Jan,11,X1.2,X,1.2,10.0,-64.0,13947.0,,GOES-P: EXIS 1.0-8.0,64.0,Northern,Near limb (>60°),20.0
2025-01-03T21:54:00-FLR-001,Solar Flare,2025-01-03 21:54:00,2025-01-03 22:12:00,2025-01-03 22:27:00,2025-01-03,2025,1,Jan,21,M2.3,M,2.3,12.0,-58.0,13947.0,,GOES-P: EXIS 1.0-8.0,58.0,Northern,Mid disk (30-60°),33.0
2025-01-03T22:32:00-FLR-001,Solar Flare,2025-01-03 22:32:00,2025-01-03 22:41:00,2025-01-03 22:51:00,2025-01-03,2025,1,Jan,22,X1.1,X,1.1,11.0,-60.0,13947.0,,GOES-P: EXIS 1.0-8.0,60.0,Northern,Mid disk (30-60°),19.0
2025-01-03T23:14:00-FLR-001,Solar Flare,2025-01-03 23:14:00,2025-01-03 23:24:00,2025-01-03 23:33:00,2025-01-03,2025,1,Jan,23,M1.9,M,1.9,12.0,-59.0,13947.0,,GOES-P: EXIS 1.0-8.0,59.0,Northern,Mid disk (30-60°),19.0
2025-01-03T23:50:00-FLR-001,Solar Flare,2025-01-03 23:50:00,2025-01-03 23:56:00,2025-01-04 00:05:00,2025-01-03,2025,1,Jan,23,M5.8,M,5.8,11.0,-58.0,13947.0,,GOES-P: EXIS 1.0-8.0,58.0,Northern,Mid disk (30-60°),15.0
2025-01-04T00:34:00-FLR-001,Solar Flare,2025-01-04 00:34:00,2025-01-04 00:36:00,2025-01-04 00:41:00,2025-01-04,2025,1,Jan,0,M1.5,M,1.5,11.0,-58.0,13947.0,,GOES-P: EXIS 1.0-8.0,58.0,Northern,Mid disk (30-60°),7.0
2025-01-04T04:58:00-FLR-001,Solar Flare,2025-01-04 04:58:00,2025-01-04 05:18:00,2025-01-04 05:27:00,2025-01-04,2025,1,Jan,4,M7.6,M,7.6,12.0,-54.0,13947.0,,GOES-P: EXIS 1.0-8.0,54.0,Northern,Mid disk (30-60°),29.0
2025-01-04T09:51:00-HSS-001,High Speed Stream,2025-01-04 09:51:00,,,2025-01-04,2025,1,Jan,9,,,,,,,,"DSCOVR: PLASMAG, ACE: SWEPAM, ACE: MAG",,,,
2025-01-04T12:34:00-FLR-001,Solar Flare,2025-01-04 12:34:00,2025-01-04 12:48:00,2025-01-04 12:56:00,2025-01-04,2025,1,Jan,12,X1.8,X,1.8,12.0,-50.0,13947.0,,GOES-P: EXIS 1.0-8.0,50.0,Northern,Mid disk (30-60°),22.0
2025-01-04T14:24:00-FLR-001,Solar Flare,2025-01-04 14:24:00,2025-01-04 15:08:00,2025-01-04 15:56:00,2025-01-04,2025,1,Jan,14,C9.3,C,9.3,-17.0,55.0,13939.0,,GOES-P: EXIS 1.0-8.0,55.0,Southern,Mid disk (30-60°),92.0
2025-01-04T18:46:00-FLR-001,Solar Flare,2025-01-04 18:46:00,2025-01-04 19:15:00,2025-01-04 19:52:00,2025-01-04,2025,1,Jan,18,C7.6,C,7.6,-17.0,57.0,13939.0,,GOES-P: EXIS 1.0-8.0,57.0,Southern,Mid disk (30-60°),66.0
2025-01-04T23:08:00-FLR-001,Solar Flare,2025-01-04 23:08:00,2025-01-04 23:26:00,2025-01-04 23:36:00,2025-01-04,2025,1,Jan,23,M2.1,M,2.1,11.0,-44.0,13947.0,,GOES-P: EXIS 1.0-8.0,44.0,Northern,Mid disk (30-60°),28.0
2025-01-04T23:57:00-FLR-001,Solar Flare,2025-01-04 23:57:00,2025-01-05 00:06:00,2025-01-05 00:16:00,2025-01-04,2025,1,Jan,23,M1.1,M,1.1,10.0,-42.0,13947.0,,GOES-P: EXIS 1.0-8.0,42.0,Northern,Mid disk (30-60°),19.0
2025-01-05T02:14:00-FLR-001,Solar Flare,2025-01-05 02:14:00,2025-01-05 02:39:00,2025-01-05 02:56:00,2025-01-05,2025,1,Jan,2,M4.1,M,4.1,10.0,-40.0,13947.0,,GOES-P: EXIS 1.0-8.0,40.0,Northern,Mid disk (30-60°),42.0
2025-01-05T07:04:00-FLR-001,Solar Flare,2025-01-05 07:04:00,2025-01-05 07:18:00,2025-01-05 07:41:00,2025-01-05,2025,1,Jan,7,M2.1,M,2.1,12.0,-41.0,13947.0,,GOES-P: EXIS 1.0-8.0,41.0,Northern,Mid disk (30-60°),37.0
2025-01-05T09:09:00-FLR-001,Solar Flare,2025-01-05 09:09:00,2025-01-05 09:36:00,2025-01-05 09:51:00,2025-01-05,2025,1,Jan,9,M4.1,M,4.1,12.0,-41.0,13947.0,,GOES-P: EXIS 1.0-8.0,41.0,Northern,Mid disk (30-60°),42.0
2025-01-05T15:20:00-FLR-001,Solar Flare,2025-01-05 15:20:00,2025-01-05 15:37:00,2025-01-05 15:43:00,2025-01-05,2025,1,Jan,15,M2.4,M,2.4,12.0,-40.0,13947.0,,GOES-P: EXIS 1.0-8.0,40.0,Northern,Mid disk (30-60°),23.0
2025-01-06T01:29:00-FLR-001,Solar Flare,2025-01-06 01:29:00,2025-01-06 01:52:00,2025-01-06 02:08:00,2025-01-06,2025,1,Jan,1,M3.1,M,3.1,11.0,-28.0,13947.0,,GOES-P: EXIS 1.0-8.0,28.0,Northern,Near centre (<30°),39.0
2025-01-06T03:36:00-FLR-001,Solar Flare,2025-01-06 03:36:00,2025-01-06 03:50:00,2025-01-06 03:54:00,2025-01-06,2025,1,Jan,3,M1.4,M,1.4,15.0,-30.0,13947.0,,GOES-P: EXIS 1.0-8.0,30.0,Northern,Near centre (<30°),18.0
2025-01-06T16:12:00-FLR-001,Solar Flare,2025-01-06 16:12:00,2025-01-06 16:24:00,2025-01-06 16:30:00,2025-01-06,2025,1,Jan,16,M4.8,M,4.8,15.0,-26.0,13947.0,,GOES-P: EXIS 1.0-8.0,26.0,Northern,Near centre (<30°),18.0
2025-01-06T21:58:00-FLR-001,Solar Flare,2025-01-06 21:58:00,2025-01-06 22:10:00,2025-01-06 22:38:00,2025-01-06,2025,1,Jan,21,C2.7,C,2.7,-6.0,79.0,13941.0,,GOES-P: EXIS 1.0-8.0,79.0,Southern,Near limb (>60°),40.0
2025-01-07T09:19:00-FLR-001,Solar Flare,2025-01-07 09:19:00,2025-01-07 09:31:00,2025-01-07 09:55:00,2025-01-07,2025,1,Jan,9,C2.5,C,2.5,-15.0,8.0,13951.0,,GOES-P: EXIS 1.0-8.0,8.0,Southern,Near centre (<30°),36.0
2025-01-07T22:35:00-FLR-001,Solar Flare,2025-01-07 22:35:00,2025-01-07 23:05:00,2025-01-07 23:42:00,2025-01-07,2025,1,Jan,22,M1.1,M,1.1,-17.0,99.0,13939.0,,GOES-P: EXIS 1.0-8.0,99.0,Southern,Near limb (>60°),67.0
2025-01-09T00:18:00-FLR-001,Solar Flare,2025-01-09 00:18:00,2025-01-09 00:26:00,2025-01-09 00:33:00,2025-01-09,2025,1,Jan,0,M1.1,M,1.1,15.0,9.0,13947.0,,GOES-P: EXIS 1.0-8.0,9.0,Northern,Near centre (<30°),15.0
2025-01-09T08:00:00-HSS-001,High Speed Stream,2025-01-09 08:00:00,,,2025-01-09,2025,1,Jan,8,,,,,,,,"DSCOVR: PLASMAG, ACE: SWEPAM, ACE: MAG",,,,
2025-01-10T09:24:00-FLR-001,Solar Flare,2025-01-10 09:24:00,2025-01-10 09:42:00,2025-01-10 09:50:00,2025-01-10,2025,1,Jan,9,C6.1,C,6.1,-15.0,49.0,13951.0,,GOES-P: EXIS 1.0-8.0,49.0,Southern,Mid disk (30-60°),26.0
2025-01-11T08:35:00-FLR-001,Solar Flare,2025-01-11 08:35:00,2025-01-11 08:44:00,2025-01-11 09:02:00,2025-01-11,2025,1,Jan,8,C2.8,C,2.8,24.0,80.0,13954.0,,GOES-P: EXIS 1.0-8.0,80.0,Northern,Near limb (>60°),27.0
2025-01-13T06:20:00-HSS-001,High Speed Stream,2025-01-13 06:20:00,,,2025-01-13,2025,1,Jan,6,,,,,,,,"ACE: SWEPAM, ACE: MAG, DSCOVR: PLASMAG",,,,
2025-01-14T11:45:00-HSS-001,High Speed Stream,2025-01-14 11:45:00,,,2025-01-14,2025,1,Jan,11,,,,,,,,"ACE: SWEPAM, ACE: MAG, DSCOVR: PLASMAG",,,,
2025-01-16T23:39:00-HSS-001,High Speed Stream,2025-01-16 23:39:00,,,2025-01-16,2025,1,Jan,23,,,,,,,,"DSCOVR: PLASMAG, ACE: SWEPAM, ACE: MAG",,,,
2025-01-17T01:54:00-HSS-001,High Speed Stream,2025-01-17 01:54:00,,,2025-01-17,2025,1,Jan,1,,,,,,,,STEREO A: IMPACT,,,,
2025-01-17T02:01:00-FLR-001,Solar Flare,2025-01-17 02:01:00,2025-01-17 02:11:00,2025-01-17 02:17:00,2025-01-17,2025,1,Jan,2,M1.3,M,1.3,7.0,23.0,13964.0,,GOES-P: EXIS 1.0-8.0,23.0,Northern,Near centre (<30°),16.0
2025-01-17T03:08:00-FLR-001,Solar Flare,2025-01-17 03:08:00,2025-01-17 03:20:00,2025-01-17 03:34:00,2025-01-17,2025,1,Jan,3,M1.1,M,1.1,-10.0,-43.0,13961.0,,GOES-P: EXIS 1.0-8.0,43.0,Southern,Mid disk (30-60°),26.0
2025-01-17T09:10:00-FLR-001,Solar Flare,2025-01-17 09:10:00,2025-01-17 09:19:00,2025-01-17 09:23:00,2025-01-17,2025,1,Jan,9,M2.0,M,2.0,7.0,28.0,13964.0,,GOES-P: EXIS 1.0-8.0,28.0,Northern,Near centre (<30°),13.0
2025-01-17T11:19:00-FLR-001,Solar Flare,2025-01-17 11:19:00,2025-01-17 11:37:00,2025-01-17 11:49:00,2025-01-17,2025,1,Jan,11,M1.5,M,1.5,7.0,29.0,13964.0,,GOES-P: EXIS 1.0-8.0,29.0,Northern,Near centre (<30°),30.0
2025-01-17T13:24:00-FLR-001,Solar Flare,2025-01-17 13:24:00,2025-01-17 13:35:00,2025-01-17 13:39:00,2025-01-17,2025,1,Jan,13,M7.4,M,7.4,7.0,30.0,13964.0,,GOES-P: EXIS 1.0-8.0,30.0,Northern,Near centre (<30°),15.0
2025-01-17T18:42:00-FLR-001,Solar Flare,2025-01-17 18:42:00,2025-01-17 18:50:00,2025-01-17 19:04:00,2025-01-17,2025,1,Jan,18,M2.1,M,2.1,7.0,32.0,13964.0,,GOES-P: EXIS 1.0-8.0,32.0,Northern,Mid disk (30-60°),22.0
2025-01-17T19:44:00-FLR-001,Solar Flare,2025-01-17 19:44:00,2025-01-17 19:49:00,2025-01-17 19:55:00,2025-01-17,2025,1,Jan,19,M1.8,M,1.8,5.0,35.0,13964.0,,GOES-P: EXIS 1.0-8.0,35.0,Northern,Mid disk (30-60°),11.0
2025-01-17T19:59:00-FLR-001,Solar Flare,2025-01-17 19:59:00,2025-01-17 20:01:00,2025-01-17 20:02:00,2025-01-17,2025,1,Jan,19,M1.1,M,1.1,6.0,29.0,13964.0,,GOES-P: EXIS 1.0-8.0,29.0,Northern,Near centre (<30°),3.0
2025-01-17T22:00:00-FLR-001,Solar Flare,2025-01-17 22:00:00,2025-01-17 22:05:00,2025-01-17 22:14:00,2025-01-17,2025,1,Jan,22,M1.0,M,1.0,5.0,35.0,13964.0,,GOES-P: EXIS 1.0-8.0,35.0,Northern,Mid disk (30-60°),14.0
2025-01-18T00:44:00-FLR-001,Solar Flare,2025-01-18 00:44:00,2025-01-18 00:58:00,2025-01-18 01:03:00,2025-01-18,2025,1,Jan,0,M1.7,M,1.7,6.0,34.0,13964.0,,GOES-P: EXIS 1.0-8.0,34.0,Northern,Mid disk (30-60°),19.0
2025-01-18T03:00:00-FLR-001,Solar Flare,2025-01-18 03:00:00,2025-01-18 03:07:00,2025-01-18 03:15:00,2025-01-18,2025,1,Jan,3,M1.1,M,1.1,8.0,36.0,13964.0,,GOES-P: EXIS 1.0-8.0,36.0,Northern,Mid disk (30-60°),15.0
2025-01-19T02:02:00-HSS-001,High Speed Stream,2025-01-19 02:02:00,,,2025-01-19,2025,1,Jan,2,,,,,,,,STEREO A: IMPACT,,,,
2025-01-19T03:28:00-FLR-001,Solar Flare,2025-01-19 03:28:00,2025-01-19 03:32:00,2025-01-19 03:36:00,2025-01-19,2025,1,Jan,3,M2.4,M,2.4,6.0,49.0,13964.0,,GOES-P: EXIS 1.0-8.0,49.0,Northern,Mid disk (30-60°),8.0
2025-01-19T16:00:00-HSS-001,High Speed Stream,2025-01-19 16:00:00,,,2025-01-19,2025,1,Jan,16,,,,,,,,"ACE: SWEPAM, ACE: MAG, DSCOVR: PLASMAG",,,,
2025-01-21T10:08:00-FLR-001,Solar Flare,2025-01-21 10:08:00,2025-01-21 10:39:00,2025-01-21 11:00:00,2025-01-21,2025,1,Jan,10,M3.3,M,3.3,-18.0,-23.0,13967.0,,GOES-P: EXIS 1.0-8.0,23.0,Southern,Near centre (<30°),52.0
2025-01-22T10:44:00-FLR-001,Solar Flare,2025-01-22 10:44:00,2025-01-22 11:08:00,2025-01-22 11:35:00,2025-01-22,2025,1,Jan,10,M1.3,M,1.3,-15.0,17.0,13961.0,,GOES-P: EXIS 1.0-8.0,17.0,Southern,Near centre (<30°),51.0
2025-01-24T11:43:00-FLR-001,Solar Flare,2025-01-24 11:43:00,2025-01-24 12:21:00,2025-01-24 12:50:00,2025-01-24,2025,1,Jan,11,C9.8,C,9.8,-20.0,-90.0,,,GOES-P: EXIS 1.0-8.0,90.0,Southern,Near limb (>60°),67.0
2025-01-24T20:48:00-FLR-001,Solar Flare,2025-01-24 20:48:00,2025-01-24 21:04:00,2025-01-24 21:17:00,2025-01-24,2025,1,Jan,20,M2.7,M,2.7,-5.0,70.0,13961.0,,GOES-P: EXIS 1.0-8.0,70.0,Southern,Near limb (>60°),29.0
2025-01-25T02:52:00-FLR-001,Solar Flare,2025-01-25 02:52:00,2025-01-25 03:00:00,2025-01-25 03:15:00,2025-01-25,2025,1,Jan,2,C3.7,C,3.7,-11.0,70.0,13961.0,,GOES-P: EXIS 1.0-8.0,70.0,Southern,Near limb (>60°),23.0
2025-01-25T03:16:00-FLR-001,Solar Flare,2025-01-25 03:16:00,2025-01-25 03:23:00,2025-01-25 03:28:00,2025-01-25,2025,1,Jan,3,C4.6,C,4.6,-11.0,70.0,13961.0,,GOES-P: EXIS 1.0-8.0,70.0,Southern,Near limb (>60°),12.0
2025-01-25T17:16:00-FLR-001,Solar Flare,2025-01-25 17:16:00,2025-01-25 17:27:00,2025-01-25 17:33:00,2025-01-25,2025,1,Jan,17,C5.4,C,5.4,-12.0,80.0,13961.0,,GOES-P: EXIS 1.0-8.0,80.0,Southern,Near limb (>60°),17.0
2025-01-27T07:52:00-FLR-001,Solar Flare,2025-01-27 07:52:00,2025-01-27 08:12:00,2025-01-27 08:33:00,2025-01-27,2025,1,Jan,7,M2.6,M,2.6,10.0,-90.0,13976.0,,GOES-P: EXIS 1.0-8.0,90.0,Northern,Near limb (>60°),41.0
2025-01-28T19:41:00-FLR-001,Solar Flare,2025-01-28 19:41:00,2025-01-28 19:45:00,2025-01-28 19:49:00,2025-01-28,2025,1,Jan,19,M1.7,M,1.7,19.0,-70.0,13977.0,,GOES-P: EXIS 1.0-8.0,70.0,Northern,Near limb (>60°),8.0
2025-01-29T03:36:00-FLR-001,Solar Flare,2025-01-29 03:36:00,2025-01-29 04:08:00,2025-01-29 04:21:00,2025-01-29,2025,1,Jan,3,M1.0,M,1.0,22.0,-65.0,13977.0,,GOES-P: EXIS 1.0-8.0,65.0,Northern,Near limb (>60°),45.0
2025-01-31T05:48:00-FLR-001,Solar Flare,2025-01-31 05:48:00,2025-01-31 06:10:00,2025-01-31 06:20:00,2025-01-31,2025,1,Jan,5,M1.0,M,1.0,13.0,-39.0,13976.0,,GOES-P: EXIS 1.0-8.0,39.0,Northern,Mid disk (30-60°),32.0
2025-01-31T13:40:00-FLR-001,Solar Flare,2025-01-31 13:40:00,2025-01-31 14:06:00,2025-01-31 14:25:00,2025-01-31,2025,1,Jan,13,M6.7,M,6.7,14.0,-43.0,13978.0,,GOES-P: EXIS 1.0-8.0,43.0,Northern,Mid disk (30-60°),45.0
2025-01-31T20:14:00-FLR-001,Solar Flare,2025-01-31 20:14:00,2025-01-31 20:23:00,2025-01-31 20:28:00,2025-01-31,2025,1,Jan,20,M1.8,M,1.8,19.0,-27.0,13977.0,,GOES-P: EXIS 1.0-8.0,27.0,Northern,Near centre (<30°),14.0
2025-01-31T21:11:00-HSS-001,High Speed Stream,2025-01-31 21:11:00,,,2025-01-31,2025,1,Jan,21,,,,,,,,"DSCOVR: PLASMAG, ACE: SWEPAM, ACE: MAG",,,,
2025-02-01T13:14:00-FLR-001,Solar Flare,2025-02-01 13:14:00,2025-02-01 13:19:00,2025-02-01 13:23:00,2025-02-01,2025,2,Feb,13,M2.4,M,2.4,19.0,-17.0,13977.0,,GOES-P: EXIS 1.0-8.0,17.0,Northern,Near centre (<30°),9.0
2025-02-02T10:01:00-FLR-001,Solar Flare,2025-02-02 10:01:00,2025-02-02 10:12:00,2025-02-02 10:21:00,2025-02-02,2025,2,Feb,10,M3.0,M,3.0,5.0,-32.0,13981.0,,GOES-P: EXIS 1.0-8.0,32.0,Northern,Mid disk (30-60°),20.0
2025-02-02T12:41:00-FLR-001,Solar Flare,2025-02-02 12:41:00,2025-02-02 12:50:00,2025-02-02 13:00:00,2025-02-02,2025,2,Feb,12,M1.4,M,1.4,4.0,-31.0,13981.0,,GOES-P: EXIS 1.0-8.0,31.0,Northern,Mid disk (30-60°),19.0
2025-02-02T13:58:00-FLR-001,Solar Flare,2025-02-02 13:58:00,2025-02-02 14:04:00,2025-02-02 14:08:00,2025-02-02,2025,2,Feb,13,M5.1,M,5.1,20.0,-3.0,13977.0,,GOES-P: EXIS 1.0-8.0,3.0,Northern,Near centre (<30°),10.0
2025-02-02T15:08:00-FLR-001,Solar Flare,2025-02-02 15:08:00,2025-02-02 15:13:00,2025-02-02 15:17:00,2025-02-02,2025,2,Feb,15,M1.2,M,1.2,4.0,-29.0,13981.0,,GOES-P: EXIS 1.0-8.0,29.0,Northern,Near centre (<30°),9.0
2025-02-02T15:21:00-FLR-001,Solar Flare,2025-02-02 15:21:00,2025-02-02 15:33:00,2025-02-02 15:43:00,2025-02-02,2025,2,Feb,15,M2.7,M,2.7,5.0,-30.0,13981.0,,GOES-P: EXIS 1.0-8.0,30.0,Northern,Near centre (<30°),22.0
2025-02-02T23:09:00-FLR-001,Solar Flare,2025-02-02 23:09:00,2025-02-02 23:24:00,2025-02-02 23:42:00,2025-02-02,2025,2,Feb,23,M4.1,M,4.1,5.0,-25.0,13981.0,,GOES-P: EXIS 1.0-8.0,25.0,Northern,Near centre (<30°),33.0
2025-02-03T02:40:00-HSS-001,High Speed Stream,2025-02-03 02:40:00,,,2025-02-03,2025,2,Feb,2,,,,,,,,"STEREO A: IMPACT, STEREO A: PLASTIC",,,,
2025-02-03T03:34:00-FLR-001,Solar Flare,2025-02-03 03:34:00,2025-02-03 03:47:00,2025-02-03 03:52:00,2025-02-03,2025,2,Feb,3,M1.0,M,1.0,5.0,-20.0,13981.0,,GOES-P: EXIS 1.0-8.0,20.0,Northern,Near centre (<30°),18.0
2025-02-03T03:52:00-FLR-001,Solar Flare,2025-02-03 03:52:00,2025-02-03 03:58:00,2025-02-03 04:04:00,2025-02-03,2025,2,Feb,3,M8.8,M,8.8,5.0,-20.0,13981.0,,GOES-P: EXIS 1.0-8.0,20.0,Northern,Near centre (<30°),12.0
2025-02-03T04:26:00-FLR-001,Solar Flare,2025-02-03 04:26:00,2025-02-03 04:32:00,2025-02-03 04:37:00,2025-02-03,2025,2,Feb,4,M1.0,M,1.0,5.0,-22.0,13981.0,,GOES-P: EXIS 1.0-8.0,22.0,Northern,Near centre (<30°),11.0
2025-02-03T05:37:00-FLR-001,Solar Flare,2025-02-03 05:37:00,2025-02-03 05:47:00,2025-02-03 05:54:00,2025-02-03,2025,2,Feb,5,M3.1,M,3.1,6.0,-24.0,13981.0,,GOES-P: EXIS 1.0-8.0,24.0,Northern,Near centre (<30°),17.0
2025-02-03T07:32:00-FLR-001,Solar Flare,2025-02-03 07:32:00,2025-02-03 07:44:00,2025-02-03 07:52:00,2025-02-03,2025,2,Feb,7,M2.5,M,2.5,5.0,-20.0,13981.0,,GOES-P: EXIS 1.0-8.0,20.0,Northern,Near centre (<30°),20.0
2025-02-03T09:09:00-FLR-001,Solar Flare,2025-02-03 09:09:00,2025-02-03 09:13:00,2025-02-03 09:17:00,2025-02-03,2025,2,Feb,9,M1.4,M,1.4,6.0,-22.0,13981.0,,GOES-P: EXIS 1.0-8.0,22.0,Northern,Near centre (<30°),8.0
2025-02-03T13:07:00-FLR-001,Solar Flare,2025-02-03 13:07:00,2025-02-03 13:18:00,2025-02-03 13:23:00,2025-02-03,2025,2,Feb,13,M6.1,M,6.1,5.0,-16.0,13981.0,,GOES-P: EXIS 1.0-8.0,16.0,Northern,Near centre (<30°),16.0
2025-02-03T18:25:00-FLR-001,Solar Flare,2025-02-03 18:25:00,2025-02-03 18:36:00,2025-02-03 18:45:00,2025-02-03,2025,2,Feb,18,M4.3,M,4.3,5.0,-13.0,13981.0,,GOES-P: EXIS 1.0-8.0,13.0,Northern,Near centre (<30°),20.0
2025-02-03T21:04:00-FLR-001,Solar Flare,2025-02-03 21:04:00,2025-02-03 21:12:00,2025-02-03 21:16:00,2025-02-03,2025,2,Feb,21,M1.4,M,1.4,3.0,-12.0,13981.0,,GOES-P: EXIS 1.0-8.0,12.0,Northern,Near centre (<30°),12.0
2025-02-03T23:14:00-FLR-001,Solar Flare,2025-02-03 23:14:00,2025-02-03 23:28:00,2025-02-03 23:33:00,2025-02-03,2025,2,Feb,23,M1.4,M,1.4,5.0,-15.0,13981.0,,GOES-P: EXIS 1.0-8.0,15.0,Northern,Near centre (<30°),19.0
2025-02-04T00:43:00-FLR-001,Solar Flare,2025-02-04 00:43:00,2025-02-04 00:50:00,2025-02-04 01:07:00,2025-02-04,2025,2,Feb,0,M1.2,M,1.2,5.0,-10.0,13981.0,,GOES-P: EXIS 1.0-8.0,10.0,Northern,Near centre (<30°),24.0
2025-02-04T01:35:00-FLR-001,Solar Flare,2025-02-04 01:35:00,2025-02-04 01:48:00,2025-02-04 02:03:00,2025-02-04,2025,2,Feb,1,M2.6,M,2.6,5.0,-10.0,13981.0,,GOES-P: EXIS 1.0-8.0,10.0,Northern,Near centre (<30°),28.0
2025-02-04T05:07:00-FLR-001,Solar Flare,2025-02-04 05:07:00,2025-02-04 05:18:00,2025-02-04 05:26:00,2025-02-04,2025,2,Feb,5,M1.2,M,1.2,18.0,18.0,13977.0,,GOES-P: EXIS 1.0-8.0,18.0,Northern,Near centre (<30°),19.0
2025-02-04T11:09:00-FLR-001,Solar Flare,2025-02-04 11:09:00,2025-02-04 11:21:00,2025-02-04 11:26:00,2025-02-04,2025,2,Feb,11,M4.7,M,4.7,6.0,-8.0,13981.0,,GOES-P: EXIS 1.0-8.0,8.0,Northern,Near centre (<30°),17.0
2025-02-04T11:27:00-FLR-001,Solar Flare,2025-02-04 11:27:00,2025-02-04 11:29:00,2025-02-04 11:34:00,2025-02-04,2025,2,Feb,11,M1.9,M,1.9,5.0,-7.0,13981.0,,GOES-P: EXIS 1.0-8.0,7.0,Northern,Near centre (<30°),7.0
2025-02-04T12:54:00-FLR-001,Solar Flare,2025-02-04 12:54:00,2025-02-04 13:13:00,2025-02-04 13:22:00,2025-02-04,2025,2,Feb,12,M3.2,M,3.2,17.0,11.0,13977.0,,GOES-P: EXIS 1.0-8.0,11.0,Northern,Near centre (<30°),28.0
2025-02-04T13:43:00-FLR-001,Solar Flare,2025-02-04 13:43:00,2025-02-04 13:45:00,2025-02-04 13:48:00,2025-02-04,2025,2,Feb,13,M1.0,M,1.0,5.0,-6.0,13981.0,,GOES-P: EXIS 1.0-8.0,6.0,Northern,Near centre (<30°),5.0
2025-02-05T03:12:00-FLR-001,Solar Flare,2025-02-05 03:12:00,2025-02-05 03:15:00,2025-02-05 03:22:00,2025-02-05,2025,2,Feb,3,M1.2,M,1.2,7.0,5.0,13981.0,,GOES-P: EXIS 1.0-8.0,5.0,Northern,Near centre (<30°),10.0
2025-02-05T07:44:00-FLR-001,Solar Flare,2025-02-05 07:44:00,2025-02-05 07:50:00,2025-02-05 07:57:00,2025-02-05,2025,2,Feb,7,M2.7,M,2.7,18.0,31.0,13977.0,,GOES-P: EXIS 1.0-8.0,31.0,Northern,Mid disk (30-60°),13.0
2025-02-06T00:00:00-HSS-001,High Speed Stream,2025-02-06 00:00:00,,,2025-02-06,2025,2,Feb,0,,,,,,,,"ACE: SWEPAM, ACE: MAG, DSCOVR: PLASMAG",,,,
2025-02-06T10:47:00-FLR-001,Solar Flare,2025-02-06 10:47:00,2025-02-06 11:04:00,2025-02-06 11:16:00,2025-02-06,2025,2,Feb,10,M7.6,M,7.6,5.0,16.0,13981.0,,GOES-P: EXIS 1.0-8.0,16.0,Northern,Near centre (<30°),29.0
2025-02-06T23:12:00-FLR-001,Solar Flare,2025-02-06 23:12:00,2025-02-06 23:27:00,2025-02-06 23:39:00,2025-02-06,2025,2,Feb,23,M2.3,M,2.3,12.0,35.0,13978.0,,GOES-P: EXIS 1.0-8.0,35.0,Northern,Mid disk (30-60°),27.0
2025-02-07T06:18:00-FLR-001,Solar Flare,2025-02-07 06:18:00,2025-02-07 06:30:00,2025-02-07 06:41:00,2025-02-07,2025,2,Feb,6,M1.6,M,1.6,5.0,35.0,13981.0,,GOES-P: EXIS 1.0-8.0,35.0,Northern,Mid disk (30-60°),23.0
2025-02-07T06:41:00-FLR-001,Solar Flare,2025-02-07 06:41:00,2025-02-07 06:46:00,2025-02-07 06:50:00,2025-02-07,2025,2,Feb,6,M1.1,M,1.1,5.0,35.0,13981.0,,GOES-P: EXIS 1.0-8.0,35.0,Northern,Mid disk (30-60°),9.0
2025-02-07T07:12:00-FLR-001,Solar Flare,2025-02-07 07:12:00,2025-02-07 07:21:00,2025-02-07 07:37:00,2025-02-07,2025,2,Feb,7,M3.2,M,3.2,6.0,27.0,13981.0,,GOES-P: EXIS 1.0-8.0,27.0,Northern,Near centre (<30°),25.0
2025-02-07T07:49:00-FLR-001,Solar Flare,2025-02-07 07:49:00,2025-02-07 07:52:00,2025-02-07 07:54:00,2025-02-07,2025,2,Feb,7,M1.2,M,1.2,18.0,58.0,13977.0,,GOES-P: EXIS 1.0-8.0,58.0,Northern,Mid disk (30-60°),5.0
2025-02-07T08:59:00-FLR-001,Solar Flare,2025-02-07 08:59:00,2025-02-07 09:21:00,2025-02-07 09:36:00,2025-02-07,2025,2,Feb,8,M7.5,M,7.5,10.0,38.0,13981.0,,GOES-P: EXIS 1.0-8.0,38.0,Northern,Mid disk (30-60°),37.0
2025-02-08T08:57:00-FLR-001,Solar Flare,2025-02-08 08:57:00,2025-02-08 09:27:00,2025-02-08 09:41:00,2025-02-08,2025,2,Feb,8,M2.0,M,2.0,6.0,41.0,13981.0,,GOES-P: EXIS 1.0-8.0,41.0,Northern,Mid disk (30-60°),44.0
2025-02-09T09:00:00-HSS-001,High Speed Stream,2025-02-09 09:00:00,,,2025-02-09,2025,2,Feb,9,,,,,,,,"ACE: SWEPAM, ACE: MAG, DSCOVR: PLASMAG",,,,
2025-02-10T00:30:00-FLR-001,Solar Flare,2025-02-10 00:30:00,2025-02-10 00:46:00,2025-02-10 01:02:00,2025-02-10,2025,2,Feb,0,M1.0,M,1.0,5.0,69.0,13981.0,,GOES-P: EXIS 1.0-8.0,69.0,Northern,Near limb (>60°),32.0
2025-02-11T05:22:00-FLR-001,Solar Flare,2025-02-11 05:22:00,2025-02-11 05:35:00,2025-02-11 05:47:00,2025-02-11,2025,2,Feb,5,M1.6,M,1.6,5.0,87.0,13981.0,,GOES-P: EXIS 1.0-8.0,87.0,Northern,Near limb (>60°),25.0
2025-02-11T18:05:00-FLR-001,Solar Flare,2025-02-11 18:05:00,2025-02-11 18:25:00,2025-02-11 18:43:00,2025-02-11,2025,2,Feb,18,C7.2,C,7.2,-9.0,-89.0,,,GOES-P: EXIS 1.0-8.0,89.0,Southern,Near limb (>60°),38.0
2025-02-12T03:28:00-HSS-001,High Speed Stream,2025-02-12 03:28:00,,,2025-02-12,2025,2,Feb,3,,,,,,,,"STEREO A: IMPACT, STEREO A: PLASTIC",,,,
2025-02-13T08:04:00-HSS-001,High Speed Stream,2025-02-13 08:04:00,,,2025-02-13,2025,2,Feb,8,,,,,,,,"ACE: SWEPAM, ACE: MAG, DSCOVR: PLASMAG",,,,
2025-02-13T11:05:00-FLR-001,Solar Flare,2025-02-13 11:05:00,2025-02-13 11:09:00,2025-02-13 11:13:00,2025-02-13,2025,2,Feb,11,M1.0,M,1.0,-6.0,21.0,13992.0,,GOES-P: EXIS 1.0-8.0,21.0,Southern,Near centre (<30°),8.0
2025-02-14T02:13:00-FLR-001,Solar Flare,2025-02-14 02:13:00,2025-02-14 02:28:00,2025-02-14 02:43:00,2025-02-14,2025,2,Feb,2,M1.2,M,1.2,-17.0,-90.0,13996.0,,GOES-P: EXIS 1.0-8.0,90.0,Southern,Near limb (>60°),30.0
2025-02-14T07:31:00-FLR-001,Solar Flare,2025-02-14 07:31:00,2025-02-14 07:45:00,2025-02-14 07:50:00,2025-02-14,2025,2,Feb,7,C6.6,C,6.6,-21.0,-6.0,13994.0,,GOES-P: EXIS 1.0-8.0,6.0,Southern,Near centre (<30°),19.0
2025-02-14T09:48:00-FLR-001,Solar Flare,2025-02-14 09:48:00,2025-02-14 10:06:00,2025-02-14 10:19:00,2025-02-14,2025,2,Feb,9,M1.2,M,1.2,-9.0,-20.0,13990.0,,GOES-P: EXIS 1.0-8.0,20.0,Southern,Near centre (<30°),31.0
2025-02-14T20:45:00-FLR-001,Solar Flare,2025-02-14 20:45:00,2025-02-14 20:57:00,2025-02-14 21:05:00,2025-02-14,2025,2,Feb,20,M1.8,M,1.8,-12.0,-13.0,13990.0,,GOES-P: EXIS 1.0-8.0,13.0,Southern,Near centre (<30°),20.0
2025-02-15T00:50:00-FLR-001,Solar Flare,2025-02-15 00:50:00,2025-02-15 01:06:00,2025-02-15 01:34:00,2025-02-15,2025,2,Feb,0,C1.9,C,1.9,11.0,-31.0,,,GOES-P: EXIS 1.0-8.0,31.0,Northern,Mid disk (30-60°),44.0
2025-02-15T19:22:00-FLR-001,Solar Flare,2025-02-15 19:22:00,2025-02-15 19:36:00,2025-02-15 19:48:00,2025-02-15,2025,2,Feb,19,C3.6,C,3.6,6.0,90.0,13983.0,,GOES-P: EXIS 1.0-8.0,90.0,Northern,Near limb (>60°),26.0
2025-02-17T15:07:00-FLR-001,Solar Flare,2025-02-17 15:07:00,2025-02-17 15:13:00,2025-02-17 15:23:00,2025-02-17,2025,2,Feb,15,M1.0,M,1.0,-5.0,75.0,13992.0,,GOES-P: EXIS 1.0-8.0,75.0,Southern,Near limb (>60°),16.0
2025-02-18T17:00:00-HSS-001,High Speed Stream,2025-02-18 17:00:00,,,2025-02-18,2025,2,Feb,17,,,,,,,,"DSCOVR: PLASMAG, ACE: SWEPAM, ACE: MAG",,,,
2025-02-19T23:23:00-FLR-001,Solar Flare,2025-02-19 23:23:00,2025-02-19 23:45:00,2025-02-19 23:59:00,2025-02-19,2025,2,Feb,23,C8.1,C,8.1,-12.0,34.0,13991.0,,GOES-P: EXIS 1.0-8.0,34.0,Southern,Mid disk (30-60°),36.0
2025-02-21T12:05:00-FLR-001,Solar Flare,2025-02-21 12:05:00,2025-02-21 12:15:00,2025-02-21 12:19:00,2025-02-21,2025,2,Feb,12,M3.3,M,3.3,17.0,-16.0,14000.0,,GOES-P: EXIS 1.0-8.0,16.0,Northern,Near centre (<30°),14.0
2025-02-21T14:31:00-FLR-001,Solar Flare,2025-02-21 14:31:00,2025-02-21 14:35:00,2025-02-21 14:39:00,2025-02-21,2025,2,Feb,14,M1.4,M,1.4,17.0,-15.0,14000.0,,GOES-P: EXIS 1.0-8.0,15.0,Northern,Near centre (<30°),8.0
2025-02-22T20:55:00-FLR-001,Solar Flare,2025-02-22 20:55:00,2025-02-22 21:07:00,2025-02-22 21:22:00,2025-02-22,2025,2,Feb,20,C8.3,C,8.3,24.0,76.0,14001.0,,GOES-P: EXIS 1.0-8.0,76.0,Northern,Near limb (>60°),27.0
2025-02-23T02:00:00-FLR-001,Solar Flare,2025-02-23 02:00:00,2025-02-23 02:13:00,2025-02-23 02:23:00,2025-02-23,2025,2,Feb,2,M4.9,M,4.9,25.0,82.0,14001.0,,GOES-P: EXIS 1.0-8.0,82.0,Northern,Near limb (>60°),23.0
2025-02-23T09:54:00-FLR-001,Solar Flare,2025-02-23 09:54:00,2025-02-23 09:56:00,2025-02-23 10:01:00,2025-02-23,2025,2,Feb,9,M1.0,M,1.0,-13.0,21.0,13998.0,,GOES-P: EXIS 1.0-8.0,21.0,Southern,Near centre (<30°),7.0
2025-02-23T11:47:00-FLR-001,Solar Flare,2025-02-23 11:47:00,2025-02-23 11:58:00,2025-02-23 12:07:00,2025-02-23,2025,2,Feb,11,M1.6,M,1.6,24.0,86.0,14001.0,,GOES-P: EXIS 1.0-8.0,86.0,Northern,Near limb (>60°),20.0
2025-02-23T16:18:00-FLR-001,Solar Flare,2025-02-23 16:18:00,2025-02-23 16:35:00,2025-02-23 16:51:00,2025-02-23,2025,2,Feb,16,M1.0,M,1.0,-12.0,23.0,13998.0,,GOES-P: EXIS 1.0-8.0,23.0,Southern,Near centre (<30°),33.0
2025-02-23T19:22:00-FLR-001,Solar Flare,2025-02-23 19:22:00,2025-02-23 19:27:00,2025-02-23 19:34:00,2025-02-23,2025,2,Feb,19,X2.0,X,2.0,24.0,87.0,14001.0,,GOES-P: EXIS 1.0-8.0,87.0,Northern,Near limb (>60°),12.0
2025-02-24T01:33:00-FLR-001,Solar Flare,2025-02-24 01:33:00,2025-02-24 01:46:00,2025-02-24 01:55:00,2025-02-24,2025,2,Feb,1,M1.3,M,1.3,24.0,88.0,14001.0,,GOES-P: EXIS 1.0-8.0,88.0,Northern,Near limb (>60°),22.0
2025-02-24T06:53:00-FLR-001,Solar Flare,2025-02-24 06:53:00,2025-02-24 07:02:00,2025-02-24 07:08:00,2025-02-24,2025,2,Feb,6,M3.3,M,3.3,17.0,21.0,14000.0,,GOES-P: EXIS 1.0-8.0,21.0,Northern,Near centre (<30°),15.0
2025-02-24T20:51:00-FLR-001,Solar Flare,2025-02-24 20:51:00,2025-02-24 21:01:00,2025-02-24 21:09:00,2025-02-24,2025,2,Feb,20,M1.5,M,1.5,17.0,30.0,14000.0,,GOES-P: EXIS 1.0-8.0,30.0,Northern,Near centre (<30°),18.0
2025-02-24T21:50:00-FLR-001,Solar Flare,2025-02-24 21:50:00,2025-02-24 23:02:00,2025-02-25 00:19:00,2025-02-24,2025,2,Feb,21,M3.9,M,3.9,-13.0,120.0,13990.0,,GOES-P: EXIS 1.0-8.0,120.0,Southern,Near limb (>60°),149.0
2025-02-25T02:43:00-FLR-001,Solar Flare,2025-02-25 02:43:00,2025-02-25 02:47:00,2025-02-25 02:54:00,2025-02-25,2025,2,Feb,2,M1.3,M,1.3,-10.0,43.0,13998.0,,GOES-P: EXIS 1.0-8.0,43.0,Southern,Mid disk (30-60°),11.0
2025-02-25T11:20:00-FLR-001,Solar Flare,2025-02-25 11:20:00,2025-02-25 11:59:00,2025-02-25 12:44:00,2025-02-25,2025,2,Feb,11,M3.6,M,3.6,-15.0,55.0,13998.0,,GOES-P: EXIS 1.0-8.0,55.0,Southern,Mid disk (30-60°),84.0
2025-02-26T12:36:00-HSS-001,High Speed Stream,2025-02-26 12:36:00,,,2025-02-26,2025,2,Feb,12,,,,,,,,"DSCOVR: PLASMAG, ACE: SWEPAM, ACE: MAG",,,,
2025-02-26T22:37:00-FLR-001,Solar Flare,2025-02-26 22:37:00,2025-02-26 22:47:00,2025-02-26 22:58:00,2025-02-26,2025,2,Feb,22,C3.5,C,3.5,-16.0,86.0,13996.0,,GOES-P: EXIS 1.0-8.0,86.0,Southern,Near limb (>60°),21.0
2025-02-27T09:00:00-GST-001,Geomagnetic Storm,2025-02-27 09:00:00,,,2025-02-27,2025,2,Feb,9,G0,G,0.0,,,,5.67,,,,,
2025-02-28T16:18:00-FLR-001,Solar Flare,2025-02-28 16:18:00,2025-02-28 16:28:00,2025-02-28 16:33:00,2025-02-28,2025,2,Feb,16,C5.2,C,5.2,18.0,2.0,14006.0,,GOES-P: EXIS 1.0-8.0,2.0,Northern,Near centre (<30°),15.0
2025-03-01T03:40:00-HSS-001,High Speed Stream,2025-03-01 03:40:00,,,2025-03-01,2025,3,Mar,3,,,,,,,,"STEREO A: IMPACT, STEREO A: PLASTIC",,,,
2025-03-01T22:44:00-FLR-001,Solar Flare,2025-03-01 22:44:00,2025-03-01 23:01:00,2025-03-01 23:17:00,2025-03-01,2025,3,Mar,22,C9.5,C,9.5,-26.0,-90.0,14016.0,,GOES-P: EXIS 1.0-8.0,90.0,Southern,Near limb (>60°),33.0
2025-03-02T03:37:00-FLR-001,Solar Flare,2025-03-02 03:37:00,2025-03-02 03:50:00,2025-03-02 03:58:00,2025-03-02,2025,3,Mar,3,C2.4,C,2.4,-18.0,-58.0,14011.0,,GOES-P: EXIS 1.0-8.0,58.0,Southern,Mid disk (30-60°),21.0
2025-03-02T05:46:00-FLR-001,Solar Flare,2025-03-02 05:46:00,2025-03-02 05:57:00,2025-03-02 06:11:00,2025-03-02,2025,3,Mar,5,C1.1,C,1.1,-18.0,-57.0,14011.0,,GOES-P: EXIS 1.0-8.0,57.0,Southern,Mid disk (30-60°),25.0
2025-03-02T09:26:00-FLR-001,Solar Flare,2025-03-02 09:26:00,2025-03-02 09:38:00,2025-03-02 09:49:00,2025-03-02,2025,3,Mar,9,C2.9,C,2.9,-18.0,-54.0,14011.0,,GOES-P: EXIS 1.0-8.0,54.0,Southern,Mid disk (30-60°),23.0
2025-03-05T11:45:00-FLR-001,Solar Flare,2025-03-05 11:45:00,2025-03-05 11:50:00,2025-03-05 11:54:00,2025-03-05,2025,3,Mar,11,M1.7,M,1.7,-26.0,-43.0,14016.0,,GOES-P: EXIS 1.0-8.0,43.0,Southern,Mid disk (30-60°),9.0
2025-03-07T20:54:00-FLR-001,Solar Flare,2025-03-07 20:54:00,2025-03-07 21:00:00,2025-03-07 21:09:00,2025-03-07,2025,3,Mar,20,M1.6,M,1.6,-26.0,-10.0,14016.0,,GOES-P: EXIS 1.0-8.0,10.0,Southern,Near centre (<30°),15.0
2025-03-08T15:00:00-HSS-001,High Speed Stream,2025-03-08 15:00:00,,,2025-03-08,2025,3,Mar,15,,,,,,,,"DSCOVR: PLASMAG, ACE: SWEPAM, ACE: MAG",,,,
2025-03-09T03:00:00-GST-001,Geomagnetic Storm,2025-03-09 03:00:00,,,2025-03-09,2025,3,Mar,3,G0,G,0.0,,,,5.67,,,,,
2025-03-10T06:30:00-HSS-001,High Speed Stream,2025-03-10 06:30:00,,,2025-03-10,2025,3,Mar,6,,,,,,,,"STEREO A: IMPACT, STEREO A: PLASTIC",,,,
2025-03-11T13:03:00-FLR-001,Solar Flare,2025-03-11 13:03:00,2025-03-11 13:04:00,2025-03-11 13:06:00,2025-03-11,2025,3,Mar,13,M1.1,M,1.1,5.0,47.0,14024.0,,GOES-P: EXIS 1.0-8.0,47.0,Northern,Mid disk (30-60°),3.0
2025-03-11T21:19:00-FLR-001,Solar Flare,2025-03-11 21:19:00,2025-03-11 21:22:00,2025-03-11 21:25:00,2025-03-11,2025,3,Mar,21,C9.6,C,9.6,7.0,56.0,14024.0,,GOES-P: EXIS 1.0-8.0,56.0,Northern,Mid disk (30-60°),6.0
2025-03-12T14:17:00-HSS-001,High Speed Stream,2025-03-12 14:17:00,,,2025-03-12,2025,3,Mar,14,,,,,,,,"ACE: MAG, ACE: SWEPAM, DSCOVR: PLASMAG",,,,
2025-03-14T00:00:00-GST-001,Geomagnetic Storm,2025-03-14 00:00:00,,,2025-03-14,2025,3,Mar,0,G0,G,0.0,,,,5.67,,,,,
2025-03-14T22:18:00-FLR-001,Solar Flare,2025-03-14 22:18:00,2025-03-14 22:21:00,2025-03-14 22:32:00,2025-03-14,2025,3,Mar,22,M1.1,M,1.1,-19.0,-80.0,14030.0,,GOES-P: EXIS 1.0-8.0,80.0,Southern,Near limb (>60°),14.0
2025-03-15T03:30:00-HSS-001,High Speed Stream,2025-03-15 03:30:00,,,2025-03-15,2025,3,Mar,3,,,,,,,,"STEREO A: IMPACT, STEREO A: PLASTIC",,,,
2025-03-17T19:04:00-FLR-001,Solar Flare,2025-03-17 19:04:00,2025-03-17 19:19:00,2025-03-17 19:25:00,2025-03-17,2025,3,Mar,19,C9.8,C,9.8,25.0,-40.0,14033.0,,GOES-P: EXIS 1.0-8.0,40.0,Northern,Mid disk (30-60°),21.0
2025-03-17T19:25:00-FLR-001,Solar Flare,2025-03-17 19:25:00,2025-03-17 19:33:00,2025-03-17 19:40:00,2025-03-17,2025,3,Mar,19,M1.0,M,1.0,25.0,-40.0,14033.0,,GOES-P: EXIS 1.0-8.0,40.0,Northern,Mid disk (30-60°),15.0
2025-03-19T05:12:00-HSS-001,High Speed Stream,2025-03-19 05:12:00,,,2025-03-19,2025,3,Mar,5,,,,,,,,"ACE: MAG, ACE: SWEPAM, DSCOVR: PLASMAG",,,,
2025-03-19T20:21:00-FLR-001,Solar Flare,2025-03-19 20:21:00,2025-03-19 20:40:00,2025-03-19 20:47:00,2025-03-19,2025,3,Mar,20,M1.5,M,1.5,16.0,36.0,14031.0,,GOES-P: EXIS 1.0-8.0,36.0,Northern,Mid disk (30-60°),26.0
2025-03-19T23:04:00-FLR-001,Solar Flare,2025-03-19 23:04:00,2025-03-20 00:07:00,2025-03-20 01:00:00,2025-03-19,2025,3,Mar,23,C6.0,C,6.0,-23.0,90.0,,,GOES-P: EXIS 1.0-8.0,90.0,Southern,Near limb (>60°),116.0
2025-03-20T16:49:00-FLR-001,Solar Flare,2025-03-20 16:49:00,2025-03-20 17:10:00,2025-03-20 17:50:00,2025-03-20,2025,3,Mar,16,C4.4,C,4.4,5.0,75.0,14022.0,,GOES-P: EXIS 1.0-8.0,75.0,Northern,Near limb (>60°),61.0
2025-03-21T12:46:00-HSS-001,High Speed Stream,2025-03-21 12:46:00,,,2025-03-21,2025,3,Mar,12,,,,,,,,"ACE: SWEPAM, ACE: MAG, DSCOVR: PLASMAG",,,,
2025-03-21T15:34:00-FLR-001,Solar Flare,2025-03-21 15:34:00,2025-03-21 15:58:00,2025-03-21 16:23:00,2025-03-21,2025,3,Mar,15,M1.2,M,1.2,-17.0,33.0,14028.0,,GOES-P: EXIS 1.0-8.0,33.0,Southern,Mid disk (30-60°),49.0
2025-03-22T00:00:00-GST-001,Geomagnetic Storm,2025-03-22 00:00:00,,,2025-03-22,2025,3,Mar,0,G0,G,0.0,,,,5.67,,,,,
2025-03-25T09:42:00-FLR-001,Solar Flare,2025-03-25 09:42:00,2025-03-25 09:49:00,2025-03-25 10:01:00,2025-03-25,2025,3,Mar,9,C4.4,C,4.4,-16.0,86.0,14028.0,,GOES-P: EXIS 1.0-8.0,86.0,Southern,Near limb (>60°),19.0
2025-03-25T12:16:00-FLR-001,Solar Flare,2025-03-25 12:16:00,2025-03-25 12:29:00,2025-03-25 12:44:00,2025-03-25,2025,3,Mar,12,C9.5,C,9.5,-16.0,86.0,14028.0,,GOES-P: EXIS 1.0-8.0,86.0,Southern,Near limb (>60°),28.0
2025-03-26T07:44:00-FLR-001,Solar Flare,2025-03-26 07:44:00,2025-03-26 08:09:00,2025-03-26 08:21:00,2025-03-26,2025,3,Mar,7,M1.0,M,1.0,14.0,-55.0,14043.0,,GOES-P: EXIS 1.0-8.0,55.0,Northern,Mid disk (30-60°),37.0
2025-03-26T09:07:00-FLR-001,Solar Flare,2025-03-26 09:07:00,2025-03-26 09:12:00,2025-03-26 09:20:00,2025-03-26,2025,3,Mar,9,C6.5,C,6.5,-16.0,99.0,14028.0,,GOES-P: EXIS 1.0-8.0,99.0,Southern,Near limb (>60°),13.0
2025-03-26T12:00:00-GST-001,Geomagnetic Storm,2025-03-26 12:00:00,,,2025-03-26,2025,3,Mar,12,G0,G,0.0,,,,5.67,,,,,
2025-03-26T12:21:00-HSS-001,High Speed Stream,2025-03-26 12:21:00,,,2025-03-26,2025,3,Mar,12,,,,,,,,"DSCOVR: PLASMAG, ACE: SWEPAM, ACE: MAG",,,,
2025-03-27T00:18:00-FLR-001,Solar Flare,2025-03-27 00:18:00,2025-03-27 00:37:00,2025-03-27 00:51:00,2025-03-27,2025,3,Mar,0,M2.0,M,2.0,13.0,-41.0,14043.0,,GOES-P: EXIS 1.0-8.0,41.0,Northern,Mid disk (30-60°),33.0
2025-03-27T02:49:00-FLR-001,Solar Flare,2025-03-27 02:49:00,2025-03-27 03:01:00,2025-03-27 03:12:00,2025-03-27,2025,3,Mar,2,C3.9,C,3.9,15.0,-40.0,14043.0,,GOES-P: EXIS 1.0-8.0,40.0,Northern,Mid disk (30-60°),23.0
2025-03-28T14:40:00-HSS-001,High Speed Stream,2025-03-28 14:40:00,,,2025-03-28,2025,3,Mar,14,,,,,,,,"STEREO A: IMPACT, STEREO A: PLASTIC",,,,
2025-03-28T15:03:00-FLR-001,Solar Flare,2025-03-28 15:03:00,2025-03-28 15:20:00,2025-03-28 15:42:00,2025-03-28,2025,3,Mar,15,X1.1,X,1.1,6.0,-80.0,14046.0,,GOES-P: EXIS 1.0-8.0,80.0,Northern,Near limb (>60°),39.0
2025-03-28T17:54:00-FLR-001,Solar Flare,2025-03-28 17:54:00,2025-03-28 18:01:00,2025-03-28 18:05:00,2025-03-28,2025,3,Mar,17,M1.0,M,1.0,2.0,-76.0,14046.0,,GOES-P: EXIS 1.0-8.0,76.0,Northern,Near limb (>60°),11.0
2025-03-28T19:14:00-FLR-001,Solar Flare,2025-03-28 19:14:00,2025-03-28 19:26:00,2025-03-28 19:38:00,2025-03-28,2025,3,Mar,19,M1.1,M,1.1,-18.0,-90.0,14048.0,,GOES-P: EXIS 1.0-8.0,90.0,Southern,Near limb (>60°),24.0
2025-03-28T23:20:00-FLR-001,Solar Flare,2025-03-28 23:20:00,2025-03-28 23:39:00,2025-03-28 23:53:00,2025-03-28,2025,3,Mar,23,M1.7,M,1.7,-18.0,-90.0,14048.0,,GOES-P: EXIS 1.0-8.0,90.0,Southern,Near limb (>60°),33.0
2025-03-29T21:19:00-FLR-001,Solar Flare,2025-03-29 21:19:00,2025-03-29 21:38:00,2025-03-29 22:09:00,2025-03-29,2025,3,Mar,21,M1.4,M,1.4,13.0,-3.0,14043.0,,GOES-P: EXIS 1.0-8.0,3.0,Northern,Near centre (<30°),50.0
2025-03-29T22:38:00-FLR-001,Solar Flare,2025-03-29 22:38:00,2025-03-29 23:00:00,2025-03-29 23:21:00,2025-03-29,2025,3,Mar,22,M1.9,M,1.9,-15.0,-85.0,14048.0,,GOES-P: EXIS 1.0-8.0,85.0,Southern,Near limb (>60°),43.0
2025-03-30T01:19:00-FLR-001,Solar Flare,2025-03-30 01:19:00,2025-03-30 01:48:00,2025-03-30 02:01:00,2025-03-30,2025,3,Mar,1,M1.5,M,1.5,-15.0,-80.0,14048.0,,GOES-P: EXIS 1.0-8.0,80.0,Southern,Near limb (>60°),42.0
2025-03-30T03:50:00-FLR-001,Solar Flare,2025-03-30 03:50:00,2025-03-30 04:16:00,2025-03-30 04:30:00,2025-03-30,2025,3,Mar,3,C3.5,C,3.5,-20.0,-70.0,14048.0,,GOES-S: EXIS 1.0-8.0,70.0,Southern,Near limb (>60°),40.0
2025-03-30T16:27:00-FLR-001,Solar Flare,2025-03-30 16:27:00,2025-03-30 16:42:00,2025-03-30 17:00:00,2025-03-30,2025,3,Mar,16,M1.6,M,1.6,-16.0,-69.0,14048.0,,GOES-P: EXIS 1.0-8.0,69.0,Southern,Near limb (>60°),33.0
2025-03-30T17:00:00-FLR-001,Solar Flare,2025-03-30 17:00:00,2025-03-30 17:07:00,2025-03-30 17:14:00,2025-03-30,2025,3,Mar,17,M1.4,M,1.4,-16.0,-69.0,14048.0,,GOES-P: EXIS 1.0-8.0,69.0,Southern,Near limb (>60°),14.0
2025-03-30T22:43:00-FLR-001,Solar Flare,2025-03-30 22:43:00,2025-03-30 22:50:00,2025-03-30 22:56:00,2025-03-30,2025,3,Mar,22,M1.4,M,1.4,-15.0,-65.0,14048.0,,GOES-P: EXIS 1.0-8.0,65.0,Southern,Near limb (>60°),13.0
2025-03-30T23:10:00-FLR-001,Solar Flare,2025-03-30 23:10:00,2025-03-30 23:19:00,2025-03-30 23:31:00,2025-03-30,2025,3,Mar,23,M1.5,M,1.5,-15.0,-65.0,14048.0,,GOES-P: EXIS 1.0-8.0,65.0,Southern,Near limb (>60°),21.0
2025-03-30T23:41:00-FLR-001,Solar Flare,2025-03-30 23:41:00,2025-03-30 23:48:00,2025-03-30 23:52:00,2025-03-30,2025,3,Mar,23,M1.0,M,1.0,-15.0,-65.0,14048.0,,GOES-P: EXIS 1.0-8.0,65.0,Southern,Near limb (>60°),11.0
2025-03-31T10:16:00-FLR-001,Solar Flare,2025-03-31 10:16:00,2025-03-31 10:24:00,2025-03-31 10:37:00,2025-03-31,2025,3,Mar,10,M1.2,M,1.2,-18.0,-63.0,14048.0,,GOES-P: EXIS 1.0-8.0,63.0,Southern,Near limb (>60°),21.0
2025-04-01T06:37:00-FLR-001,Solar Flare,2025-04-01 06:37:00,2025-04-01 06:46:00,2025-04-01 06:53:00,2025-04-01,2025,4,Apr,6,M5.6,M,5.6,3.0,-29.0,14046.0,,GOES-P: EXIS 1.0-8.0,29.0,Northern,Near centre (<30°),16.0
2025-04-01T22:18:00-FLR-001,Solar Flare,2025-04-01 22:18:00,2025-04-01 22:31:00,2025-04-01 22:41:00,2025-04-01,2025,4,Apr,22,M2.5,M,2.5,-18.0,-46.0,14048.0,,GOES-P: EXIS 1.0-8.0,46.0,Southern,Mid disk (30-60°),23.0
2025-04-03T20:51:00-HSS-001,High Speed Stream,2025-04-03 20:51:00,,,2025-04-03,2025,4,Apr,20,,,,,,,,"DSCOVR: PLASMAG, ACE: SWEPAM, ACE: MAG",,,,
2025-04-04T14:34:00-FLR-001,Solar Flare,2025-04-04 14:34:00,2025-04-04 14:46:00,2025-04-04 14:53:00,2025-04-04,2025,4,Apr,14,C4.4,C,4.4,-23.0,28.0,14052.0,,GOES-P: EXIS 1.0-8.0,28.0,Southern,Near centre (<30°),19.0
2025-04-05T00:00:00-GST-001,Geomagnetic Storm,2025-04-05 00:00:00,,,2025-04-05,2025,4,Apr,0,G0,G,0.0,,,,5.67,,,,,
2025-04-05T19:54:00-FLR-001,Solar Flare,2025-04-05 19:54:00,2025-04-05 20:05:00,2025-04-05 20:12:00,2025-04-05,2025,4,Apr,19,M1.0,M,1.0,-18.0,15.0,14048.0,,GOES-P: EXIS 1.0-8.0,15.0,Southern,Near centre (<30°),18.0
2025-04-07T02:40:00-HSS-001,High Speed Stream,2025-04-07 02:40:00,,,2025-04-07,2025,4,Apr,2,,,,,,,,"STEREO A: IMPACT, STEREO A: PLASTIC",,,,
2025-04-08T01:08:00-HSS-001,High Speed Stream,2025-04-08 01:08:00,,,2025-04-08,2025,4,Apr,1,,,,,,,,"DSCOVR: PLASMAG, ACE: SWEPAM, ACE: MAG",,,,
2025-04-08T05:42:00-FLR-001,Solar Flare,2025-04-08 05:42:00,2025-04-08 06:02:00,2025-04-08 06:22:00,2025-04-08,2025,4,Apr,5,C3.0,C,3.0,10.0,-55.0,14057.0,,GOES-P: EXIS 1.0-8.0,55.0,Northern,Mid disk (30-60°),40.0
2025-04-08T22:08:00-FLR-001,Solar Flare,2025-04-08 22:08:00,2025-04-08 22:22:00,2025-04-08 22:36:00,2025-04-08,2025,4,Apr,22,M1.5,M,1.5,-16.0,53.0,14048.0,,GOES-P: EXIS 1.0-8.0,53.0,Southern,Mid disk (30-60°),28.0
2025-04-11T16:40:00-FLR-001,Solar Flare,2025-04-11 16:40:00,2025-04-11 16:50:00,2025-04-11 17:01:00,2025-04-11,2025,4,Apr,16,M1.0,M,1.0,8.0,46.0,14055.0,,GOES-P: EXIS 1.0-8.0,46.0,Northern,Mid disk (30-60°),21.0
2025-04-11T22:08:00-FLR-001,Solar Flare,2025-04-11 22:08:00,2025-04-11 22:20:00,2025-04-11 22:33:00,2025-04-11,2025,4,Apr,22,M1.0,M,1.0,8.0,51.0,14055.0,,GOES-P: EXIS 1.0-8.0,51.0,Northern,Mid disk (30-60°),25.0
2025-04-12T04:41:00-FLR-001,Solar Flare,2025-04-12 04:41:00,2025-04-12 04:45:00,2025-04-12 04:55:00,2025-04-12,2025,4,Apr,4,M1.1,M,1.1,7.0,53.0,14055.0,,GOES-P: EXIS 1.0-8.0,53.0,Northern,Mid disk (30-60°),14.0
2025-04-12T05:36:00-FLR-001,Solar Flare,2025-04-12 05:36:00,2025-04-12 05:49:00,2025-04-12 05:55:00,2025-04-12,2025,4,Apr,5,M1.2,M,1.2,7.0,54.0,14055.0,,GOES-P: EXIS 1.0-8.0,54.0,Northern,Mid disk (30-60°),19.0
2025-04-12T07:11:00-FLR-001,Solar Flare,2025-04-12 07:11:00,2025-04-12 07:19:00,2025-04-12 07:22:00,2025-04-12,2025,4,Apr,7,M1.0,M,1.0,7.0,55.0,14055.0,,GOES-P: EXIS 1.0-8.0,55.0,Northern,Mid disk (30-60°),11.0
2025-04-12T11:05:00-FLR-001,Solar Flare,2025-04-12 11:05:00,2025-04-12 11:17:00,2025-04-12 11:25:00,2025-04-12,2025,4,Apr,11,M2.0,M,2.0,7.0,57.0,14055.0,,GOES-P: EXIS 1.0-8.0,57.0,Northern,Mid disk (30-60°),20.0
2025-04-12T11:35:00-FLR-001,Solar Flare,2025-04-12 11:35:00,2025-04-12 11:43:00,2025-04-12 11:45:00,2025-04-12,2025,4,Apr,11,M2.7,M,2.7,7.0,58.0,14055.0,,GOES-P: EXIS 1.0-8.0,58.0,Northern,Mid disk (30-60°),10.0
2025-04-12T12:33:00-FLR-001,Solar Flare,2025-04-12 12:33:00,2025-04-12 12:40:00,2025-04-12 12:52:00,2025-04-12,2025,4,Apr,12,M2.3,M,2.3,7.0,59.0,14055.0,,GOES-P: EXIS 1.0-8.0,59.0,Northern,Mid disk (30-60°),19.0
2025-04-12T15:00:00-FLR-001,Solar Flare,2025-04-12 15:00:00,2025-04-12 15:12:00,2025-04-12 15:19:00,2025-04-12,2025,4,Apr,15,M1.3,M,1.3,7.0,60.0,14055.0,,GOES-P: EXIS 1.0-8.0,60.0,Northern,Mid disk (30-60°),19.0
2025-04-12T15:06:00-HSS-001,High Speed Stream,2025-04-12 15:06:00,,,2025-04-12,2025,4,Apr,15,,,,,,,,"ACE: SWEPAM, ACE: MAG, DSCOVR: PLASMAG",,,,
2025-04-12T21:21:00-FLR-001,Solar Flare,2025-04-12 21:21:00,2025-04-12 22:03:00,2025-04-12 22:12:00,2025-04-12,2025,4,Apr,21,M1.6,M,1.6,9.0,65.0,14055.0,,GOES-P: EXIS 1.0-8.0,65.0,Northern,Near limb (>60°),51.0
2025-04-12T23:34:00-FLR-001,Solar Flare,2025-04-12 23:34:00,2025-04-13 00:06:00,2025-04-13 00:28:00,2025-04-12,2025,4,Apr,23,M1.3,M,1.3,4.0,65.0,14045.0,,GOES-P: EXIS 1.0-8.0,65.0,Northern,Near limb (>60°),54.0
2025-04-13T01:21:00-FLR-001,Solar Flare,2025-04-13 01:21:00,2025-04-13 01:29:00,2025-04-13 01:37:00,2025-04-13,2025,4,Apr,1,M1.0,M,1.0,6.0,65.0,14055.0,,GOES-P: EXIS 1.0-8.0,65.0,Northern,Near limb (>60°),16.0
2025-04-13T04:01:00-FLR-001,Solar Flare,2025-04-13 04:01:00,2025-04-13 04:05:00,2025-04-13 04:25:00,2025-04-13,2025,4,Apr,4,M1.1,M,1.1,6.0,64.0,14055.0,,GOES-P: EXIS 1.0-8.0,64.0,Northern,Near limb (>60°),24.0
2025-04-13T04:25:00-FLR-001,Solar Flare,2025-04-13 04:25:00,2025-04-13 04:28:00,2025-04-13 04:31:00,2025-04-13,2025,4,Apr,4,M1.1,M,1.1,8.0,65.0,14055.0,,GOES-P: EXIS 1.0-8.0,65.0,Northern,Near limb (>60°),6.0
2025-04-13T04:48:00-FLR-001,Solar Flare,2025-04-13 04:48:00,2025-04-13 04:52:00,2025-04-13 04:54:00,2025-04-13,2025,4,Apr,4,M2.3,M,2.3,6.0,68.0,14055.0,,GOES-P: EXIS 1.0-8.0,68.0,Northern,Near limb (>60°),6.0
2025-04-13T06:38:00-FLR-001,Solar Flare,2025-04-13 06:38:00,2025-04-13 06:52:00,2025-04-13 07:21:00,2025-04-13,2025,4,Apr,6,M1.0,M,1.0,9.0,65.0,14055.0,,GOES-P: EXIS 1.0-8.0,65.0,Northern,Near limb (>60°),43.0
2025-04-13T09:43:00-FLR-001,Solar Flare,2025-04-13 09:43:00,2025-04-13 09:55:00,2025-04-13 10:03:00,2025-04-13,2025,4,Apr,9,M1.4,M,1.4,6.0,71.0,14055.0,,GOES-P: EXIS 1.0-8.0,71.0,Northern,Near limb (>60°),20.0
2025-04-13T10:03:00-FLR-001,Solar Flare,2025-04-13 10:03:00,2025-04-13 10:07:00,2025-04-13 10:10:00,2025-04-13,2025,4,Apr,10,M1.2,M,1.2,8.0,73.0,14055.0,,GOES-P: EXIS 1.0-8.0,73.0,Northern,Near limb (>60°),7.0
2025-04-13T15:28:00-FLR-001,Solar Flare,2025-04-13 15:28:00,2025-04-13 15:42:00,2025-04-13 15:56:00,2025-04-13,2025,4,Apr,15,M1.2,M,1.2,8.0,75.0,14055.0,,GOES-P: EXIS 1.0-8.0,75.0,Northern,Near limb (>60°),28.0
2025-04-13T18:38:00-FLR-001,Solar Flare,2025-04-13 18:38:00,2025-04-13 18:51:00,2025-04-13 19:00:00,2025-04-13,2025,4,Apr,18,M3.2,M,3.2,9.0,77.0,14055.0,,GOES-P: EXIS 1.0-8.0,77.0,Northern,Near limb (>60°),22.0
2025-04-13T21:55:00-FLR-001,Solar Flare,2025-04-13 21:55:00,2025-04-13 22:02:00,2025-04-13 22:11:00,2025-04-13,2025,4,Apr,21,M1.6,M,1.6,9.0,80.0,14055.0,,GOES-P: EXIS 1.0-8.0,80.0,Northern,Near limb (>60°),16.0
2025-04-14T06:00:00-FLR-001,Solar Flare,2025-04-14 06:00:00,2025-04-14 06:05:00,2025-04-14 06:11:00,2025-04-14,2025,4,Apr,6,M1.4,M,1.4,8.0,85.0,14055.0,,GOES-P: EXIS 1.0-8.0,85.0,Northern,Near limb (>60°),11.0
2025-04-14T06:36:00-FLR-001,Solar Flare,2025-04-14 06:36:00,2025-04-14 06:50:00,2025-04-14 06:58:00,2025-04-14,2025,4,Apr,6,M4.2,M,4.2,7.0,85.0,14055.0,,GOES-P: EXIS 1.0-8.0,85.0,Northern,Near limb (>60°),22.0
2025-04-15T10:04:00-FLR-001,Solar Flare,2025-04-15 10:04:00,2025-04-15 10:20:00,2025-04-15 10:28:00,2025-04-15,2025,4,Apr,10,M1.5,M,1.5,8.0,90.0,14055.0,,GOES-P: EXIS 1.0-8.0,90.0,Northern,Near limb (>60°),24.0
2025-04-15T17:57:00-FLR-001,Solar Flare,2025-04-15 17:57:00,2025-04-15 18:13:00,2025-04-15 18:27:00,2025-04-15,2025,4,Apr,17,M1.3,M,1.3,5.0,98.0,14055.0,,GOES-P: EXIS 1.0-8.0,98.0,Northern,Near limb (>60°),30.0
2025-04-15T18:00:00-GST-001,Geomagnetic Storm,2025-04-15 18:00:00,,,2025-04-15,2025,4,Apr,18,G0,G,0.0,,,,6.0,,,,,
2025-04-18T23:08:00-FLR-001,Solar Flare,2025-04-18 23:08:00,2025-04-18 23:50:00,2025-04-19 00:15:00,2025-04-18,2025,4,Apr,23,M4.4,M,4.4,-29.0,-90.0,14068.0,,GOES-P: EXIS 1.0-8.0,90.0,Southern,Near limb (>60°),67.0
2025-04-20T11:37:00-FLR-001,Solar Flare,2025-04-20 11:37:00,2025-04-20 12:11:00,2025-04-20 12:59:00,2025-04-20,2025,4,Apr,11,M1.0,M,1.0,-28.0,-85.0,14068.0,,GOES-P: EXIS 1.0-8.0,85.0,Southern,Near limb (>60°),82.0
2025-04-21T05:35:00-HSS-001,High Speed Stream,2025-04-21 05:35:00,,,2025-04-21,2025,4,Apr,5,,,,,,,,"DSCOVR: PLASMAG, ACE: SWEPAM, ACE: MAG",,,,
2025-04-21T18:24:00-FLR-001,Solar Flare,2025-04-21 18:24:00,2025-04-21 18:37:00,2025-04-21 18:41:00,2025-04-21,2025,4,Apr,18,M1.9,M,1.9,0.0,13.0,14062.0,,GOES-P: EXIS 1.0-8.0,13.0,Northern,Near centre (<30°),17.0
2025-04-22T08:38:00-FLR-001,Solar Flare,2025-04-22 08:38:00,2025-04-22 10:49:00,2025-04-22 11:34:00,2025-04-22,2025,4,Apr,8,M1.3,M,1.3,5.0,90.0,14060.0,,GOES-P: EXIS 1.0-8.0,90.0,Northern,Near limb (>60°),176.0
2025-04-23T03:50:00-HSS-001,High Speed Stream,2025-04-23 03:50:00,,,2025-04-23,2025,4,Apr,3,,,,,,,,"STEREO A: PLASTIC, STEREO A: IMPACT",,,,
2025-04-29T05:10:00-FLR-001,Solar Flare,2025-04-29 05:10:00,2025-04-29 05:13:00,2025-04-29 05:17:00,2025-04-29,2025,4,Apr,5,M1.7,M,1.7,8.0,-82.0,14079.0,,GOES-P: EXIS 1.0-8.0,82.0,Northern,Near limb (>60°),7.0
2025-04-29T09:45:00-FLR-001,Solar Flare,2025-04-29 09:45:00,2025-04-29 10:02:00,2025-04-29 10:12:00,2025-04-29,2025,4,Apr,9,M1.3,M,1.3,16.0,54.0,14078.0,,GOES-P: EXIS 1.0-8.0,54.0,Northern,Mid disk (30-60°),27.0
2025-04-29T10:49:00-FLR-001,Solar Flare,2025-04-29 10:49:00,2025-04-29 10:57:00,2025-04-29 11:09:00,2025-04-29,2025,4,Apr,10,M1.6,M,1.6,16.0,54.0,14078.0,,GOES-P: EXIS 1.0-8.0,54.0,Northern,Mid disk (30-60°),20.0
2025-04-29T23:11:00-FLR-001,Solar Flare,2025-04-29 23:11:00,2025-04-29 23:25:00,2025-04-29 23:36:00,2025-04-29,2025,4,Apr,23,C7.3,C,7.3,-31.0,91.0,14065.0,,GOES-P: EXIS 1.0-8.0,91.0,Southern,Near limb (>60°),25.0
2025-04-30T07:41:00-FLR-001,Solar Flare,2025-04-30 07:41:00,2025-04-30 07:51:00,2025-04-30 07:56:00,2025-04-30,2025,4,Apr,7,M2.0,M,2.0,10.0,-62.0,14079.0,,GOES-P: EXIS 1.0-8.0,62.0,Northern,Near limb (>60°),15.0
2025-05-01T23:08:00-HSS-001,High Speed Stream,2025-05-01 23:08:00,,,2025-05-01,2025,5,May,23,,,,,,,,"DSCOVR: PLASMAG, ACE: SWEPAM, ACE: MAG",,,,
2025-05-04T09:10:00-HSS-001,High Speed Stream,2025-05-04 09:10:00,,,2025-05-04,2025,5,May,9,,,,,,,,"DSCOVR: PLASMAG, ACE: SWEPAM, ACE: MAG",,,,
2025-05-04T12:26:00-FLR-001,Solar Flare,2025-05-04 12:26:00,2025-05-04 12:31:00,2025-05-04 12:40:00,2025-05-04,2025,5,May,12,C5.4,C,5.4,-12.0,-70.0,14082.0,,GOES-P: EXIS 1.0-8.0,70.0,Southern,Near limb (>60°),14.0
2025-05-05T13:00:00-HSS-001,High Speed Stream,2025-05-05 13:00:00,,,2025-05-05,2025,5,May,13,,,,,,,,"STEREO A: IMPACT, STEREO A: PLASTIC",,,,
2025-05-08T06:54:00-FLR-001,Solar Flare,2025-05-08 06:54:00,2025-05-08 07:18:00,2025-05-08 07:36:00,2025-05-08,2025,5,May,6,C3.6,C,3.6,8.0,46.0,14079.0,,GOES-P: EXIS 1.0-8.0,46.0,Northern,Mid disk (30-60°),42.0
2025-05-08T10:21:00-FLR-001,Solar Flare,2025-05-08 10:21:00,2025-05-08 10:24:00,2025-05-08 10:28:00,2025-05-08,2025,5,May,10,C1.6,C,1.6,8.0,46.0,14079.0,,GOES-P: EXIS 1.0-8.0,46.0,Northern,Mid disk (30-60°),7.0
2025-05-09T21:30:00-HSS-001,High Speed Stream,2025-05-09 21:30:00,,,2025-05-09,2025,5,May,21,,,,,,,,"ACE: SWEPAM, ACE: MAG, DSCOVR: PLASMAG",,,,
2025-05-11T23:55:00-FLR-001,Solar Flare,2025-05-11 23:55:00,2025-05-12 00:01:00,2025-05-12 00:06:00,2025-05-11,2025,5,May,23,M1.9,M,1.9,8.0,90.0,14079.0,,GOES-P: EXIS 1.0-8.0,90.0,Northern,Near limb (>60°),11.0
2025-05-13T15:25:00-FLR-001,Solar Flare,2025-05-13 15:25:00,2025-05-13 15:38:00,2025-05-13 15:44:00,2025-05-13,2025,5,May,15,X1.2,X,1.2,7.0,80.0,14086.0,,GOES-P: EXIS 1.0-8.0,80.0,Northern,Near limb (>60°),19.0
2025-05-14T03:05:00-FLR-001,Solar Flare,2025-05-14 03:05:00,2025-05-14 03:25:00,2025-05-14 03:35:00,2025-05-14,2025,5,May,3,M5.3,M,5.3,16.0,-65.0,14087.0,,GOES-P: EXIS 1.0-8.0,65.0,Northern,Near limb (>60°),30.0
2025-05-14T07:36:00-FLR-001,Solar Flare,2025-05-14 07:36:00,2025-05-14 07:45:00,2025-05-14 07:51:00,2025-05-14,2025,5,May,7,M1.2,M,1.2,17.0,-88.0,14087.0,,GOES-P: EXIS 1.0-8.0,88.0,Northern,Near limb (>60°),15.0
2025-05-14T08:04:00-FLR-001,Solar Flare,2025-05-14 08:04:00,2025-05-14 08:25:00,2025-05-14 08:31:00,2025-05-14,2025,5,May,8,X2.7,X,2.7,16.0,-64.0,14087.0,,GOES-P: EXIS 1.0-8.0,64.0,Northern,Near limb (>60°),27.0
2025-05-14T11:04:00-FLR-001,Solar Flare,2025-05-14 11:04:00,2025-05-14 11:19:00,2025-05-14 11:31:00,2025-05-14,2025,5,May,11,M7.7,M,7.7,16.0,-62.0,14087.0,,GOES-P: EXIS 1.0-8.0,62.0,Northern,Near limb (>60°),27.0
2025-05-14T17:59:00-FLR-001,Solar Flare,2025-05-14 17:59:00,2025-05-14 18:11:00,2025-05-14 18:18:00,2025-05-14,2025,5,May,17,M4.7,M,4.7,18.0,-60.0,14087.0,,GOES-P: EXIS 1.0-8.0,60.0,Northern,Mid disk (30-60°),19.0
2025-05-14T19:18:00-HSS-001,High Speed Stream,2025-05-14 19:18:00,,,2025-05-14,2025,5,May,19,,,,,,,,"DSCOVR: PLASMAG, ACE: SWEPAM, ACE: MAG",,,,
2025-05-15T17:08:00-FLR-001,Solar Flare,2025-05-15 17:08:00,2025-05-15 17:21:00,2025-05-15 17:27:00,2025-05-15,2025,5,May,17,M2.1,M,2.1,17.0,-47.0,14087.0,,GOES-P: EXIS 1.0-8.0,47.0,Northern,Mid disk (30-60°),19.0
2025-05-17T00:00:00-GST-001,Geomagnetic Storm,2025-05-17 00:00:00,,,2025-05-17,2025,5,May,0,G0,G,0.0,,,,6.33,,,,,
2025-05-17T04:16:00-HSS-001,High Speed Stream,2025-05-17 04:16:00,,,2025-05-17,2025,5,May,4,,,,,,,,"ACE: MAG, ACE: SWEPAM, DSCOVR: PLASMAG",,,,
2025-05-19T08:13:00-FLR-001,Solar Flare,2025-05-19 08:13:00,2025-05-19 08:21:00,2025-05-19 08:26:00,2025-05-19,2025,5,May,8,M3.2,M,3.2,25.0,-90.0,14094.0,,GOES-P: EXIS 1.0-8.0,90.0,Northern,Near limb (>60°),13.0
2025-05-20T01:21:00-HSS-001,High Speed Stream,2025-05-20 01:21:00,,,2025-05-20,2025,5,May,1,,,,,,,,"STEREO A: IMPACT, STEREO A: PLASTIC",,,,
2025-05-21T00:01:00-FLR-001,Solar Flare,2025-05-21 00:01:00,2025-05-21 00:08:00,2025-05-21 00:10:00,2025-05-21,2025,5,May,0,M1.2,M,1.2,17.0,22.0,14087.0,,GOES-P: EXIS 1.0-8.0,22.0,Northern,Near centre (<30°),9.0
2025-05-24T10:27:00-FLR-001,Solar Flare,2025-05-24 10:27:00,2025-05-24 10:32:00,2025-05-24 10:40:00,2025-05-24,2025,5,May,10,C5.9,C,5.9,-5.0,35.0,14098.0,,GOES-P: EXIS 1.0-8.0,35.0,Southern,Mid disk (30-60°),13.0
2025-05-24T16:39:00-FLR-001,Solar Flare,2025-05-24 16:39:00,2025-05-24 16:47:00,2025-05-24 16:56:00,2025-05-24,2025,5,May,16,C5.3,C,5.3,-5.0,40.0,14098.0,,GOES-P: EXIS 1.0-8.0,40.0,Southern,Mid disk (30-60°),17.0
2025-05-24T20:14:00-FLR-001,Solar Flare,2025-05-24 20:14:00,2025-05-24 20:23:00,2025-05-24 20:29:00,2025-05-24,2025,5,May,20,M2.1,M,2.1,-5.0,40.0,14098.0,,GOES-P: EXIS 1.0-8.0,40.0,Southern,Mid disk (30-60°),15.0
2025-05-25T01:46:00-FLR-001,Solar Flare,2025-05-25 01:46:00,2025-05-25 01:52:00,2025-05-25 01:57:00,2025-05-25,2025,5,May,1,X1.1,X,1.1,-6.0,45.0,14098.0,,GOES-P: EXIS 1.0-8.0,45.0,Southern,Mid disk (30-60°),11.0
2025-05-25T02:50:00-FLR-001,Solar Flare,2025-05-25 02:50:00,2025-05-25 02:57:00,2025-05-25 03:01:00,2025-05-25,2025,5,May,2,C5.3,C,5.3,3.0,-89.0,,,GOES-P: EXIS 1.0-8.0,89.0,Northern,Near limb (>60°),11.0
2025-05-25T03:01:00-FLR-001,Solar Flare,2025-05-25 03:01:00,2025-05-25 03:05:00,2025-05-25 03:09:00,2025-05-25,2025,5,May,3,C6.4,C,6.4,2.0,-89.0,,,GOES-P: EXIS 1.0-8.0,89.0,Northern,Near limb (>60°),8.0
2025-05-25T06:27:00-FLR-001,Solar Flare,2025-05-25 06:27:00,2025-05-25 06:35:00,2025-05-25 06:38:00,2025-05-25,2025,5,May,6,M1.7,M,1.7,-5.0,47.0,14098.0,,GOES-P: EXIS 1.0-8.0,47.0,Southern,Mid disk (30-60°),11.0
2025-05-25T10:05:00-FLR-001,Solar Flare,2025-05-25 10:05:00,2025-05-25 10:18:00,2025-05-25 10:25:00,2025-05-25,2025,5,May,10,M3.4,M,3.4,-5.0,50.0,14098.0,,GOES-P: EXIS 1.0-8.0,50.0,Southern,Mid disk (30-60°),20.0
2025-05-25T16:18:00-FLR-001,Solar Flare,2025-05-25 16:18:00,2025-05-25 16:30:00,2025-05-25 16:36:00,2025-05-25,2025,5,May,16,M8.9,M,8.9,-5.0,55.0,14098.0,,GOES-P: EXIS 1.0-8.0,55.0,Southern,Mid disk (30-60°),18.0
2025-05-26T12:50:00-FLR-001,Solar Flare,2025-05-26 12:50:00,2025-05-26 13:06:00,2025-05-26 13:15:00,2025-05-26,2025,5,May,12,M2.9,M,2.9,-4.0,64.0,14098.0,,GOES-P: EXIS 1.0-8.0,64.0,Southern,Near limb (>60°),25.0
2025-05-26T13:27:00-FLR-001,Solar Flare,2025-05-26 13:27:00,2025-05-26 13:37:00,2025-05-26 13:44:00,2025-05-26,2025,5,May,13,M1.4,M,1.4,12.0,-70.0,14100.0,,GOES-P: EXIS 1.0-8.0,70.0,Northern,Near limb (>60°),17.0
2025-05-27T10:04:00-FLR-001,Solar Flare,2025-05-27 10:04:00,2025-05-27 10:11:00,2025-05-27 10:22:00,2025-05-27,2025,5,May,10,C5.0,C,5.0,7.0,-60.0,14100.0,,GOES-P: EXIS 1.0-8.0,60.0,Northern,Mid disk (30-60°),18.0
2025-05-27T10:31:00-FLR-001,Solar Flare,2025-05-27 10:31:00,2025-05-27 10:41:00,2025-05-27 10:56:00,2025-05-27,2025,5,May,10,C4.5,C,4.5,7.0,-60.0,14100.0,,GOES-P: EXIS 1.0-8.0,60.0,Northern,Mid disk (30-60°),25.0
2025-05-27T18:55:00-HSS-001,High Speed Stream,2025-05-27 18:55:00,,,2025-05-27,2025,5,May,18,,,,,,,,"DSCOVR: PLASMAG, ACE: SWEPAM, ACE: MAG",,,,
2025-05-28T23:11:00-HSS-001,High Speed Stream,2025-05-28 23:11:00,,,2025-05-28,2025,5,May,23,,,,,,,,"ACE: SWEPAM, ACE: MAG, DSCOVR: PLASMAG",,,,
2025-05-29T00:00:00-GST-001,Geomagnetic Storm,2025-05-29 00:00:00,,,2025-05-29,2025,5,May,0,G0,G,0.0,,,,6.67,,,,,
2025-05-30T05:56:00-FLR-001,Solar Flare,2025-05-30 05:56:00,2025-05-30 06:13:00,2025-05-30 06:19:00,2025-05-30,2025,5,May,5,M3.4,M,3.4,5.0,-21.0,14100.0,,GOES-P: EXIS 1.0-8.0,21.0,Northern,Near centre (<30°),23.0
2025-05-30T18:22:00-FLR-001,Solar Flare,2025-05-30 18:22:00,2025-05-30 18:39:00,2025-05-30 18:54:00,2025-05-30,2025,5,May,18,M1.6,M,1.6,6.0,-46.0,14104.0,,GOES-P: EXIS 1.0-8.0,46.0,Northern,Mid disk (30-60°),32.0
2025-05-30T23:31:00-FLR-001,Solar Flare,2025-05-30 23:31:00,2025-05-31 00:05:00,2025-05-31 01:32:00,2025-05-30,2025,5,May,23,M8.1,M,8.1,12.0,-12.0,14100.0,,GOES-P: EXIS 1.0-8.0,12.0,Northern,Near centre (<30°),121.0
2025-05-31T01:00:00-HSS-001,High Speed Stream,2025-05-31 01:00:00,,,2025-05-31,2025,5,May,1,,,,,,,,"STEREO A: IMPACT, STEREO A: PLASTIC",,,,
2025-05-31T03:49:00-FLR-001,Solar Flare,2025-05-31 03:49:00,2025-05-31 03:56:00,2025-05-31 04:04:00,2025-05-31,2025,5,May,3,M1.0,M,1.0,10.0,-7.0,14100.0,,GOES-P: EXIS 1.0-8.0,7.0,Northern,Near centre (<30°),15.0
2025-05-31T05:12:00-FLR-001,Solar Flare,2025-05-31 05:12:00,2025-05-31 05:18:00,2025-05-31 05:20:00,2025-05-31,2025,5,May,5,M2.4,M,2.4,10.0,-5.0,14100.0,,GOES-P: EXIS 1.0-8.0,5.0,Northern,Near centre (<30°),8.0
2025-05-31T08:08:00-FLR-001,Solar Flare,2025-05-31 08:08:00,2025-05-31 08:18:00,2025-05-31 08:23:00,2025-05-31,2025,5,May,8,M4.5,M,4.5,10.0,-2.0,14100.0,,GOES-P: EXIS 1.0-8.0,2.0,Northern,Near centre (<30°),15.0
2025-05-31T15:36:00-FLR-001,Solar Flare,2025-05-31 15:36:00,2025-05-31 15:49:00,2025-05-31 15:57:00,2025-05-31,2025,5,May,15,M2.9,M,2.9,6.0,-2.0,14100.0,,GOES-P: EXIS 1.0-8.0,2.0,Northern,Near centre (<30°),21.0
2025-06-01T06:00:00-GST-001,Geomagnetic Storm,2025-06-01 06:00:00,,,2025-06-01,2025,6,Jun,6,G0,G,0.0,,,,8.0,,,,,
2025-06-02T10:59:00-FLR-001,Solar Flare,2025-06-02 10:59:00,2025-06-02 11:18:00,2025-06-02 11:39:00,2025-06-02,2025,6,Jun,10,M3.3,M,3.3,10.0,20.0,14100.0,,GOES-P: EXIS 1.0-8.0,20.0,Northern,Near centre (<30°),40.0
2025-06-02T21:35:00-FLR-001,Solar Flare,2025-06-02 21:35:00,2025-06-02 21:42:00,2025-06-02 21:46:00,2025-06-02,2025,6,Jun,21,M1.1,M,1.1,8.0,30.0,14100.0,,GOES-P: EXIS 1.0-8.0,30.0,Northern,Near centre (<30°),11.0
2025-06-03T12:52:00-FLR-001,Solar Flare,2025-06-03 12:52:00,2025-06-03 13:03:00,2025-06-03 13:12:00,2025-06-03,2025,6,Jun,12,M1.4,M,1.4,-15.0,-90.0,14105.0,,GOES-P: EXIS 1.0-8.0,90.0,Southern,Near limb (>60°),20.0
2025-06-04T23:06:00-FLR-001,Solar Flare,2025-06-04 23:06:00,2025-06-04 23:28:00,2025-06-04 23:39:00,2025-06-04,2025,6,Jun,23,M1.1,M,1.1,15.0,52.0,14100.0,,GOES-P: EXIS 1.0-8.0,52.0,Northern,Mid disk (30-60°),33.0
2025-06-08T21:30:00-HSS-001,High Speed Stream,2025-06-08 21:30:00,,,2025-06-08,2025,6,Jun,21,,,,,,,,"DSCOVR: PLASMAG, ACE: SWEPAM, ACE: MAG",,,,
2025-06-10T16:00:00-HSS-001,High Speed Stream,2025-06-10 16:00:00,,,2025-06-10,2025,6,Jun,16,,,,,,,,"STEREO A: IMPACT, STEREO A: PLASTIC",,,,
2025-06-11T11:25:00-HSS-001,High Speed Stream,2025-06-11 11:25:00,,,2025-06-11,2025,6,Jun,11,,,,,,,,"ACE: MAG, ACE: SWEPAM, DSCOVR: PLASMAG",,,,
2025-06-13T00:00:00-GST-001,Geomagnetic Storm,2025-06-13 00:00:00,,,2025-06-13,2025,6,Jun,0,G0,G,0.0,,,,6.33,,,,,
2025-06-13T20:49:00-FLR-001,Solar Flare,2025-06-13 20:49:00,2025-06-13 21:10:00,2025-06-13 21:21:00,2025-06-13,2025,6,Jun,20,M1.2,M,1.2,-15.0,58.0,14105.0,,GOES-P: EXIS 1.0-8.0,58.0,Southern,Mid disk (30-60°),32.0
2025-06-14T01:49:00-HSS-001,High Speed Stream,2025-06-14 01:49:00,,,2025-06-14,2025,6,Jun,1,,,,,,,,"DSCOVR: PLASMAG, ACE: SWEPAM, ACE: MAG",,,,
2025-06-14T14:34:00-FLR-001,Solar Flare,2025-06-14 14:34:00,2025-06-14 15:02:00,2025-06-14 15:32:00,2025-06-14,2025,6,Jun,14,C4.9,C,4.9,18.0,-30.0,14114.0,,GOES-P: EXIS 1.0-8.0,30.0,Northern,Near centre (<30°),58.0
2025-06-14T17:52:00-FLR-001,Solar Flare,2025-06-14 17:52:00,2025-06-14 18:04:00,2025-06-14 18:13:00,2025-06-14,2025,6,Jun,17,M1.0,M,1.0,-17.0,73.0,14105.0,,GOES-P: EXIS 1.0-8.0,73.0,Southern,Near limb (>60°),21.0
2025-06-14T22:51:00-FLR-001,Solar Flare,2025-06-14 22:51:00,2025-06-14 23:01:00,2025-06-14 23:09:00,2025-06-14,2025,6,Jun,22,M6.8,M,6.8,-17.0,73.0,14105.0,,GOES-P: EXIS 1.0-8.0,73.0,Southern,Near limb (>60°),18.0
2025-06-15T02:58:00-FLR-001,Solar Flare,2025-06-15 02:58:00,2025-06-15 03:31:00,2025-06-15 03:48:00,2025-06-15,2025,6,Jun,2,C7.6,C,7.6,18.0,-24.0,14114.0,,GOES-P: EXIS 1.0-8.0,24.0,Northern,Near centre (<30°),50.0
2025-06-15T07:45:00-FLR-001,Solar Flare,2025-06-15 07:45:00,2025-06-15 07:56:00,2025-06-15 08:02:00,2025-06-15,2025,6,Jun,7,M2.2,M,2.2,-15.0,70.0,14105.0,,GOES-P: EXIS 1.0-8.0,70.0,Southern,Near limb (>60°),17.0
2025-06-15T10:32:00-FLR-001,Solar Flare,2025-06-15 10:32:00,2025-06-15 10:47:00,2025-06-15 10:53:00,2025-06-15,2025,6,Jun,10,M1.9,M,1.9,-16.0,85.0,14105.0,,GOES-P: EXIS 1.0-8.0,85.0,Southern,Near limb (>60°),21.0
2025-06-15T17:45:00-FLR-001,Solar Flare,2025-06-15 17:45:00,2025-06-15 18:07:00,2025-06-15 18:25:00,2025-06-15,2025,6,Jun,17,M8.4,M,8.4,18.0,-15.0,14114.0,,GOES-P: EXIS 1.0-8.0,15.0,Northern,Near centre (<30°),40.0
2025-06-15T23:43:00-FLR-001,Solar Flare,2025-06-15 23:43:00,2025-06-15 23:57:00,2025-06-16 00:05:00,2025-06-15,2025,6,Jun,23,M1.2,M,1.2,18.0,-13.0,14114.0,,GOES-P: EXIS 1.0-8.0,13.0,Northern,Near centre (<30°),22.0
2025-06-16T01:41:00-FLR-001,Solar Flare,2025-06-16 01:41:00,2025-06-16 01:48:00,2025-06-16 02:01:00,2025-06-16,2025,6,Jun,1,C6.5,C,6.5,-16.0,77.0,14109.0,,GOES-P: EXIS 1.0-8.0,77.0,Southern,Near limb (>60°),20.0
2025-06-16T04:08:00-FLR-001,Solar Flare,2025-06-16 04:08:00,2025-06-16 04:23:00,2025-06-16 04:43:00,2025-06-16,2025,6,Jun,4,M1.8,M,1.8,19.0,-9.0,14114.0,,GOES-P: EXIS 1.0-8.0,9.0,Northern,Near centre (<30°),35.0
2025-06-16T09:17:00-FLR-001,Solar Flare,2025-06-16 09:17:00,2025-06-16 09:38:00,2025-06-16 09:48:00,2025-06-16,2025,6,Jun,9,M6.3,M,6.3,17.0,-7.0,14114.0,,GOES-P: EXIS 1.0-8.0,7.0,Northern,Near centre (<30°),31.0
2025-06-16T11:27:00-FLR-001,Solar Flare,2025-06-16 11:27:00,2025-06-16 11:39:00,2025-06-16 11:43:00,2025-06-16,2025,6,Jun,11,M1.4,M,1.4,-17.0,90.0,14105.0,,GOES-P: EXIS 1.0-8.0,90.0,Southern,Near limb (>60°),16.0
2025-06-16T14:43:00-FLR-001,Solar Flare,2025-06-16 14:43:00,2025-06-16 14:55:00,2025-06-16 15:03:00,2025-06-16,2025,6,Jun,14,M1.1,M,1.1,-18.0,92.0,14105.0,,GOES-P: EXIS 1.0-8.0,92.0,Southern,Near limb (>60°),20.0
2025-06-16T23:53:00-FLR-001,Solar Flare,2025-06-16 23:53:00,2025-06-17 00:21:00,2025-06-17 00:49:00,2025-06-16,2025,6,Jun,23,C5.5,C,5.5,21.0,-20.0,14114.0,,GOES-P: EXIS 1.0-8.0,20.0,Northern,Near centre (<30°),56.0
2025-06-17T08:06:00-FLR-001,Solar Flare,2025-06-17 08:06:00,2025-06-17 08:13:00,2025-06-17 08:16:00,2025-06-17,2025,6,Jun,8,C5.5,C,5.5,-15.0,-90.0,14117.0,,GOES-P: EXIS 1.0-8.0,90.0,Southern,Near limb (>60°),10.0
2025-06-17T21:38:00-FLR-001,Solar Flare,2025-06-17 21:38:00,2025-06-17 21:49:00,2025-06-17 21:54:00,2025-06-17,2025,6,Jun,21,X1.2,X,1.2,19.0,11.0,14114.0,,GOES-P: EXIS 1.0-8.0,11.0,Northern,Near centre (<30°),16.0
2025-06-17T23:44:00-FLR-001,Solar Flare,2025-06-17 23:44:00,2025-06-18 00:00:00,2025-06-18 00:15:00,2025-06-17,2025,6,Jun,23,M1.5,M,1.5,-13.0,-89.0,14117.0,,GOES-P: EXIS 1.0-8.0,89.0,Southern,Near limb (>60°),31.0
2025-06-19T23:37:00-FLR-001,Solar Flare,2025-06-19 23:37:00,2025-06-19 23:50:00,2025-06-19 23:54:00,2025-06-19,2025,6,Jun,23,X1.9,X,1.9,19.0,38.0,14114.0,,GOES-P: EXIS 1.0-8.0,38.0,Northern,Mid disk (30-60°),17.0
2025-06-20T00:02:00-FLR-001,Solar Flare,2025-06-20 00:02:00,2025-06-20 00:04:00,2025-06-20 00:06:00,2025-06-20,2025,6,Jun,0,M4.6,M,4.6,19.0,39.0,14114.0,,GOES-P: EXIS 1.0-8.0,39.0,Northern,Mid disk (30-60°),4.0
2025-06-20T17:21:00-FLR-001,Solar Flare,2025-06-20 17:21:00,2025-06-20 17:40:00,2025-06-20 17:59:00,2025-06-20,2025,6,Jun,17,M1.0,M,1.0,-12.0,-45.0,14118.0,,GOES-P: EXIS 1.0-8.0,45.0,Southern,Mid disk (30-60°),38.0
2025-06-22T17:34:00-FLR-001,Solar Flare,2025-06-22 17:34:00,2025-06-22 17:41:00,2025-06-22 17:47:00,2025-06-22,2025,6,Jun,17,C1.5,C,1.5,10.0,89.0,14113.0,,GOES-P: EXIS 1.0-8.0,89.0,Northern,Near limb (>60°),13.0
2025-06-24T15:24:00-FLR-001,Solar Flare,2025-06-24 15:24:00,2025-06-24 15:45:00,2025-06-24 16:15:00,2025-06-24,2025,6,Jun,15,C3.1,C,3.1,-12.0,8.0,14117.0,,GOES-P: EXIS 1.0-8.0,8.0,Southern,Near centre (<30°),51.0
2025-06-25T19:04:00-HSS-001,High Speed Stream,2025-06-25 19:04:00,,,2025-06-25,2025,6,Jun,19,,,,,,,,"ACE: MAG, ACE: SWEPAM, DSCOVR: PLASMAG",,,,
2025-06-27T08:00:00-HSS-001,High Speed Stream,2025-06-27 08:00:00,,,2025-06-27,2025,6,Jun,8,,,,,,,,"STEREO A: PLASTIC, STEREO A: IMPACT",,,,
2025-06-28T19:40:00-FLR-001,Solar Flare,2025-06-28 19:40:00,2025-06-28 19:54:00,2025-06-28 20:01:00,2025-06-28,2025,6,Jun,19,C4.0,C,4.0,7.0,22.0,14126.0,,GOES-P: EXIS 1.0-8.0,22.0,Northern,Near centre (<30°),21.0
2025-07-05T05:38:00-HSS-001,High Speed Stream,2025-07-05 05:38:00,,,2025-07-05,2025,7,Jul,5,,,,,,,,"DSCOVR: PLASMAG, ACE: SWEPAM, ACE: MAG",,,,
2025-07-08T03:42:00-FLR-001,Solar Flare,2025-07-08 03:42:00,2025-07-08 04:17:00,2025-07-08 04:37:00,2025-07-08,2025,7,Jul,3,M2.4,M,2.4,22.0,-90.0,14136.0,,GOES-P: EXIS 1.0-8.0,90.0,Northern,Near limb (>60°),55.0
2025-07-09T04:10:00-FLR-001,Solar Flare,2025-07-09 04:10:00,2025-07-09 04:25:00,2025-07-09 04:38:00,2025-07-09,2025,7,Jul,4,M1.3,M,1.3,22.0,-75.0,14136.0,,GOES-P: EXIS 1.0-8.0,75.0,Northern,Near limb (>60°),28.0
